item_id,axis,condition,category,predicted,pct_demographic,pct_instruction,pct_item_text,pct_other_scaffolding,pct_demographic_norm,pct_instruction_norm,pct_item_text_norm,baseline_pred,flipped_vs_baseline
1710,gender,baseline,random,0,,0.17224594950675964,0.023405611515045166,0.8043484389781952,,0.8803709441784793,0.11962905582152078,0,False
1710,gender,gender_man,random,1,0.011792443692684174,0.16874925792217255,0.023025162518024445,0.7964331358671188,0.05792909245281928,0.8289623099563939,0.11310859759078688,0,True
1710,gender,gender_woman,random,1,0.012868779711425304,0.16995541751384735,0.02263392135500908,0.7945418814197183,0.06263456416494388,0.8272022477779972,0.11016318805705888,0,True
1494,gender,baseline,social-group,1,,0.1695307344198227,0.02890981175005436,0.801559453830123,,0.8543149960628217,0.14568500393717834,1,False
1494,gender,gender_man,social-group,1,0.011971024796366692,0.16679354012012482,0.02915460616350174,0.7920808289200068,0.057575377653660664,0.8022037566509629,0.14022086569537648,1,False
1494,gender,gender_woman,social-group,1,0.013093795627355576,0.16699296236038208,0.029202420264482498,0.7907108217477798,0.06256317568209802,0.7979053850511767,0.1395314392667253,1,False
4071,gender,baseline,social-group,1,,0.17208081483840942,0.030300036072731018,0.7976191490888596,,0.8502820996338488,0.14971790036615115,1,False
4071,gender,gender_man,social-group,1,0.011286563239991665,0.1680099070072174,0.030617395415902138,0.7900861343368888,0.05376759274256501,0.8003754610324547,0.14585694622498024,1,False
4071,gender,gender_woman,social-group,1,0.01250789687037468,0.16852927207946777,0.02969457395374775,0.7892682570964098,0.059354593181042706,0.7997336792140041,0.14091172760495327,1,False
99,region,baseline,random,1,,0.17616966366767883,0.027220631018280983,0.7966097053140402,,0.8661655362645971,0.13383446373540284,1,False
99,region,region_western_europe,random,1,0.01419985480606556,0.1732543706893921,0.026117607951164246,0.7864281665533781,0.06648748843378982,0.8112229402792182,0.12228957128699197,1,False
99,region,region_arab_culture,random,1,0.01909400336444378,0.1723577380180359,0.026657311245799065,0.7818909473717213,0.08754337857303665,0.7902365167381824,0.12222010468878097,1,False
548,region,baseline,random,1,,0.17856410145759583,0.025422558188438416,0.7960133403539658,,0.8753714667785009,0.12462853322149914,1,False
548,region,region_western_europe,random,1,0.016463767737150192,0.17605340480804443,0.02474426105618477,0.7827385663986206,0.07577860213956382,0.8103297575171974,0.11389164034323884,1,False
548,region,region_arab_culture,random,1,0.02116890624165535,0.17332038283348083,0.027466483414173126,0.7780442275106907,0.09537443430391056,0.7808780140729566,0.12374755162313282,1,False
143,region,baseline,random,1,,0.17389865219593048,0.022752800956368446,0.8033485468477011,,0.8842988414697994,0.11570115853020056,1,False
143,region,region_western_europe,random,1,0.01647879183292389,0.17049233615398407,0.024333667010068893,0.7886952050030231,0.07798588684728926,0.8068550273855514,0.11515908576715941,1,False
143,region,region_arab_culture,random,0,0.02745535969734192,0.15377551317214966,0.030015554279088974,0.7887535728514194,0.1299683978940441,0.727943734944172,0.1420878671617839,1,True
