model,variant,condition,mapping,n_items,rho_gap_vs_delta,p_gap_vs_delta,rho_gap_vs_delta_minus_placebo,p_gap_vs_delta_minus_placebo,q_gap_vs_delta,q_gap_vs_delta_minus_placebo
Llama-3-1-8B-Instruct,context,gender_woman,exact,236,-0.07610779563099832,0.24415167995718154,-0.03418072996973562,0.6013507734730947,0.9693705535662128,0.8963138732366408
Llama-3-1-8B-Instruct,context,region_arab_culture,exact,72,-0.17045189614804204,0.15228159404842187,-0.11168010547747753,0.3503151383809205,0.9693705535662128,0.8122859980206557
Llama-3-1-8B-Instruct,context,region_sinosphere,exact,106,-0.009671194508120973,0.9216204509594106,-0.08599485085861211,0.38075906157218237,0.9693705535662128,0.8122859980206557
Llama-3-1-8B-Instruct,context,region_western_europe,exact,73,-0.009102269397402196,0.9390777237672687,-0.13871833643330933,0.24183106400881765,0.9693705535662128,0.7882425603785724
Llama-3-1-8B-Instruct,context_long,gender_woman,exact,236,-0.11521483270545795,0.07731984145126518,0.018211139449254204,0.780780167810223,0.9693705535662128,0.8963138732366408
Llama-3-1-8B-Instruct,context_long,region_arab_culture,exact,72,-0.1518437829152459,0.2029167526861904,-0.0849579149644387,0.4779773163831645,0.9693705535662128,0.8364113923962421
Llama-3-1-8B-Instruct,context_long,region_sinosphere,exact,106,-0.008245537131787972,0.9331456021808561,-0.1078915945797,0.2709583801301343,0.9693705535662128,0.7882425603785724
Llama-3-1-8B-Instruct,context_long,region_western_europe,exact,73,-0.013452534306676775,0.9100624496611199,-0.014362518612640355,0.904006606071956,0.9693705535662128,0.9246037136137448
Llama-3-1-8B-Instruct,embedded,gender_man,exact,236,-0.0537884603483349,0.4107797123155044,-0.040824031201240944,0.5325743853501564,0.9693705535662128,0.8521190165602504
Llama-3-1-8B-Instruct,embedded,gender_woman,exact,236,0.07333048935457225,0.26183934228524286,0.07469798804049607,0.2530232249559696,0.9693705535662128,0.7882425603785724
Llama-3-1-8B-Instruct,embedded,region_arab_culture,exact,72,0.07789952649559151,0.5154206936074174,0.1499304612118454,0.20873330896171136,0.9693705535662128,0.7882425603785724
Llama-3-1-8B-Instruct,embedded,region_western_europe,exact,73,0.0006556618327676644,0.9956074386412314,-0.1424516368577823,0.22926947734634515,0.9956074386412314,0.7882425603785724
Llama-3-1-8B-Instruct,prefix,gender_man,exact,236,-0.061746799569458756,0.3449462016331618,-0.011562274257112207,0.8597551696370037,0.9693705535662128,0.9170721809461373
Llama-3-1-8B-Instruct,prefix,gender_woman,exact,236,0.03524845399633057,0.590032190000178,0.04446663160116143,0.4966192642352687,0.9693705535662128,0.8364113923962421
Llama-3-1-8B-Instruct,prefix,identity_arab,approximate,72,-0.19178390545863813,0.10655357148951967,-0.32042511115183553,0.00606831503442053,0.9693705535662128,0.19418608110145696
Llama-3-1-8B-Instruct,prefix,identity_european,approximate,73,-0.038663889646788345,0.7453595346597107,0.032427262364637034,0.7853542266090838,0.9693705535662128,0.8963138732366408
Llama-3-1-8B-Instruct,prefix,region_arab_culture,exact,72,-0.06291755441832105,0.5995482480806643,-0.18779493693880472,0.11417683435027493,0.9693705535662128,0.7882425603785724
Llama-3-1-8B-Instruct,prefix,region_indian_cultural_sphere,exact,87,-0.018772925069532397,0.8629778423445078,-0.03600492094741015,0.7405828860482019,0.9693705535662128,0.8963138732366408
Llama-3-1-8B-Instruct,prefix,region_latin_america,exact,73,-0.049540237267431925,0.6772474765122564,0.049364813687863066,0.6783275194924944,0.9693705535662128,0.8963138732366408
Llama-3-1-8B-Instruct,prefix,region_north_america,exact,70,0.04363117791731865,0.7198624642736328,0.1401838907986275,0.24708018741078444,0.9693705535662128,0.7882425603785724
Llama-3-1-8B-Instruct,prefix,region_oceania,exact,71,0.011603242872042724,0.9234900443669111,-0.10587031977208862,0.3795542705915128,0.9693705535662128,0.8122859980206557
Llama-3-1-8B-Instruct,prefix,region_sinosphere,exact,106,-0.04654900931186721,0.6356240514406372,-0.07476936880371478,0.446216718781825,0.9693705535662128,0.8364113923962421
Llama-3-1-8B-Instruct,prefix,region_sub_saharan_africa,exact,75,-0.013385776368255393,0.9092518674930826,0.11180813383967386,0.3395663851959487,0.9693705535662128,0.8122859980206557
Llama-3-1-8B-Instruct,prefix,region_western_europe,exact,73,-0.0223074134413297,0.8514032534182093,0.031794761053052775,0.7894434768054076,0.9693705535662128,0.8963138732366408
Llama-3-1-8B-Instruct,reworded,gender_man,exact,236,-0.10908197334611652,0.09455509204706034,-0.03084810024180186,0.6372883208458602,0.9693705535662128,0.8963138732366408
Llama-3-1-8B-Instruct,reworded,gender_woman,exact,236,0.06366630660260908,0.33012821366355155,0.07917647079777658,0.2255977102782337,0.9693705535662128,0.7882425603785724
Llama-3-1-8B-Instruct,reworded,region_arab_culture,exact,72,-0.0983060931090585,0.41133387837706314,-0.24439067135871845,0.03855398151757466,0.9693705535662128,0.6168637042811945
Llama-3-1-8B-Instruct,reworded,region_western_europe,exact,73,0.0337861291750963,0.7765885895375407,-0.028277436686193952,0.8122844476207057,0.9693705535662128,0.8963138732366408
Llama-3-1-8B-Instruct,suffix,gender_man,exact,236,-0.06254523664062361,0.338732064508281,-0.11288738457409839,0.08353439270262032,0.9693705535662128,0.7882425603785724
Llama-3-1-8B-Instruct,suffix,gender_woman,exact,236,0.02440623903915018,0.7091480082709138,0.051300312375242164,0.4327921776418156,0.9693705535662128,0.8364113923962421
Llama-3-1-8B-Instruct,suffix,region_arab_culture,exact,72,0.10602138435565558,0.3754136776751597,0.011351303551266791,0.9246037136137448,0.9693705535662128,0.9246037136137448
Llama-3-1-8B-Instruct,suffix,region_western_europe,exact,73,0.08387071891391545,0.48051908109513136,-0.04842491748934142,0.6841252203209007,0.9693705535662128,0.8963138732366408
Qwen2-5-7B-Instruct,context,gender_woman,exact,64,0.062440610933962776,0.6240218144798395,0.1876173484756483,0.13765649328037188,0.9960598957272607,0.8822370550643365
Qwen2-5-7B-Instruct,context,region_arab_culture,exact,21,-0.014285714285714285,0.9509932422972027,-0.03766233766233767,0.8712435420745898,0.9960598957272607,0.9376563113278062
Qwen2-5-7B-Instruct,context,region_sinosphere,exact,30,0.36600289468888386,0.04668737365875637,0.3190921228304407,0.08566302055721538,0.6555039289374888,0.8822370550643365
Qwen2-5-7B-Instruct,context,region_western_europe,exact,22,-0.07171089779785433,0.7511458887213621,-0.19260096786101236,0.39049043496072416,0.9960598957272607,0.9267077986623008
Qwen2-5-7B-Instruct,context_long,gender_woman,exact,64,0.014562940142567093,0.9090686720847173,0.07127810663957691,0.5756848581827085,0.9960598957272607,0.9275991076955419
Qwen2-5-7B-Instruct,context_long,region_arab_culture,exact,21,-0.07142857142857142,0.7583283454574847,0.1922077922077922,0.4038885272768977,0.9960598957272607,0.9267077986623008
Qwen2-5-7B-Instruct,context_long,region_sinosphere,exact,30,0.3455334318856149,0.06145349333788957,0.285682502602144,0.1259290451172564,0.6555039289374888,0.8822370550643365
Qwen2-5-7B-Instruct,context_long,region_western_europe,exact,22,-0.047995482778091486,0.8320291403130908,0.04573687182382835,0.8398323612677269,0.9960598957272607,0.9376563113278062
Qwen2-5-7B-Instruct,embedded,gender_man,exact,64,0.09211641146626391,0.46909746204024694,-0.16614194146022973,0.1894933058469753,0.9960598957272607,0.8822370550643365
Qwen2-5-7B-Instruct,embedded,gender_woman,exact,64,-0.00062968687723364,0.9960598957272607,0.07052250833597715,0.5797494423097137,0.9960598957272607,0.9275991076955419
Qwen2-5-7B-Instruct,embedded,region_arab_culture,exact,21,-0.0012987012987012987,0.9955422850919049,0.24935064935064938,0.27569907970760515,0.9960598957272607,0.8822370550643365
Qwen2-5-7B-Instruct,embedded,region_western_europe,exact,22,-0.08977978543195936,0.691125727099112,-0.1394692264257482,0.5359025820314626,0.9960598957272607,0.9275991076955419
Qwen2-5-7B-Instruct,prefix,gender_man,exact,64,0.04142099946272817,0.7451988485913991,0.057655100413017996,0.6508894716789727,0.9960598957272607,0.9376563113278062
Qwen2-5-7B-Instruct,prefix,gender_woman,exact,64,-0.04528021089925538,0.7223764577685147,0.03723038914100611,0.7702299448375596,0.9960598957272607,0.9376563113278062
Qwen2-5-7B-Instruct,prefix,identity_arab,approximate,21,0.07532467532467534,0.7455550758529895,-0.18181818181818182,0.43023793249590314,0.9960598957272607,0.9267077986623008
Qwen2-5-7B-Instruct,prefix,identity_european,approximate,22,0.015245623941276118,0.9463127607520941,-0.1044607566346697,0.6436271470407505,0.9960598957272607,0.9376563113278062
Qwen2-5-7B-Instruct,prefix,region_arab_culture,exact,21,-0.022077922077922082,0.9243230289105082,-0.26883116883116887,0.23865637920307153,0.9960598957272607,0.8822370550643365
Qwen2-5-7B-Instruct,prefix,region_indian_cultural_sphere,exact,25,0.2930769230769231,0.15508253000692168,-0.2684615384615385,0.19443833485050033,0.9925281920442988,0.8822370550643365
Qwen2-5-7B-Instruct,prefix,region_latin_america,exact,22,0.0028232636928289105,0.9900512231067919,0.25352907961603616,0.25492562245316375,0.9960598957272607,0.8822370550643365
Qwen2-5-7B-Instruct,prefix,region_north_america,exact,21,0.34155844155844156,0.12967786415595978,-0.06623376623376624,0.7754535475659063,0.9925281920442988,0.9376563113278062
Qwen2-5-7B-Instruct,prefix,region_oceania,exact,22,-0.447331280193319,0.03684921392217639,0.02428692556605141,0.9145655414573493,0.6555039289374888,0.944067655697909
Qwen2-5-7B-Instruct,prefix,region_sinosphere,exact,30,-0.03426410077938487,0.857348654342757,-0.2600956740980579,0.16510811042877294,0.9960598957272607,0.8822370550643365
Qwen2-5-7B-Instruct,prefix,region_sub_saharan_africa,exact,22,-0.033314511575381144,0.8829914722792039,0.2670807453416149,0.22952835250286968,0.9960598957272607,0.8822370550643365
Qwen2-5-7B-Instruct,prefix,region_western_europe,exact,22,0.09655561829474874,0.6690506468846464,0.03444381705251271,0.8790527918698183,0.9960598957272607,0.9376563113278062
Qwen2-5-7B-Instruct,reworded,gender_man,exact,64,0.058697594032753556,0.6449971488357356,-0.028964933289304114,0.8202681529213849,0.9960598957272607,0.9376563113278062
Qwen2-5-7B-Instruct,reworded,gender_woman,exact,64,0.0037779915179987763,0.9763634662359825,0.12955076368992166,0.3075924174254201,0.9960598957272607,0.8948143052375858
Qwen2-5-7B-Instruct,reworded,region_arab_culture,exact,21,0.07402597402597402,0.7498058787122429,-0.16103896103896104,0.4855791442852288,0.9960598957272607,0.9275991076955419
Qwen2-5-7B-Instruct,reworded,region_western_europe,exact,22,0.09432364115187408,0.676294189627637,0.17560700169395824,0.4343942806229535,0.9960598957272607,0.9267077986623008
Qwen2-5-7B-Instruct,suffix,gender_man,exact,64,0.0667239114570575,0.600379336091213,-0.005495323311804733,0.9656246675186815,0.9960598957272607,0.9656246675186815
Qwen2-5-7B-Instruct,suffix,gender_woman,exact,64,-0.046108223236802505,0.7175102706688677,-0.036635069265442674,0.7738055620183337,0.9960598957272607,0.9376563113278062
Qwen2-5-7B-Instruct,suffix,region_arab_culture,exact,21,-0.062337662337662345,0.788364072800584,-0.09090909090909091,0.6951310760397714,0.9960598957272607,0.9376563113278062
Qwen2-5-7B-Instruct,suffix,region_western_europe,exact,22,-0.12704686617730096,0.5731558222741562,-0.1326933935629588,0.5560825858858706,0.9960598957272607,0.9275991076955419
