delta_placebo_resid_sd,delta_slope_placebo,delta_slope_pooled,delta_n_placebo_lengths,delta_rho_length_vs_mean,delta_r2_length_on_means,attn_placebo_resid_sd,attn_slope_placebo,attn_slope_pooled,attn_n_placebo_lengths,attn_rho_length_vs_mean,attn_r2_length_on_means,model,variant,placebos
,-0.007765064113326159,0.002058335226968884,2,-0.030358837035945815,0.00014880644341164206,,0.006780689407372839,0.008088295137163677,2,0.8804062740424288,0.694094436774213,Llama-3-1-8B-Instruct,context,placebo_long|placebo_mid
,-0.010450844681232451,-0.004008570716589402,2,-0.15179418517972906,0.001298075815229227,,0.0031788547873008626,0.005438423918634725,2,0.8804062740424288,0.8764376280634048,Llama-3-1-8B-Instruct,context_long,placebo_long|placebo_mid
0.20896573059557302,-0.06553599038630901,-0.07610493597147475,4,-0.06272089210817242,0.08282296714870696,0.003281708265574141,0.0025886050757600605,0.003019798308620834,4,0.8467320434603276,0.7224648674962361,Llama-3-1-8B-Instruct,embedded,placebo_long|placebo_tok4|placebo_tok5|placebo_tok7
0.04296329964895423,-0.015993118675334882,-0.01677850227474135,5,0.18647469654297819,0.015566649119101994,0.006612662069021616,0.0041595675540807946,0.005360005882942049,5,0.717261600631384,0.5827439708088524,Llama-3-1-8B-Instruct,prefix,placebo_long|placebo_mid|placebo_short|placebo_tok4|placebo_tok5|placebo_tok7
0.05084756757544309,-0.006595949844456673,-0.005925906766162506,4,-0.03136044605408621,1.4677973345533779e-05,0.0051192038635739815,0.003594119581196447,0.004963985898093837,4,0.47040669081129305,0.31283076665814813,Llama-3-1-8B-Instruct,reworded,placebo_long|placebo_tok4|placebo_tok5|placebo_tok7
0.09127622824239245,-0.03947568346587587,-0.042791802077310086,4,-0.18816267632451722,0.07556477045343635,0.006154468916253177,0.00289264068094133,0.004806178433749179,4,0.6272089210817241,0.4923984563139968,Llama-3-1-8B-Instruct,suffix,placebo_long|placebo_tok4|placebo_tok5|placebo_tok7
,-0.05294588716545453,-0.03216213435421927,2,0.21251185925162072,0.03252350637542489,,0.003199595543028252,0.004087727203786681,2,0.5161002296110789,0.12505708482429445,Qwen2-5-7B-Instruct,context,placebo_long|placebo_mid
,-0.05780376695383893,-0.032601034706584424,2,0.33394720739540396,0.01870085960731449,,0.0028619957327218368,0.003462639753247803,2,0.5161002296110789,0.06378372478078986,Qwen2-5-7B-Instruct,context_long,placebo_long|placebo_mid
0.16643672825933936,-0.04856324621565456,-0.05747528077232318,4,-0.03136044605408621,0.08143067755064848,0.004001708415789378,0.003062540298950594,0.003830041674371257,4,0.8153715974062413,0.6468584161217565,Qwen2-5-7B-Instruct,embedded,placebo_long|placebo_tok4|placebo_tok5|placebo_tok7
0.21687000206252158,-0.03518150203521486,-0.034079503600798824,5,-0.08990744297607878,0.023231690404268424,0.001866305823144236,0.0032038564594573946,0.003967522079910688,5,0.8970764865835417,0.7677785375890523,Qwen2-5-7B-Instruct,prefix,placebo_long|placebo_mid|placebo_short|placebo_tok4|placebo_tok5|placebo_tok7
0.09995367491008385,-0.056054990115618715,-0.059291597461875144,4,-0.15680223027043103,0.20917573681485158,0.0016041301060446547,0.002919654717276463,0.0034721076058069015,4,0.6899298131898965,0.4623272394776843,Qwen2-5-7B-Instruct,reworded,placebo_long|placebo_tok4|placebo_tok5|placebo_tok7
0.01723015002482829,-0.0035491204552719436,-0.009123697168170544,4,-0.09408133816225861,0.002642562951554961,0.011082043095679905,0.004367941020827126,0.005987982556211593,4,0.6272089210817241,0.4743275906891281,Qwen2-5-7B-Instruct,suffix,placebo_long|placebo_tok4|placebo_tok5|placebo_tok7
