model,variant,condition,axis,is_placebo,outcome,length,length_avg_variant,n_items,mean,adj_at_avg_length_placebo_slope,adj_at_avg_length_pooled_slope,resid_mean,resid_ci_lo,resid_ci_hi,resid_z_vs_placebo_spread,t_vs_placebo_phrases,p_vs_placebo_phrases,resid_items_up,resid_items_down,resid_p,resid_min_loo,resid_max_loo,resid_q
Llama-3-1-8B-Instruct,context,gender_woman,gender,False,delta,5.0,7.5,236,0.255931174027402,0.2365185137440866,0.2610770120948242,0.37054400576481145,0.34070948307266125,0.4004916631207061,,,,225,11,1.799015510055993e-39,,,9.444831427793964e-39
Llama-3-1-8B-Instruct,context,placebo_long,placebo,True,delta,9.0,7.5,236,-0.14567308819071406,-0.13402549202072483,-0.1487605910311674,-1.8817339400426382e-18,-0.01116559581371849,0.011474561081410936,,,,123,113,0.6877305391580404,,,0.7255328001638184
Llama-3-1-8B-Instruct,context,placebo_mid,placebo,True,delta,6.0,7.5,236,-0.12237789585073558,-0.1340254920207248,-0.11929039301028226,8.93823621520253e-18,-0.011474561081410938,0.011165595813718501,,,,113,123,0.6877305056138184,,,0.7255328001638184
Llama-3-1-8B-Instruct,context,region_arab_culture,region,False,delta,9.0,7.5,236,0.2879627864034373,0.29961038257342654,0.28487528356298397,0.4336358745941512,0.40098007302469824,0.4660206386209533,,,,233,3,2.169093080702788e-40,,,2.107265056520216e-39
Llama-3-1-8B-Instruct,context,region_sinosphere,region,False,delta,9.0,7.5,236,0.2544148674124252,0.2660624635824144,0.25132736457197186,0.40008795560313914,0.3681158999115784,0.43092401823861576,,,,231,5,7.06755727314785e-40,,,4.0477828018937686e-39
Llama-3-1-8B-Instruct,context,region_western_europe,region,False,delta,7.0,7.5,236,0.2339181836804975,0.2300356516238344,0.23494735129398195,0.36406114364455916,0.33467083874949954,0.3933204936964051,,,,228,8,3.728787713086716e-39,,,1.8070278917266392e-38
Llama-3-1-8B-Instruct,context,gender_woman,gender,False,attn,5.0,7.5,236,0.139057080510141,0.15600880402857312,0.15927781835305022,0.015906419125702762,0.014082144758603025,0.017632463587539192,,,,211,25,2.064221078407451e-31,,,3.251148198491735e-31
Llama-3-1-8B-Instruct,context,placebo_long,placebo,True,attn,9.0,7.5,236,0.15027341901392954,0.14010238490287028,0.13814097630818403,-7.350523203291556e-18,-0.0005953546802569366,0.0005650053050933973,,,,118,118,0.7511162704600773,,,0.7511162704600773
Llama-3-1-8B-Instruct,context,placebo_mid,placebo,True,attn,6.0,7.5,236,0.12993135079181098,0.14010238490287025,0.1420637934975565,4.0574888082169386e-18,-0.0005650053050934019,0.0005953546802569354,,,,118,118,0.7511162704600773,,,0.7511162704600773
Llama-3-1-8B-Instruct,context,region_arab_culture,region,False,attn,9.0,7.5,236,0.16991486795567268,0.1597438338446134,0.15778242524992717,0.019641448941743078,0.017792277033083833,0.021452213223608244,,,,220,16,9.827395984751967e-36,,,1.8761392334526483e-35
Llama-3-1-8B-Instruct,context,region_sinosphere,region,False,attn,9.0,7.5,236,0.1681089758365388,0.15793794172547954,0.1559765331307933,0.01783555682260917,0.016097436182225672,0.019500746411430497,,,,217,19,4.1502920610357007e-35,,,7.263011106812477e-35
Llama-3-1-8B-Instruct,context,region_western_europe,region,False,attn,7.0,7.5,236,0.1484221622837342,0.15181250698742063,0.15246630985231605,0.011710122084550327,0.009879263397539015,0.013470201601365235,,,,192,44,8.104983657146459e-25,,,1.110030370435276e-24
Llama-3-1-8B-Instruct,context_long,gender_woman,gender,False,delta,5.0,7.5,236,0.3071995015035115,0.28107238980043037,0.297178074712038,0.48928793186208713,0.4663283891324331,0.5114823679995983,,,,236,0,1.814476965145939e-40,,,2.107265056520216e-39
Llama-3-1-8B-Instruct,context_long,placebo_long,placebo,True,delta,9.0,7.5,236,-0.2238918090835056,-0.2082155420616569,-0.21787895300862148,-7.997369245181213e-18,-0.007337892355034294,0.007117666118364905,,,,128,108,0.7025000128570305,,,0.7255328001638184
Llama-3-1-8B-Instruct,context_long,placebo_mid,placebo,True,delta,6.0,7.5,236,-0.19253927503980822,-0.2082155420616569,-0.19855213111469233,1.564191337660443e-17,-0.007117666118364895,0.007337892355034294,,,,108,128,0.7024999807281631,,,0.7255328001638184
Llama-3-1-8B-Instruct,context_long,region_arab_culture,region,False,delta,9.0,7.5,236,0.32245177193939434,0.338128038961243,0.32846462801427845,0.5463435810228999,0.5224129249716435,0.5701571013752057,,,,236,0,1.814476965145939e-40,,,2.107265056520216e-39
Llama-3-1-8B-Instruct,context_long,region_sinosphere,region,False,delta,9.0,7.5,236,0.2583491255339803,0.274025392555829,0.2643619816088644,0.4822409346174859,0.45963089227214177,0.504223907746496,,,,235,1,1.861359053070257e-40,,,2.107265056520216e-39
Llama-3-1-8B-Instruct,context_long,region_western_europe,region,False,delta,7.0,7.5,236,0.2766749155391955,0.27144949319857925,0.27467063018090077,0.47966503526023624,0.45724469948649454,0.5007245858001019,,,,236,0,1.8144953148436926e-40,,,2.107265056520216e-39
Llama-3-1-8B-Instruct,context_long,gender_woman,gender,False,attn,5.0,7.5,236,0.21281201878968303,0.2207591557579352,0.22640807858626985,-0.00852800257787611,-0.010207997820109303,-0.006791215566342474,,,,57,179,2.690331926623857e-19,,,3.5310606536938125e-19
Llama-3-1-8B-Instruct,context_long,placebo_long,placebo,True,attn,9.0,7.5,236,0.23405544051676266,0.22928715833581137,0.22589780463881057,2.940209281316622e-18,-0.0005193807810834461,0.0004883505783836172,,,,137,99,0.19850747205590746,,,0.2050159137626585
Llama-3-1-8B-Instruct,context_long,placebo_mid,placebo,True,attn,6.0,7.5,236,0.22451887615486005,0.22928715833581134,0.23267651203281214,-2.116950682547968e-18,-0.0004883505783836198,0.0005193807810834466,,,,99,137,0.19850747205590746,,,0.2050159137626585
Llama-3-1-8B-Instruct,context_long,region_arab_culture,region,False,attn,9.0,7.5,236,0.23882980223090117,0.23406152004994987,0.23067216635294907,0.004774361714138635,0.003022860734248125,0.006540733029389486,,,,164,72,7.707194860114522e-09,,,8.991727336800276e-09
Llama-3-1-8B-Instruct,context_long,region_sinosphere,region,False,attn,9.0,7.5,236,0.2375146699622989,0.2327463877813476,0.2293570340843468,0.0034592294455362818,0.0017986337242094884,0.005203404156486906,,,,149,87,3.127380425893752e-06,,,3.456578365461515e-06
Llama-3-1-8B-Instruct,context_long,region_western_europe,region,False,attn,7.0,7.5,236,0.2196693424410788,0.22125876983472922,0.22238855440039618,-0.008028388501082047,-0.009683265476946291,-0.006279085504939025,,,,54,182,7.794264520615132e-18,,,9.820773295975067e-18
Llama-3-1-8B-Instruct,embedded,gender_man,gender,False,delta,5.0,6.4,236,-0.15967690284557293,-0.2514272893864056,-0.2662238132056376,-0.047920371237152114,-0.06600628635501492,-0.030724923494247665,-0.22932167442275972,-0.1969364552096511,0.8620757879211944,87,149,6.864707032824264e-07,-0.27875953733960057,0.04823951102412015,9.201628575913376e-07
Llama-3-1-8B-Instruct,embedded,gender_woman,gender,False,delta,5.0,6.4,236,-0.10743061082942759,-0.19918099737026024,-0.21397752118949226,0.004325920778993222,-0.018877110451868805,0.027489123444569344,0.02070157995123851,0.017778065606307427,0.9874300024313177,122,114,0.5478402045269285,-0.2265132453234552,0.1004858030402655,0.6163202300927946
Llama-3-1-8B-Instruct,embedded,placebo_long,placebo,True,delta,9.0,6.4,236,-0.5195203574381148,-0.3491267824337113,-0.32164752391228046,-0.14561986428445786,-0.1652281577270303,-0.12622326151275656,-0.6968600251793767,,,52,184,7.139484097733345e-26,-0.6136837137702152,-0.04447540655557888,1.4055859317412524e-25
Llama-3-1-8B-Instruct,embedded,placebo_tok4,placebo,True,delta,4.0,6.4,236,-0.2593028483936026,-0.41658922532074427,-0.44195469472514204,-0.21308230717149085,-0.23679929388240076,-0.1903670786749944,-1.0196997687811546,,,28,208,1.2422724206460622e-33,-0.5238273384632485,-0.09402721484801091,3.010121634642381e-33
Llama-3-1-8B-Instruct,embedded,placebo_tok5,placebo,True,delta,5.0,6.4,236,0.06224706486435765,-0.029503321676474993,-0.044299845495707015,0.17400359647277847,0.15767718585253246,0.19094926966838924,0.8326896279923555,,,207,29,1.0069191988152495e-34,-0.05683556962966999,0.27016347873405067,2.537436381014429e-34
Llama-3-1-8B-Instruct,embedded,placebo_tok7,placebo,True,delta,7.0,6.4,236,-0.05812993739786858,-0.018808343166083194,-0.01246697581498376,0.18469857498317027,0.16705043459442193,0.20183827155049933,0.8838701659681759,,,213,23,4.296372266403094e-36,-0.054534059198439074,0.25945752200016775,1.1277977199308123e-35
Llama-3-1-8B-Instruct,embedded,placebo_tok9,placebo,True,delta,9.0,6.4,236,-0.5195203574381148,-0.3491267824337113,-0.32164752391228046,-0.14561986428445786,-0.1652281577270303,-0.12622326151275656,-0.6968600251793767,,,52,184,7.139484097733345e-26,-0.6136837137702152,-0.04447540655557888,1.4055859317412524e-25
Llama-3-1-8B-Instruct,embedded,region_arab_culture,region,False,delta,9.0,6.4,236,-0.011591650987580672,0.15880192401682275,0.18628118253825365,0.3623088421660761,0.3345207681602289,0.39103894004644923,1.733819421650909,1.3059098560697786,0.321584723629059,219,17,2.8449713435183796e-38,-0.10575500731968122,0.4634532998949551,9.433326033771469e-38
Llama-3-1-8B-Instruct,embedded,region_western_europe,region,False,delta,7.0,6.4,236,0.040088587701004944,0.07941018193279033,0.08575154928388976,0.28291710008204374,0.2650653130077857,0.2997368548555485,1.3538923309372402,1.1928980753569818,0.3552378731252542,231,5,3.84523484821567e-40,0.043684465900434434,0.3576760470990412,2.453464873598114e-39
Llama-3-1-8B-Instruct,embedded,religion_muslim,religion,False,delta,4.0,6.4,236,-0.29094273643756224,-0.4482291133647039,-0.47359458276910166,-0.24472219521545044,-0.27602737754059126,-0.21124606487200168,-1.1711116196802602,-0.9278128199848655,0.45145300508587305,39,197,5.3231191360846516e-27,-0.5554672265072081,-0.1256671028919705,1.1178550185777767e-26
Llama-3-1-8B-Instruct,embedded,gender_man,gender,False,attn,5.0,6.4,236,0.0246016598477595,0.028225706953823586,0.028829377479828666,-0.0073245981702824295,-0.007611689840064169,-0.0070496679077092575,-2.2319467720879134,-1.916747235594021,0.19531993404141773,0,236,1.8145136647230349e-40,-0.010179536600336252,-0.004866240049456055,6.768962128543602e-40
Llama-3-1-8B-Instruct,embedded,gender_woman,gender,False,attn,5.0,6.4,236,0.02756043098724006,0.031184478093304147,0.03178814861930923,-0.004365827030801865,-0.0046271970858182045,-0.004122347574785748,-1.330351962299749,-1.142477266032528,0.37158704851067464,0,236,1.8145136647230349e-40,-0.00722076546085569,-0.0019074689099754906,6.768962128543602e-40
Llama-3-1-8B-Instruct,embedded,placebo_long,placebo,True,attn,9.0,6.4,236,0.04277614420067147,0.03604577100369531,0.0349246685982573,0.0004954658795893092,0.00031497783651742714,0.0006784562463952633,0.1509780393299605,,,151,85,2.5534345048845735e-07,-0.000768765071586215,0.002088034778269238,2.8726138179951453e-07
Llama-3-1-8B-Instruct,embedded,placebo_tok4,placebo,True,attn,4.0,6.4,236,0.02670232516069371,0.03291497734251786,0.033949841101383715,-0.002635327781588149,-0.0027577389798538734,-0.002506728408176178,-0.8030353609531142,,,2,234,1.9339891795838866e-40,-0.00647851412973753,0.0004083537013397442,6.768962128543602e-40
Llama-3-1-8B-Instruct,embedded,placebo_tok5,placebo,True,attn,5.0,6.4,236,0.03637471557001343,0.039998762676077514,0.040602433202082594,0.004448457551971531,0.004267109268515584,0.0046505106532763515,1.3555310807596315,,,235,1,1.8378065124149424e-40,0.001593519121917708,0.006906815672797905,6.768962128543602e-40
Llama-3-1-8B-Instruct,embedded,placebo_tok7,placebo,True,attn,7.0,6.4,236,0.03479487251958933,0.03324170947413329,0.032982993534416825,-0.0023085956499726942,-0.002466617840117307,-0.00214856650366248,-0.7034737591364786,,,9,227,1.0198615423456141e-39,-0.0032430272225806903,-0.0010208842533493533,2.677136548657237e-39
Llama-3-1-8B-Instruct,embedded,placebo_tok9,placebo,True,attn,9.0,6.4,236,0.04277614420067147,0.03604577100369531,0.0349246685982573,0.0004954658795893092,0.00031497783651742714,0.0006784562463952633,0.1509780393299605,,,151,85,2.5534345048845735e-07,-0.000768765071586215,0.002088034778269238,2.8726138179951453e-07
Llama-3-1-8B-Instruct,embedded,region_arab_culture,region,False,attn,9.0,6.4,236,0.052932442073858076,0.04620206887688192,0.04508096647144391,0.010651763752775925,0.010074215990013013,0.01123451045050426,3.2457984960196877,2.444729937753579,0.13439622886651506,235,1,1.861396690173726e-40,0.009387532801600403,0.012244332651455855,6.768962128543602e-40
Llama-3-1-8B-Instruct,embedded,region_western_europe,region,False,attn,7.0,6.4,236,0.03901405114820881,0.03746088810275277,0.037202172163036305,0.0019105829786467523,0.0015696602924625156,0.0022645515694346054,0.5821915977995966,0.5129619399080105,0.6590188297940853,170,66,1.3032306108574933e-18,0.0009761514060387563,0.003198294375270093,1.6755822139596344e-18
Llama-3-1-8B-Instruct,embedded,religion_muslim,religion,False,attn,4.0,6.4,236,0.03252731827259447,0.03873997045441861,0.03977483421328447,0.003189665330312613,0.0027196838701928415,0.003635172147974306,0.9719527368635783,0.7700292564150405,0.5217989020472578,206,30,7.183947790351192e-31,-0.0006535210178367673,0.006233346813240507,1.1038749043710369e-30
Llama-3-1-8B-Instruct,prefix,gender_man,gender,False,delta,5.0,6.476190476190476,236,0.07771489957852637,0.054106010105412966,0.05294663431581295,0.08465209135691644,0.0715603553361817,0.09870731475346031,1.9703349614343917,1.7771933371167208,0.15017473908511336,187,49,2.7701963184360637e-24,0.07155393920663915,0.09807270298607376,5.1330108253374115e-24
Llama-3-1-8B-Instruct,prefix,gender_woman,gender,False,delta,5.0,6.476190476190476,236,0.05907553015671418,0.03546664068360078,0.03430726489400075,0.06601272193510425,0.05093178468461064,0.08193960390938312,1.5364909696062201,1.3858768012400766,0.23804185394923333,166,70,5.532912247386995e-14,0.05291456978482696,0.07943333356426159,8.501791989887334e-14
Llama-3-1-8B-Instruct,prefix,identity_arab,identity,False,delta,4.0,6.476190476190476,236,0.08508994692336705,0.04548793877491877,0.04354317938591228,0.07603402002642225,0.059189195389100356,0.09368627372547707,1.76974349381177,1.4868819409336613,0.211249381467247,172,64,1.7516894068628094e-15,0.05936364456243297,0.10481108752027093,2.8296521187783844e-15
Llama-3-1-8B-Instruct,prefix,identity_european,identity,False,delta,4.0,6.476190476190476,236,0.10274843116275083,0.06314642301430254,0.06120166362529606,0.09369250426580603,0.07838571414165328,0.10991906485442032,2.180756716345147,1.8322021188050575,0.14086706560615767,180,56,1.0184165267697854e-23,0.07702212880181673,0.1224695717596547,1.8331497481856136e-23
Llama-3-1-8B-Instruct,prefix,placebo_long,placebo,True,delta,9.0,6.476190476190476,236,-0.10831985422173294,-0.06795626899350682,-0.06597411038548097,-0.037410187742003304,-0.050784046680727016,-0.02434749991881614,-0.8707475461073881,,,97,139,7.094630641094954e-06,-0.13812992397047374,-0.023024009676770468,8.939234607779642e-06
Llama-3-1-8B-Instruct,prefix,placebo_mid,placebo,True,delta,6.0,6.476190476190476,236,0.044172747692061684,0.036556976894283166,0.036182984704089614,0.06710305814578665,0.05619450958467371,0.0791550294238624,1.5618692859737093,,,190,46,2.2844994672200774e-23,0.04408140415070769,0.08052366977494396,3.9978740676351357e-23
Llama-3-1-8B-Instruct,prefix,placebo_short,placebo,True,delta,5.0,6.476190476190476,236,-0.0039682287991173164,-0.027577118272230715,-0.028736494061830736,0.002968962979272782,-0.011729037571740514,0.017401415689606334,0.06910463124414723,,,112,124,0.9332026319089055,-0.010129189171004513,0.01638957460843011,0.9332026319089055
Llama-3-1-8B-Instruct,prefix,placebo_tok4,placebo,True,delta,4.0,6.476190476190476,236,-0.010859579053091801,-0.050461587201540085,-0.05240634659054657,-0.019915505950036588,-0.029211621363561775,-0.010461230634870861,-0.46354693686850823,,,82,154,4.6456803619725503e-07,-0.03658588141402586,0.008861561543812112,6.362562234875449e-07
Llama-3-1-8B-Instruct,prefix,placebo_tok5,placebo,True,delta,5.0,6.476190476190476,236,-0.05099461264750463,-0.07460350212061803,-0.07576287791021805,-0.044057420869114516,-0.05619428753089895,-0.03141485912732564,-1.0254664150356274,,,77,159,1.9840182269382114e-11,-0.057155573019391795,-0.03063680923995719,2.976027340407317e-11
Llama-3-1-8B-Instruct,prefix,placebo_tok7,placebo,True,delta,7.0,6.476190476190476,236,-0.007612335692964867,0.000765012184591499,0.0011764035938044096,0.031311093436094985,0.02045498646632636,0.04291407266940188,0.7287869807936674,,,164,72,3.345157010053539e-08,-0.017609921303447792,0.04473170506525232,4.683219814074955e-08
Llama-3-1-8B-Instruct,prefix,placebo_tok9,placebo,True,delta,9.0,6.476190476190476,236,-0.10831985422173294,-0.06795626899350682,-0.06597411038548097,-0.037410187742003304,-0.050784046680727016,-0.02434749991881614,-0.8707475461073881,,,97,139,7.094630641094954e-06,-0.13812992397047374,-0.023024009676770468,8.939234607779642e-06
Llama-3-1-8B-Instruct,prefix,region_arab_culture,region,False,delta,9.0,6.476190476190476,236,0.14420215704209977,0.1845657422703259,0.18654790087835174,0.21511182352182937,0.19453451353704718,0.23693582203050437,5.006873896545919,3.8075728890709613,0.018979674889867335,218,18,8.008670370117056e-37,0.11439208729335894,0.22949800158706218,2.4026011110351168e-36
Llama-3-1-8B-Instruct,prefix,region_indian_cultural_sphere,region,False,delta,9.0,6.476190476190476,236,0.08517520709784102,0.12553879232606716,0.127520950934093,0.15608487357757062,0.13558284612563254,0.17613744736908227,3.6329815180145246,2.762770187607641,0.05070533664770208,208,28,1.0237803026180167e-30,0.05536513734910019,0.17047105164280343,2.224074450515002e-30
Llama-3-1-8B-Instruct,prefix,region_latin_america,region,False,delta,7.0,6.476190476190476,236,0.21603805848823512,0.2244154063657915,0.2248267977750044,0.254961487617295,0.23305513361734626,0.27861941849666844,5.934401912807948,5.3526835516013795,0.005875058219795635,234,2,2.341405618355796e-40,0.20604047287775218,0.2683820992464523,2.107265056520216e-39
Llama-3-1-8B-Instruct,prefix,region_north_america,region,False,delta,7.0,6.476190476190476,236,0.10169077730122006,0.11006812517877643,0.11047951658798934,0.14061420643027991,0.12646397078425575,0.15502107236830326,3.2728912252833124,2.9520668274834163,0.04188320755751556,229,7,7.515104029705409e-39,0.09169319169073713,0.15403481805943725,3.3817968133674343e-38
Llama-3-1-8B-Instruct,prefix,region_oceania,region,False,delta,8.0,6.476190476190476,236,0.10187578854009004,0.1262462550929813,0.12744303010160066,0.15679233634448475,0.142095212970096,0.17230974940982993,3.649448194752454,3.066149774882301,0.03743321054765747,231,5,3.894388688250975e-40,0.08197196086047817,0.17021294797364211,2.453464873598114e-39
Llama-3-1-8B-Instruct,prefix,region_sinosphere,region,False,delta,9.0,6.476190476190476,236,0.07733281407410562,0.11769639930233175,0.1196785579103576,0.14824248055383527,0.13254566869434065,0.16516618977085748,3.450444490183464,2.6239564182213955,0.05855589584829451,217,19,1.697861038334979e-36,0.04752274432536482,0.16262865861906808,4.650662844134943e-36
Llama-3-1-8B-Instruct,prefix,region_sub_saharan_africa,region,False,delta,9.0,6.476190476190476,236,0.24649839999027928,0.2868619852185054,0.28884414382653123,0.3174080664700089,0.29316800631172324,0.3431718218178122,7.387888478387273,5.6182609067092795,0.004933621146431145,234,2,1.8852879717040638e-40,0.2166883302415385,0.3317942445352417,2.107265056520216e-39
Llama-3-1-8B-Instruct,prefix,region_western_europe,region,False,delta,7.0,6.476190476190476,236,0.13480664949895718,0.14318399737651355,0.14359538878572645,0.17373007862801704,0.15665714979069142,0.19140786957804712,4.043685658399978,3.647304316354017,0.021823345227087888,225,11,2.035234368918848e-38,0.12480906388847424,0.18715069025717435,7.123320291215968e-38
Llama-3-1-8B-Instruct,prefix,religion_christian,religion,False,delta,4.0,6.476190476190476,236,0.07503960791075508,0.035437599762306794,0.03349284037330031,0.06598368101381026,0.05179728523388735,0.08055489064874335,1.5358150224249913,1.290342713191648,0.2664693311942702,168,68,3.2914127122894965e-14,0.04931330554982099,0.09476074850765896,5.183975021855957e-14
Llama-3-1-8B-Instruct,prefix,religion_muslim,religion,False,delta,4.0,6.476190476190476,236,0.006046812368213529,-0.033555195780234755,-0.03549995516924124,-0.0030091145287312595,-0.02648868231881146,0.021359331466883697,-0.0700391858474144,-0.05884468622620251,0.9558982941249285,109,127,0.5964132336446275,-0.019679489992720536,0.02576795296511744,0.6591935740282725
Llama-3-1-8B-Instruct,prefix,gender_man,gender,False,attn,5.0,6.476190476190476,236,0.058917020873427796,0.06505733488183278,0.06682941051015177,0.002789863720976398,0.002461301576685123,0.003082037542296453,0.42189721656064844,0.3805408404639128,0.7228896951399858,208,28,4.566399381807927e-30,0.0014904375364415989,0.005682680585235292,6.538253660315895e-30
Llama-3-1-8B-Instruct,prefix,gender_woman,gender,False,attn,5.0,6.476190476190476,236,0.06300966830795951,0.06914998231636449,0.07092205794468348,0.006882511155508051,0.006571651796967757,0.007175056038307963,1.0408079353927064,0.9387829806621033,0.40099354661772635,233,3,2.5597076898351753e-40,0.005583084970973251,0.009775328019766945,7.330072020891639e-40
Llama-3-1-8B-Instruct,prefix,identity_arab,identity,False,attn,4.0,6.476190476190476,236,0.0640042682067436,0.07430414976922937,0.07727666372640962,0.012036678608372974,0.011750308476315021,0.012345972815910744,1.8202470476695438,1.5293134133174675,0.20092138899048456,236,0,1.8145136647230349e-40,0.008434444420758132,0.015718445526520658,6.768962128543602e-40
Llama-3-1-8B-Instruct,prefix,identity_european,identity,False,attn,4.0,6.476190476190476,236,0.05817206675987062,0.0684719483223564,0.07144446227953664,0.006204477161499956,0.005936115300331028,0.00649016709507444,0.9382722263347031,0.7883063471598636,0.4746091795986102,235,1,2.5273245591212298e-40,0.002602242973885114,0.00988624407964764,7.330072020891639e-40
Llama-3-1-8B-Instruct,prefix,placebo_long,placebo,True,attn,9.0,6.476190476190476,236,0.0774483318126739,0.0669503756047557,0.06392069791762968,0.0046829044438993,0.004071769957054855,0.005383352365258043,0.7081723510168976,,,218,18,4.465549441783208e-37,0.0010366844273730872,0.01729072410055125,9.075148865559423e-37
Llama-3-1-8B-Instruct,prefix,placebo_mid,placebo,True,attn,6.0,6.476190476190476,236,0.05482803581027366,0.056808782264597846,0.05738041956405559,-0.005458688896258581,-0.005646720503350701,-0.005274738040181097,-0.8254903757793611,,,0,236,1.8145136647230349e-40,-0.007174557139329743,-0.0025769015461667077,6.768962128543602e-40
Llama-3-1-8B-Instruct,prefix,placebo_short,placebo,True,attn,5.0,6.476190476190476,236,0.06585754115041322,0.0719978551588182,0.07376993078713719,0.009730383997961741,0.00944657583006619,0.010010971723820554,1.4714775829156217,,,236,0,1.8145136647230349e-40,0.008430957813426941,0.012623200862220636,6.768962128543602e-40
Llama-3-1-8B-Instruct,prefix,placebo_tok4,placebo,True,attn,4.0,6.476190476190476,236,0.04936873722930104,0.059668618791786816,0.06264113274896707,-0.002598852369069605,-0.002871508050923475,-0.0023278416589828156,-0.3930115197092056,,,13,223,6.230580242902962e-39,-0.006201086556684449,0.0010829145490780785,1.4018805546531663e-38
Llama-3-1-8B-Instruct,prefix,placebo_tok5,placebo,True,attn,5.0,6.476190476190476,236,0.057707300600122725,0.06384761460852771,0.0656196902368467,0.0015801434476712512,0.0013365063826211675,0.0018060723857363608,0.23895723555476397,,,200,36,5.674116461710787e-25,0.0002807172631364525,0.004472960311930147,7.943763046395103e-25
Llama-3-1-8B-Instruct,prefix,placebo_tok7,placebo,True,attn,7.0,6.476190476190476,236,0.05651040163640892,0.05433158053665232,0.0537027795072488,-0.007935890624204106,-0.008144442431390916,-0.007748112883643527,-1.2001052739987166,,,0,236,1.8145136647230349e-40,-0.010295209458426945,-0.0018120925052588712,6.768962128543602e-40
Llama-3-1-8B-Instruct,prefix,placebo_tok9,placebo,True,attn,9.0,6.476190476190476,236,0.0774483318126739,0.0669503756047557,0.06392069791762968,0.0046829044438993,0.004071769957054855,0.005383352365258043,0.7081723510168976,,,218,18,4.465549441783208e-37,0.0010366844273730872,0.01729072410055125,9.075148865559423e-37
Llama-3-1-8B-Instruct,prefix,region_arab_culture,region,False,attn,9.0,6.476190476190476,236,0.09702951971590378,0.08653156350798558,0.08350188582085956,0.024264092347129153,0.023243323962036173,0.025308751697719716,3.669338020583165,2.790418184418045,0.049291000494459856,236,0,1.8145136647230349e-40,0.020617872330602936,0.03687191200378111,6.768962128543602e-40
Llama-3-1-8B-Instruct,prefix,region_indian_cultural_sphere,region,False,attn,9.0,6.476190476190476,236,0.0926940548519833,0.0821960986440651,0.07916642095693908,0.019928627483208703,0.01884094125432193,0.02103703780289694,3.013707229433133,2.2918312263272558,0.08368811475174523,236,0,1.8145136647230349e-40,0.01628240746668249,0.032536447139860654,6.768962128543602e-40
Llama-3-1-8B-Instruct,prefix,region_latin_america,region,False,attn,7.0,6.476190476190476,236,0.08569696464262405,0.08351814354286745,0.08288934251346393,0.02125067238201099,0.02059614321981467,0.021911412652782458,3.213633504963782,2.898617831355403,0.044179141482593345,236,0,1.8145136647230349e-40,0.018891353547788148,0.027374470500956222,6.768962128543602e-40
Llama-3-1-8B-Instruct,prefix,region_north_america,region,False,attn,7.0,6.476190476190476,236,0.06671530511194189,0.06453648401218529,0.06390768298278177,0.002269012851328846,0.0020172337705637415,0.0025084182788737888,0.34313152972968425,0.3094961416846221,0.7723965178148244,215,21,5.562224478905724e-33,-9.03059828939944e-05,0.008392810970274082,9.470814653271909e-33
Llama-3-1-8B-Instruct,prefix,region_oceania,region,False,attn,8.0,6.476190476190476,236,0.07128592677477535,0.06494753812093795,0.06311829876267319,0.0026800669600814905,0.002326344846661525,0.0030589061227902603,0.4052931984286357,0.3405143963709786,0.7506012549412016,206,30,6.167016982814497e-33,-0.0003227024652930378,0.012045875847880083,1.0224264997824035e-32
Llama-3-1-8B-Instruct,prefix,region_sinosphere,region,False,attn,9.0,6.476190476190476,236,0.0829596774443171,0.07246172123639891,0.06943204354927289,0.010194250075542506,0.009114601140965062,0.011359241888575362,1.5416257430270905,1.172358742306901,0.3061099210950542,227,9,1.1282888601698086e-39,0.006548030059016293,0.022802069732194463,2.8432879276279177e-39
Llama-3-1-8B-Instruct,prefix,region_sub_saharan_africa,region,False,attn,9.0,6.476190476190476,236,0.0849594025289487,0.0744614463210305,0.07143176863390448,0.012193975160174116,0.011620086864432104,0.012780830079640159,1.8440342229643516,1.402331047067486,0.23345638070382488,236,0,1.8145136647230349e-40,0.008547755143647905,0.02480179481682607,6.768962128543602e-40
Llama-3-1-8B-Instruct,prefix,region_western_europe,region,False,attn,7.0,6.476190476190476,236,0.070477293092325,0.0682984719925684,0.06766967096316488,0.00603100083171198,0.005748006078739515,0.006312759255050956,0.9120382636768105,0.8226359259351256,0.45692720247502805,234,2,2.3117696501520606e-40,0.0036716819974891395,0.012154798950657212,7.282074397978991e-40
Llama-3-1-8B-Instruct,prefix,religion_christian,religion,False,attn,4.0,6.476190476190476,236,0.058784827707123816,0.06908470926960959,0.07205722322678984,0.006817238108753151,0.006525536443208821,0.007087214613512267,1.0309370171341303,0.8661603437880996,0.435265087140021,234,2,2.0877267975220074e-40,0.0032150039211383086,0.010499005026900834,6.92246253915192e-40
Llama-3-1-8B-Instruct,prefix,religion_muslim,religion,False,attn,4.0,6.476190476190476,236,0.07374374765958185,0.08404362922206762,0.08701614317924787,0.021776158061211172,0.021343320486172705,0.02219428172102863,3.293100090994532,2.766757483278282,0.050498493002942395,236,0,1.8145136647230349e-40,0.01817392387359633,0.025457924979358854,6.768962128543602e-40
Llama-3-1-8B-Instruct,reworded,gender_man,gender,False,delta,5.0,6.4,236,0.053721302299428786,0.044486972517189444,0.04542503282680128,0.16072832651763938,0.14507606076252055,0.1771654522628801,3.1609835864648788,2.7145838005118796,0.11313515504725993,225,11,1.2688325063155084e-38,0.12235055796240836,0.20644299978670516,4.996027993617315e-38
Llama-3-1-8B-Instruct,reworded,gender_woman,gender,False,delta,5.0,6.4,236,0.018926513941674415,0.009692184159435069,0.010630244469046904,0.12593353815988498,0.10940127968100324,0.14318887375683195,2.4766875617606683,2.126925290872426,0.16727511423561908,206,30,3.566130784441301e-32,0.08755576960465401,0.17164821142895081,8.023794264992926e-32
Llama-3-1-8B-Instruct,reworded,placebo_long,placebo,True,delta,9.0,6.4,236,-0.1395390696421076,-0.12238960004652026,-0.1241317120500851,-0.006148246046070344,-0.01791780871487571,0.005879517925168199,-0.12091524411562311,,,119,117,0.3384571434619216,-0.025910465479867893,0.012139805321477558,0.38768727342001924
Llama-3-1-8B-Instruct,reworded,placebo_tok4,placebo,True,delta,4.0,6.4,236,-0.05821291443307774,-0.07404319405977375,-0.07243509067186775,0.04219815994067616,0.03031115996485679,0.05376971135756573,0.8298953510030994,,,153,83,3.2134622852379356e-10,-0.005317172556276464,0.10373714318749556,4.708095906278836e-10
Llama-3-1-8B-Instruct,reworded,placebo_tok5,placebo,True,delta,5.0,6.4,236,-0.17645251017529517,-0.18568683995753452,-0.1847487796479227,-0.06944548595708461,-0.0818376907999956,-0.05674793262852456,-1.3657582706202727,,,51,185,9.6339125705967e-22,-0.10782325451231554,-0.023730812688018733,1.6403688971556544e-21
Llama-3-1-8B-Instruct,reworded,placebo_tok7,placebo,True,delta,7.0,6.4,236,-0.08680335184464515,-0.08284578193797114,-0.08324780778494764,0.03339557206247878,0.023508222902083757,0.04362452724655819,0.6567781637327961,,,159,77,1.4145971686417164e-09,0.013292931390691128,0.04746162537603749,2.02544594600973e-09
Llama-3-1-8B-Instruct,reworded,placebo_tok9,placebo,True,delta,9.0,6.4,236,-0.1395390696421076,-0.12238960004652026,-0.1241317120500851,-0.006148246046070344,-0.01791780871487571,0.005879517925168199,-0.12091524411562311,,,119,117,0.3384571434619216,-0.025910465479867893,0.012139805321477558,0.38768727342001924
Llama-3-1-8B-Instruct,reworded,region_arab_culture,region,False,delta,9.0,6.4,236,0.1244504467615763,0.14159991635716365,0.13985780435359882,0.2578412703576135,0.2345589167899723,0.28147457544701027,5.070867352210144,3.819368713593171,0.062221858874846714,225,11,1.0395151077293337e-38,0.23807905092381598,0.27612932172516147,4.3659634524632016e-38
Llama-3-1-8B-Instruct,reworded,region_western_europe,region,False,delta,7.0,6.4,236,0.10883922296402565,0.11279679287069966,0.11239476702372315,0.22903814687114957,0.2098624475298813,0.24886361453284903,4.504407148509576,3.9687783845866123,0.05801721219193936,234,2,2.9443363710116332e-40,0.20893550619936188,0.24310420018470827,2.318664892171661e-39
Llama-3-1-8B-Instruct,reworded,religion_muslim,religion,False,delta,4.0,6.4,236,-0.0400796833267323,-0.055909962953428316,-0.05430185956552232,0.0603313910470216,0.03518435022105771,0.08765429255349488,1.1865147916369305,0.9400159782233021,0.4464390254696752,137,99,0.0001710095206769416,0.012816058550068973,0.12187037429384102,0.00021124705495386903
Llama-3-1-8B-Instruct,reworded,gender_man,gender,False,attn,5.0,6.4,236,0.07465821888217733,0.07968998629585236,0.0816077991395087,0.005121439641043526,0.004768512826539937,0.005444591754742432,1.0004367431985768,0.8591532674046344,0.48079068275018005,224,12,1.1202310768133541e-38,0.003176262874688511,0.006649800082584786,2.433605442732459e-38
Llama-3-1-8B-Instruct,reworded,gender_woman,gender,False,attn,5.0,6.4,236,0.0779435868046539,0.08297535421832893,0.08489316706198527,0.008406807563520089,0.00806984109713092,0.008732550833059623,1.6422099583373224,1.410294115107173,0.293875120195501,235,1,6.718540554792049e-40,0.006461630797165074,0.00993516800506135,1.8402958910952134e-39
Llama-3-1-8B-Instruct,reworded,placebo_long,placebo,True,attn,9.0,6.4,236,0.08781635978168673,0.07847164887057596,0.07490999644664276,0.0039031022157672104,0.0033825791960080203,0.004464102196988173,0.7624432079253536,,,211,25,2.6437113489698676e-35,-0.00016408556842963698,0.01644878790930467,4.758680428145762e-35
Llama-3-1-8B-Instruct,reworded,placebo_tok4,placebo,True,attn,4.0,6.4,236,0.06670099139811335,0.07532687839298483,0.07861455755353856,0.0007583317381759985,0.0005420298085372504,0.0009743166728784462,0.14813470187658592,,,176,60,3.482419978622577e-12,-0.002029598415943438,0.002650587522941356,4.219085743331199e-12
Llama-3-1-8B-Instruct,reworded,placebo_tok5,placebo,True,attn,5.0,6.4,236,0.072302383849637,0.07733415126331203,0.07925196410696837,0.0027656046085032136,0.0025238713258336027,0.0029819760477777456,0.5402411551104749,,,218,18,7.552136212486759e-36,0.0008204278421481978,0.0042939650500444715,1.4868268168333308e-35
Llama-3-1-8B-Instruct,reworded,placebo_tok7,placebo,True,attn,7.0,6.4,236,0.0692979798410803,0.06714150809236243,0.066319588302224,-0.007427038562446421,-0.0076163564773666075,-0.007242378220115085,-1.4508190649124142,,,0,236,1.8145136647230349e-40,-0.010433220837722348,-0.0010147992079717165,6.768962128543602e-40
Llama-3-1-8B-Instruct,reworded,placebo_tok9,placebo,True,attn,9.0,6.4,236,0.08781635978168673,0.07847164887057596,0.07490999644664276,0.0039031022157672104,0.0033825791960080203,0.004464102196988173,0.7624432079253536,,,211,25,2.6437113489698676e-35,-0.00016408556842963698,0.01644878790930467,4.758680428145762e-35
Llama-3-1-8B-Instruct,reworded,region_arab_culture,region,False,attn,9.0,6.4,236,0.11215425048894424,0.10280953957783348,0.09924788715390027,0.028240992923024726,0.027106534945515195,0.029394127743812587,5.5166767481122,4.155151596612592,0.05332881858075934,236,0,1.8145136647230349e-40,0.02417380513882788,0.04078667861656218,6.768962128543602e-40
Llama-3-1-8B-Instruct,reworded,region_western_europe,region,False,attn,7.0,6.4,236,0.08231988417597867,0.0801634124272608,0.07934149263712237,0.0055948657724519705,0.0052732004438722545,0.00592524766925538,1.0929171647690359,0.962956028767126,0.43717419166334315,234,2,2.8291674390275204e-39,0.0025886834971760456,0.012007105126926678,6.601390691064214e-39
Llama-3-1-8B-Instruct,reworded,religion_muslim,religion,False,attn,4.0,6.4,236,0.09300483145291079,0.10163071844778226,0.104918397608336,0.027062171792973506,0.02647958448164144,0.02765597124246919,5.286402439554341,4.188150704504925,0.05255658185076212,236,0,1.8145136647230349e-40,0.024274241638854072,0.02895442757773887,6.768962128543602e-40
Llama-3-1-8B-Instruct,suffix,gender_man,gender,False,delta,5.0,6.4,236,-0.27528336415756927,-0.3305493210097955,-0.3351918870658034,-0.027666309262277367,-0.04046852155293487,-0.014781578426323815,-0.30310530786621603,-0.26030023126535395,0.8189806975524837,77,159,7.035167391960913e-07,-0.13355735276641073,0.03960963301568762,9.233657201948698e-07
Llama-3-1-8B-Instruct,suffix,gender_woman,gender,False,delta,5.0,6.4,236,-0.3014563738163245,-0.35672233066855075,-0.3613648967245586,-0.05383931892103259,-0.06796546896998008,-0.03968432520701813,-0.5898503910356299,-0.5065506581834663,0.6627932877240514,45,191,8.818453761546299e-17,-0.15973036242516594,0.013436623356932402,1.4620068078353073e-16
Llama-3-1-8B-Instruct,suffix,placebo_long,placebo,True,delta,9.0,6.4,236,-0.4304007373274683,-0.32776396031619104,-0.3191420519264621,-0.02488094856867291,-0.03786031378339795,-0.011931495711764802,-0.2725895783357662,,,116,120,0.011291920673697945,-0.10485542611083581,0.015846375855993772,0.01342247174420699
Llama-3-1-8B-Instruct,suffix,placebo_tok4,placebo,True,delta,4.0,6.4,236,-0.30588695004861605,-0.40062859036671816,-0.40858727503416026,-0.09774557861920001,-0.10687650843309175,-0.08894956978049842,-1.0708766181664255,,,18,218,1.9214148452252585e-37,-0.2402912141055334,-0.014451554846481463,6.052456762459564e-37
Llama-3-1-8B-Instruct,suffix,placebo_tok5,placebo,True,delta,5.0,6.4,236,-0.12587963553516476,-0.181145592387391,-0.1857881584433989,0.12173741936012712,0.10694114981533659,0.13629605903499925,1.3337253489138723,,,194,42,6.31004292468606e-33,0.01584637585599378,0.18901336163809213,1.472343349093414e-32
Llama-3-1-8B-Instruct,suffix,placebo_tok7,placebo,True,delta,7.0,6.4,236,-0.32567931399929784,-0.3019939039197723,-0.3000042327529118,0.0008891078277458128,-0.006157876063891223,0.00809923114159755,0.009740847588319545,,,120,116,0.8638761837678104,-0.039986736249359674,0.03612888711620367,0.8778096706027751
Llama-3-1-8B-Instruct,suffix,placebo_tok9,placebo,True,delta,9.0,6.4,236,-0.4304007373274683,-0.32776396031619104,-0.3191420519264621,-0.02488094856867291,-0.03786031378339795,-0.011931495711764802,-0.2725895783357662,,,116,120,0.011291920673697945,-0.10485542611083581,0.015846375855993772,0.01342247174420699
Llama-3-1-8B-Instruct,suffix,region_arab_culture,region,False,delta,9.0,6.4,236,-0.2743638530709007,-0.17172707605962348,-0.16310516766989452,0.1311559356878946,0.10827681060874612,0.15239264924566515,1.4369123068889076,1.0822799193744415,0.3922584981627425,198,38,1.340486013818157e-24,0.051181458145731745,0.17188326011256133,2.5591096627437546e-24
Llama-3-1-8B-Instruct,suffix,region_western_europe,region,False,delta,7.0,6.4,236,-0.17454306864953142,-0.1508576585700059,-0.14886798740314539,0.15202535317751223,0.1376408033855559,0.16600228310376897,1.6655525332816652,1.4674980912125013,0.27994148618810644,222,14,1.6176824111044117e-36,0.11114950910040675,0.1872651324659701,4.632454177253543e-36
Llama-3-1-8B-Instruct,suffix,religion_muslim,religion,False,delta,4.0,6.4,236,-0.4193109502545158,-0.5140525905726179,-0.5220112752400601,-0.21116957882509985,-0.22991807304156922,-0.19245543157595532,-2.313522183063037,-1.832887236958084,0.20827456539776024,10,226,1.4732233862500258e-38,-0.35371521431143316,-0.12787555505238124,5.459592549044213e-38
Llama-3-1-8B-Instruct,suffix,gender_man,gender,False,attn,5.0,6.4,236,0.14355835017017476,0.14760804712349263,0.15028699997742362,-0.0014265017302020244,-0.0021354707343088706,-0.0006950310704279411,-0.23178307496765693,-0.19905025234366966,0.8606240005236679,101,135,0.0006019235939928404,-0.0037206426321550225,0.001997972005861755,0.0006538135589922232
Llama-3-1-8B-Instruct,suffix,gender_woman,gender,False,attn,5.0,6.4,236,0.15555836922935198,0.15960806618266984,0.16228701903660084,0.01057351732897515,0.009337954933841461,0.011819556080259587,1.718022703965865,1.4754004484765684,0.27808222689071416,195,41,1.784733086626858e-31,0.008279376427022152,0.013997991065038927,2.8830303707049246e-31
Llama-3-1-8B-Instruct,suffix,placebo_long,placebo,True,attn,9.0,6.4,236,0.16172540133409502,0.15420453556364758,0.14922933740634717,0.005169986709952955,0.004560688844397962,0.005777069145021055,0.840037829470496,,,208,28,1.816972620926177e-30,0.00037314664223305985,0.0217878011348017,2.6620761655430037e-30
Llama-3-1-8B-Instruct,suffix,placebo_tok4,placebo,True,attn,4.0,6.4,236,0.14525326389887885,0.15219560153313805,0.15678809213987688,0.0031610526794434803,0.002377398515338467,0.003939831737250064,0.5136190827279244,,,173,63,1.4808508995551887e-14,-0.0005317949705229097,0.0077709211702985505,1.82928640533288e-14
Llama-3-1-8B-Instruct,suffix,placebo_tok5,placebo,True,attn,5.0,6.4,236,0.1454132595911645,0.14946295654448236,0.15214190939841335,0.0004284076907877166,-6.82640089433652e-05,0.0009433266988461543,0.0696092053786064,,,131,105,0.08352092415618516,-0.0018657332111652809,0.003852881426851496,0.0891833596921977
Llama-3-1-8B-Instruct,suffix,placebo_tok7,placebo,True,attn,7.0,6.4,236,0.1420106861820752,0.1402751017735104,0.1391269791218257,-0.008759447080184151,-0.009228424114123916,-0.008290184890905218,-1.4232661175770267,,,4,232,1.6892187666725264e-39,-0.012304937565020572,-0.00026589748526144595,4.09310701155266e-39
Llama-3-1-8B-Instruct,suffix,placebo_tok9,placebo,True,attn,9.0,6.4,236,0.16172540133409502,0.15420453556364758,0.14922933740634717,0.005169986709952955,0.004560688844397962,0.005777069145021055,0.840037829470496,,,208,28,1.816972620926177e-30,0.00037314664223305985,0.0217878011348017,2.6620761655430037e-30
Llama-3-1-8B-Instruct,suffix,region_arab_culture,region,False,attn,9.0,6.4,236,0.1914445279880258,0.18392366221757836,0.17894846406027795,0.03488911336388372,0.033722447088877276,0.03605679786770142,5.66890723450499,4.2698113415042185,0.050714361368036434,236,0,1.8145136647230349e-40,0.030092273296163836,0.05150692778873246,6.768962128543602e-40
Llama-3-1-8B-Instruct,suffix,region_western_europe,region,False,attn,7.0,6.4,236,0.15340455662402055,0.15166897221545575,0.15052084956377104,0.0026344233617611895,0.0018436941296042081,0.0034121958029490343,0.4280504780524619,0.37715007298323167,0.742320473804984,151,85,3.2855275836778823e-09,-0.000911067123075229,0.011127972956683897,3.9054384485227655e-09
Llama-3-1-8B-Instruct,suffix,religion_muslim,religion,False,attn,4.0,6.4,236,0.14648725366449108,0.15342959129875028,0.1580220819054891,0.0043950424450555844,0.0035998378011150183,0.0051753626471006745,0.7141221289539429,0.5657630367114369,0.6285653984978034,178,58,6.2587140361531e-20,0.0007021947950891947,0.009004910935910654,8.38934009101373e-20
Qwen2-5-7B-Instruct,context,gender_woman,gender,False,delta,5.0,7.5,64,0.4621795335551724,0.32981481564153603,0.3817741976696242,-0.044291071525852536,-0.11808418612393631,0.024618560776677092,,,,24,40,0.08090852940233066,,,0.09802379523743907
Qwen2-5-7B-Instruct,context,placebo_long,placebo,True,delta,9.0,7.5,64,0.2946870564192068,0.3741058871673886,0.34293025795053567,1.3010426069826053e-18,-0.025095470376254526,0.025778532002004792,,,,40,24,0.6589413132631801,,,0.6589413132631801
Qwen2-5-7B-Instruct,context,placebo_mid,placebo,True,delta,6.0,7.5,64,0.45352471791557036,0.3741058871673886,0.4052815163842415,-5.204170427930421e-18,-0.025778532002004795,0.0250954703762545,,,,24,40,0.6589404202557054,,,0.6589413132631801
Qwen2-5-7B-Instruct,context,region_arab_culture,region,False,delta,9.0,7.5,64,0.5203177771472838,0.5997366078954656,0.5685609786786127,0.225630720728077,0.17869053552713013,0.2755033054272644,,,,63,1,3.696686092064686e-12,,,5.120473383381901e-11
Qwen2-5-7B-Instruct,context,region_sinosphere,region,False,delta,9.0,7.5,64,0.48901279372512363,0.5684316244733054,0.5372559952564525,0.19432573730591685,0.13314368009159808,0.2537916907807812,,,,59,5,2.4414774566658793e-08,,,4.80665874281095e-08
Qwen2-5-7B-Instruct,context,region_western_europe,region,False,delta,7.0,7.5,64,0.49884438840672374,0.47237144482399646,0.48276332122961413,0.09826555765660791,0.032980721920951805,0.16020717080294467,,,,38,26,0.0004936290214802589,,,0.0007067870080285525
Qwen2-5-7B-Instruct,context,gender_woman,gender,False,attn,5.0,7.5,64,0.11576449407780513,0.12376348293537576,0.12598381208727183,0.03533074726133273,0.03425521146494416,0.036400626251646084,,,,64,0,3.5254980732707397e-12,,,5.6802737512213464e-12
Qwen2-5-7B-Instruct,context,placebo_long,placebo,True,attn,9.0,7.5,64,0.09323212898858536,0.08843273567404299,0.08710053818290533,2.168404344971009e-18,-0.00017238715761890263,0.00018261409535862618,,,,29,35,0.9147889200699726,,,0.9147889200699726
Qwen2-5-7B-Instruct,context,placebo_mid,placebo,True,attn,6.0,7.5,64,0.08363334235950066,0.08843273567404304,0.0897649331651807,-4.336808689942018e-19,-0.0001826140953586246,0.0001723871576189038,,,,35,29,0.9147889200699726,,,0.9147889200699726
Qwen2-5-7B-Instruct,context,region_arab_culture,region,False,attn,9.0,7.5,64,0.14196470129652633,0.13716530798198395,0.13583311049084631,0.04873257230794103,0.04681756258682145,0.050474029796526265,,,,64,0,3.5254980732707397e-12,,,5.6802737512213464e-12
Qwen2-5-7B-Instruct,context,region_sinosphere,region,False,attn,9.0,7.5,64,0.12882805401544012,0.12402866070089774,0.1226964632097601,0.03559592502685471,0.03425789948670914,0.036919801303678924,,,,64,0,3.5254980732707397e-12,,,5.6802737512213464e-12
Qwen2-5-7B-Instruct,context,region_western_europe,region,False,attn,7.0,7.5,64,0.12422347889335021,0.12582327666486434,0.12626734249524355,0.03739054099082132,0.036064821073446995,0.03871091304222423,,,,64,0,3.5254980732707397e-12,,,5.6802737512213464e-12
Qwen2-5-7B-Instruct,context_long,gender_woman,gender,False,delta,5.0,7.5,64,0.5058378892426845,0.36132847185808714,0.4243353024762234,0.12035948989159806,0.03737574768513241,0.20620087341976612,,,,35,29,0.006234438796034158,,,0.008182700919794833
Qwen2-5-7B-Instruct,context_long,placebo_long,placebo,True,delta,9.0,7.5,64,0.15426333153573069,0.24096898196648908,0.2031648835956073,2.6020852139652106e-18,-0.0312564591543719,0.02993846527178901,,,,40,24,0.5697365832615828,,,0.6083627922962664
Qwen2-5-7B-Instruct,context_long,placebo_mid,placebo,True,delta,6.0,7.5,64,0.3276746323972475,0.24096898196648908,0.27877308033737086,-2.6020852139652106e-18,-0.02993846527178903,0.03125645915437189,,,,24,40,0.5697355046347843,,,0.6083627922962664
Qwen2-5-7B-Instruct,context_long,region_arab_culture,region,False,delta,9.0,7.5,64,0.5413215924927499,0.6280272429235083,0.5902231445526266,0.38705826095701923,0.3177706467986354,0.46008554165524623,,,,64,0,3.5254980732707397e-12,,,5.120473383381901e-11
Qwen2-5-7B-Instruct,context_long,region_sinosphere,region,False,delta,9.0,7.5,64,0.5215353693056386,0.608241019736397,0.5704369213655153,0.3672720377699079,0.2870361962959237,0.4504948227898012,,,,63,1,5.129439518699387e-11,,,2.692955747317178e-10
Qwen2-5-7B-Instruct,context_long,region_western_europe,region,False,delta,7.0,7.5,64,0.5115713289778796,0.48266944550096014,0.4952708116245874,0.24170046353447106,0.15766539652713618,0.32711489907133,,,,48,16,2.433433270247757e-07,,,4.3801798864459626e-07
Qwen2-5-7B-Instruct,context_long,gender_woman,gender,False,attn,5.0,7.5,64,0.17292648385924858,0.18008147319105317,0.18158308324236808,0.045012207787541586,0.04343060012346434,0.04659541955099495,,,,64,0,3.5254980732707397e-12,,,5.6802737512213464e-12
Qwen2-5-7B-Instruct,context_long,placebo_long,placebo,True,attn,9.0,7.5,64,0.13936225900259433,0.13506926540351158,0.13416829937272262,5.204170427930421e-18,-0.00022140944791651014,0.0002127537513089845,,,,34,30,0.6019311978991376,,,0.6216666470105847
Qwen2-5-7B-Instruct,context_long,placebo_mid,placebo,True,attn,6.0,7.5,64,0.1307762718044288,0.13506926540351155,0.1359702314343005,-4.336808689942018e-18,-0.0002127537513089836,0.0002214094479165087,,,,30,34,0.6019311978991376,,,0.6216666470105847
Qwen2-5-7B-Instruct,context_long,region_arab_culture,region,False,attn,9.0,7.5,64,0.19424961916581446,0.1899566255667317,0.18905565953594275,0.0548873601632201,0.052928942508817564,0.05671612964399568,,,,64,0,3.5254980732707397e-12,,,5.6802737512213464e-12
Qwen2-5-7B-Instruct,context_long,region_sinosphere,region,False,attn,9.0,7.5,64,0.183298172433437,0.17900517883435424,0.17810421280356528,0.04393591343084264,0.042337343617886325,0.04546412408696407,,,,64,0,3.5254980732707397e-12,,,5.6802737512213464e-12
Qwen2-5-7B-Instruct,context_long,region_western_europe,region,False,attn,7.0,7.5,64,0.17982144272385503,0.18125244059021595,0.18155276260047892,0.04618317518670426,0.04459885529406322,0.04773885080500153,,,,64,0,3.5254980732707397e-12,,,5.6802737512213464e-12
Qwen2-5-7B-Instruct,embedded,gender_man,gender,False,delta,5.0,6.4,64,0.1477959674957674,0.079807422793851,0.06733057441451493,0.10800184776273791,0.05449352744537801,0.15932827988832396,0.6489063375149442,0.5572666177104597,0.6333888151519227,43,21,0.0002541265344132872,-0.06267511085464622,0.16879571139373326,0.0003811898016199308
Qwen2-5-7B-Instruct,embedded,gender_woman,gender,False,delta,5.0,6.4,64,0.14674025957356207,0.07875171487164567,0.0662748664923096,0.10694613984053258,0.04192045712209047,0.17100460628705483,0.6425633389878381,0.5518193888409137,0.6364968634262614,41,23,0.003625120078912418,-0.06373081877685155,0.1677400034715279,0.004859203510031539
Qwen2-5-7B-Instruct,embedded,placebo_long,placebo,True,delta,9.0,6.4,64,-0.2807728641173526,-0.15450842395665074,-0.13133713410931233,-0.12631399898776377,-0.17585825391455015,-0.07186736229426265,-0.7589310382918791,,,18,46,1.4675524855373756e-05,-0.5323232814484332,-0.031108227732299064,2.3706617074065297e-05
Qwen2-5-7B-Instruct,embedded,placebo_tok4,placebo,True,delta,4.0,6.4,64,-0.06919059585197829,-0.18574238676954924,-0.20713126970555396,-0.15754796180066233,-0.19651655961258693,-0.11961871983115768,-0.9465937203185905,,,12,52,4.315332758772836e-09,-0.3873054060932948,-0.06732367680940245,1.0456383223180335e-08
Qwen2-5-7B-Instruct,embedded,placebo_tok5,placebo,True,delta,5.0,6.4,64,0.14980206344625913,0.08181351874434273,0.06933667036500665,0.11000794371322964,0.0708261112024547,0.14518023551139994,0.660959542186006,,,51,13,2.708307030573161e-07,-0.060669014904154495,0.17080180734422498,4.7395373035030314e-07
Qwen2-5-7B-Instruct,embedded,placebo_tok7,placebo,True,delta,7.0,6.4,64,0.11652164437691681,0.14565959210630952,0.1510068128403107,0.17385401707519646,0.14011802977241428,0.21173168206518833,1.0445652164244636,,,58,6,4.782899667369279e-10,-0.03366183840470126,0.24422350017706168,1.562535675910502e-09
Qwen2-5-7B-Instruct,embedded,placebo_tok9,placebo,True,delta,9.0,6.4,64,-0.2807728641173526,-0.15450842395665074,-0.13133713410931233,-0.12631399898776377,-0.17585825391455015,-0.07186736229426265,-0.7589310382918791,,,18,46,1.4675524855373756e-05,-0.5323232814484332,-0.031108227732299064,2.3706617074065297e-05
Qwen2-5-7B-Instruct,embedded,region_arab_culture,region,False,delta,9.0,6.4,64,0.213939795299666,0.3402042354603678,0.3633755253077062,0.36839866042925484,0.30667087100348944,0.43214993367265525,2.213445699648825,1.6671635574910864,0.23741201359528846,61,3,2.3761347577422386e-11,-0.037610622031414645,0.46360443168471943,1.4908087579394218e-10
Qwen2-5-7B-Instruct,embedded,region_western_europe,region,False,delta,7.0,6.4,64,0.23636987784993835,0.26550782557933106,0.27085504631333224,0.29370225054821797,0.2330343566234735,0.352772256679005,1.7646480654833305,1.5548099600654772,0.26023755724305125,56,8,5.208452253035007e-10,0.08618639506832028,0.36407173365008316,1.562535675910502e-09
Qwen2-5-7B-Instruct,embedded,religion_muslim,religion,False,delta,4.0,6.4,64,-0.051680101205420215,-0.16823189212299117,-0.18962077505899588,-0.14003746715410426,-0.2072641730678752,-0.07592931196278965,-0.8413856041191813,-0.6665874857134639,0.5736400048828498,22,42,0.00021149283055246141,-0.3697949114467367,-0.049813182162844395,0.00032497678840987974
Qwen2-5-7B-Instruct,embedded,gender_man,gender,False,attn,5.0,6.4,64,0.026156946593136405,0.030444503011667238,0.031519004937256165,-0.0011869177757414385,-0.0016088236582491723,-0.0007712097879836739,-0.2966027637241797,-0.2547159880995025,0.8227408052005751,13,51,2.6709193274650893e-06,-0.004132351580884365,0.0016738323353019731,3.0047842433982255e-06
Qwen2-5-7B-Instruct,embedded,gender_woman,gender,False,attn,5.0,6.4,64,0.028526242755140794,0.03281379917367162,0.033888301099260554,0.0011823783862629376,0.0007849651408764378,0.0015645471183814924,0.29546840084541776,0.2537418219862159,0.8233975534224128,54,10,8.566269885479711e-07,-0.0017630554188799888,0.004043128497306349,9.812272777913123e-07
Qwen2-5-7B-Instruct,embedded,placebo_long,placebo,True,attn,9.0,6.4,64,0.04069232804274403,0.032729723265472487,0.030734219689378763,0.0010983024780638082,0.0008160131156461305,0.0013923365687339704,0.2744583972511042,,,54,10,1.1222912218386992e-08,-0.0008490505384048385,0.004628560443268903,1.3596989803045778e-08
Qwen2-5-7B-Instruct,embedded,placebo_tok4,placebo,True,attn,4.0,6.4,64,0.021562462095949163,0.02891255881343059,0.03075456211444018,-0.0027188619739780843,-0.002959473674183201,-0.0024752536425705247,-0.679425308263436,,,2,62,4.06386776458881e-12,-0.006683869019362791,0.0008230191158851866,6.095801646883215e-12
Qwen2-5-7B-Instruct,embedded,placebo_tok5,placebo,True,attn,5.0,6.4,64,0.032520459807908776,0.03680801622643961,0.03788251815202854,0.005176595439030937,0.004795398736854585,0.005540790473980145,1.2935963596462587,,,64,0,3.5254980732707397e-12,0.0022311616338880095,0.008037345550074348,5.6802737512213464e-12
Qwen2-5-7B-Instruct,embedded,placebo_tok7,placebo,True,attn,7.0,6.4,64,0.029912909023662382,0.028075384844292027,0.02761488401903963,-0.003556035943116661,-0.003806322472773562,-0.0033101493970771317,-0.8886294486339271,,,0,64,3.5254980732707397e-12,-0.004995383824854354,-0.0017516818720118323,5.6802737512213464e-12
Qwen2-5-7B-Instruct,embedded,placebo_tok9,placebo,True,attn,9.0,6.4,64,0.04069232804274403,0.032729723265472487,0.030734219689378763,0.0010983024780638082,0.0008160131156461305,0.0013923365687339704,0.2744583972511042,,,54,10,1.1222912218386992e-08,-0.0008490505384048385,0.004628560443268903,1.3596989803045778e-08
Qwen2-5-7B-Instruct,embedded,region_arab_culture,region,False,attn,9.0,6.4,64,0.05785919377059479,0.04989658899332325,0.047901085417229525,0.01826516820591456,0.01736513552023095,0.019166030378279145,4.564342602735979,3.437855128947923,0.0751918392332236,64,0,3.5254980732707397e-12,0.016317815189445913,0.021795426171119653,5.6802737512213464e-12
Qwen2-5-7B-Instruct,embedded,region_western_europe,region,False,attn,7.0,6.4,64,0.036651347264842815,0.034813823085472456,0.03435332226022006,0.0031824022980637915,0.0026032174397752437,0.0037583902013652794,0.7952609154397947,0.7006947256862319,0.5560395021141851,57,7,2.851024383234501e-11,0.0017430544163260981,0.00498675636916862,3.741969502995283e-11
Qwen2-5-7B-Instruct,embedded,religion_muslim,religion,False,attn,4.0,6.4,64,0.03163873808288053,0.03898883480036196,0.040830838101371544,0.007357414012953274,0.006810605895801651,0.00789398176217185,1.8385682434840642,1.4566051246142575,0.282530036912827,64,0,3.5254980732707397e-12,0.0033924069675685684,0.010899295102816545,5.6802737512213464e-12
Qwen2-5-7B-Instruct,prefix,gender_man,gender,False,delta,5.0,6.476190476190476,64,0.3529382642300334,0.30100366598757333,0.3026304255812351,0.1674934942973228,0.1264306776452069,0.20726070754617087,0.7723220948235893,0.69661540189557,0.5244042000562291,55,9,1.037363485872176e-08,0.05798564360225716,0.21245962590742806,2.1784633203315696e-08
Qwen2-5-7B-Instruct,prefix,gender_woman,gender,False,delta,5.0,6.476190476190476,64,0.3655581953644287,0.31362359712196863,0.3152503567156304,0.1801134254317181,0.13976536637314893,0.22359143913711432,0.8305133200478003,0.7491024458608455,0.4954440795817963,54,10,2.761335380721356e-09,0.07060557473665247,0.22507955704182336,6.958565159417818e-09
Qwen2-5-7B-Instruct,prefix,identity_arab,identity,False,delta,4.0,6.476190476190476,64,0.43811453189118765,0.35099843161351274,0.35372718964159056,0.2174882599232622,0.17409341278700102,0.2609545921149447,1.0028508224044854,0.842563220318467,0.4469045636098768,56,8,2.1097800095938492e-10,0.07811463176590591,0.30903857879638963,7.384230033578472e-10
Qwen2-5-7B-Instruct,prefix,identity_european,identity,False,delta,4.0,6.476190476190476,64,0.39254985164734535,0.30543375136967044,0.30816250939774825,0.1719235796794199,0.12752092073711005,0.2144786914339628,0.7927494722384701,0.6660427785595472,0.5418293857681619,52,12,1.5957142030065998e-08,0.032549951522063615,0.2634738985525473,3.24290305772309e-08
Qwen2-5-7B-Instruct,prefix,placebo_long,placebo,True,delta,9.0,6.476190476190476,64,-0.07429665274321451,0.014494757155184904,0.011713523011182517,-0.11901541453506563,-0.18309027104463668,-0.05450159290451399,-0.5487868926231421,,,25,39,0.0022922099678809207,-0.43944153059101154,-0.04238832741822154,0.0031393310429673475
Qwen2-5-7B-Instruct,prefix,placebo_mid,placebo,True,delta,6.0,6.476190476190476,64,0.37509392594802193,0.35834082974077675,0.3588655909000225,0.2248306580505262,0.18411774979129136,0.26463897244134577,1.0367070406801104,,,60,4,1.3697891565396391e-11,0.14518858481775118,0.2697967896606314,1.0787089607749659e-10
Qwen2-5-7B-Instruct,prefix,placebo_short,placebo,True,delta,5.0,6.476190476190476,64,-0.18289981876887396,-0.234834417011334,-0.23320765741767222,-0.3683445887015845,-0.4229299060402998,-0.3096144394961167,-1.6984579941830509,,,3,61,7.146616708287586e-12,-0.4778524393966501,-0.3233784570914793,7.503947543701965e-11
Qwen2-5-7B-Instruct,prefix,placebo_tok4,placebo,True,delta,4.0,6.476190476190476,64,0.30294847462209873,0.21583237434442382,0.21856113237250163,0.08232220265417328,0.03985864848459072,0.1236791853282644,0.37959239116178256,,,41,23,0.0004139878620896148,-0.057051425503183005,0.1738725215273007,0.0006065403560847844
Qwen2-5-7B-Instruct,prefix,placebo_tok5,placebo,True,delta,5.0,6.476190476190476,64,0.1988753110927064,0.14694071285024635,0.14856747244390814,0.01343054115999582,-0.026147579847340324,0.05356591621476808,0.06192899447717956,,,34,30,0.4339571793940158,-0.09607730953506984,0.05839667277010106,0.4796368824881227
Qwen2-5-7B-Instruct,prefix,placebo_tok7,placebo,True,delta,7.0,6.476190476190476,64,0.28185836723423563,0.3002867730622053,0.299709535787035,0.16677660137195477,0.12975165510920494,0.20394555980845816,0.76901646048712,,,56,8,5.208452253035007e-10,0.011141059287638207,0.21635883421226565,1.562535675910502e-09
Qwen2-5-7B-Instruct,prefix,placebo_tok9,placebo,True,delta,9.0,6.476190476190476,64,-0.07429665274321451,0.014494757155184904,0.011713523011182517,-0.11901541453506563,-0.18309027104463668,-0.05450159290451399,-0.5487868926231421,,,25,39,0.0022922099678809207,-0.43944153059101154,-0.04238832741822154,0.0031393310429673475
Qwen2-5-7B-Instruct,prefix,region_arab_culture,region,False,delta,9.0,6.476190476190476,64,0.38399466962437145,0.47278607952277085,0.47000484537876847,0.3392759078325204,0.28043753478041067,0.3959421535752388,1.5644206418862407,1.1896935585412567,0.2999554376085478,60,4,2.071685279620357e-11,0.018849791776574438,0.4159029949493644,1.4501796957342499e-10
Qwen2-5-7B-Instruct,prefix,region_indian_cultural_sphere,region,False,delta,9.0,6.476190476190476,64,0.38243584005977027,0.47122724995816967,0.4684460158141673,0.33771707826791914,0.27731440803461277,0.39361953987909903,1.5572327894872178,1.1842274188919149,0.3018835172690541,58,6,7.669596820068871e-11,0.01729096221197325,0.41434416538476326,3.451318569030992e-10
Qwen2-5-7B-Instruct,prefix,region_latin_america,region,False,delta,7.0,6.476190476190476,64,0.3814548039517831,0.3998832097797528,0.3993059725045825,0.26637303808950225,0.21218697980429696,0.315927979783161,1.2282613342379616,1.1078613038753027,0.3300510965610081,59,5,1.6965113295440964e-10,0.11073749600518569,0.3159552709298131,6.680013360079879e-10
Qwen2-5-7B-Instruct,prefix,region_north_america,region,False,delta,7.0,6.476190476190476,64,0.3510158698481973,0.369444275676167,0.3688670384009967,0.23593410398591647,0.18002508284924754,0.2894863814893502,1.0879056658001915,0.9812639670485844,0.38202035401783635,56,8,5.069362778053229e-09,0.08029856190159991,0.28551633682622735,1.1828513148790868e-08
Qwen2-5-7B-Instruct,prefix,region_oceania,region,False,delta,8.0,6.476190476190476,64,0.3585324509476777,0.41214235881086225,0.4104631231012759,0.2786321871206117,0.22748470535667784,0.32535773660399814,1.2847889725213573,1.0794386462402799,0.3411351085038887,58,6,6.136288138125172e-11,0.04060135805048049,0.34173684709918917,2.973739636168352e-10
Qwen2-5-7B-Instruct,prefix,region_sinosphere,region,False,delta,9.0,6.476190476190476,64,0.3731206280353945,0.4619120379337939,0.4591308037897915,0.32840186624354334,0.27454829477347853,0.38256553238657026,1.5142798133458226,1.1515630077563133,0.3136482588588621,59,5,1.138427073044049e-11,0.007975750187597457,0.40502895336038736,1.024584365739644e-10
Qwen2-5-7B-Instruct,prefix,region_sub_saharan_africa,region,False,delta,9.0,6.476190476190476,64,0.46183343659504317,0.5506248464934426,0.5478436123494402,0.41711467480319203,0.368889424556581,0.4631093139192387,1.9233396543379098,1.4626403771391603,0.21738991447623648,64,0,3.5254980732707397e-12,0.09668855874724615,0.49374176192003616,5.120473383381901e-11
Qwen2-5-7B-Instruct,prefix,region_western_europe,region,False,delta,7.0,6.476190476190476,64,0.3862126953608822,0.4046411011888519,0.4040638639136816,0.27113092949860135,0.21339216495110613,0.32621251570791204,1.2502002440173208,1.127649657148544,0.322528705334094,56,8,6.719010776626647e-10,0.11549538741428478,0.3207131623389122,1.924080358761267e-09
Qwen2-5-7B-Instruct,prefix,religion_christian,religion,False,delta,4.0,6.476190476190476,64,0.4365393893967848,0.3494232891191099,0.35215204714718773,0.21591311742885938,0.16706623532363665,0.26409662094392083,0.9955877501518797,0.8364610190639589,0.4499549114396878,53,11,1.1128818140810215e-09,0.07653948927150309,0.3074634363019868,3.0483284472654065e-09
Qwen2-5-7B-Instruct,prefix,religion_muslim,religion,False,delta,4.0,6.476190476190476,64,0.365707829099847,0.2785917288221721,0.2813204868502499,0.14508155713192156,0.09021885389570154,0.1969975999815877,0.668979368986661,0.562055092210588,0.6040807803539234,47,17,1.8588764577987412e-06,0.005707928974565277,0.236631876005049,3.165113968684343e-06
Qwen2-5-7B-Instruct,prefix,gender_man,gender,False,attn,5.0,6.476190476190476,64,0.04101420420343593,0.04574370659596828,0.04687102251187552,0.00242374737581726,0.002252295984458709,0.002599609538933103,1.2986871421393742,1.171383638408887,0.30645959485624163,64,0,3.5254980732707397e-12,0.001898540674484081,0.003223817411477226,5.6802737512213464e-12
Qwen2-5-7B-Instruct,prefix,gender_woman,gender,False,attn,5.0,6.476190476190476,64,0.04555224394765078,0.05028174634018313,0.05140906225609037,0.006961787120032108,0.006754754992853777,0.007177001511807591,3.7302499052932934,3.3645930297259588,0.02818455544274863,64,0,3.5254980732707397e-12,0.006436580418698929,0.007761857155692073,5.6802737512213464e-12
Qwen2-5-7B-Instruct,prefix,identity_arab,identity,False,attn,4.0,6.476190476190476,64,0.03758194861960753,0.045515307471597266,0.047406289007957805,0.0021953482514462538,0.0018175362935128577,0.0025649425628107617,1.1763068111461323,0.9882954002126559,0.3789554977982191,59,5,2.071685279620357e-11,0.0011855666439593232,0.0032136192059225707,2.7769398428953722e-11
Qwen2-5-7B-Instruct,prefix,identity_european,identity,False,attn,4.0,6.476190476190476,64,0.037316017580634867,0.045249376432624604,0.04714035796898514,0.0019294172124735681,0.001641814026257083,0.0021892833615685375,1.0338162098337165,0.868579349505285,0.43408590316135465,60,4,1.3079621198163594e-11,0.0009196356049866377,0.002947688166949885,1.831146967742903e-11
Qwen2-5-7B-Instruct,prefix,placebo_long,placebo,True,attn,9.0,6.476190476190476,64,0.052718598755181284,0.04463267530988405,0.042705328743978116,0.001312716089733015,0.0010190549125226288,0.0016212509151231262,0.7033767314305609,,,56,8,2.8763432812594203e-09,0.00028129125129003395,0.0048469517159372925,3.6241925343868696e-09
Qwen2-5-7B-Instruct,prefix,placebo_mid,placebo,True,attn,6.0,6.476190476190476,64,0.04141755164682731,0.04294319757990226,0.043306847875356214,-0.0003767616402487525,-0.0005248895890673159,-0.00021926228073911264,-0.20187561737015208,,,16,48,1.0806242297709092e-05,-0.0008621380348101593,0.00043106364574079756,1.194374148694163e-05
Qwen2-5-7B-Instruct,prefix,placebo_short,placebo,True,attn,5.0,6.476190476190476,64,0.041281601493020355,0.0460111038855527,0.04713841980145994,0.002691144665401691,0.002475492829656994,0.0029244305676883976,1.441963386722878,,,64,0,3.5254980732707397e-12,0.002165937964068512,0.003491214701061657,5.6802737512213464e-12
Qwen2-5-7B-Instruct,prefix,placebo_tok4,placebo,True,attn,4.0,6.476190476190476,64,0.03577097143715161,0.04370433028914135,0.04559531182550189,0.0003843710689903291,0.00012077539794931163,0.000625369421554572,0.20595288522583327,,,45,19,0.0022922099678809207,-0.0006254105384966015,0.0014026420234666461,0.002447614033499966
Qwen2-5-7B-Instruct,prefix,placebo_tok5,placebo,True,attn,5.0,6.476190476190476,64,0.03682385246858889,0.04155335486112123,0.04268067077702847,-0.0017666043590297991,-0.002072309827542681,-0.0014539818792972145,-0.9465781744459941,,,4,60,1.572950757315325e-11,-0.002291811060362978,-0.0009665343233698333,2.15425864588838e-11
Qwen2-5-7B-Instruct,prefix,placebo_tok7,placebo,True,attn,7.0,6.476190476190476,64,0.042753303921686976,0.04107509339530453,0.04067507807030519,-0.002244865824846491,-0.002391134239182718,-0.0020963082841442527,-1.20283921156313,,,0,64,3.5254980732707397e-12,-0.002912258367368424,-0.0005282370921186977,5.6802737512213464e-12
Qwen2-5-7B-Instruct,prefix,placebo_tok9,placebo,True,attn,9.0,6.476190476190476,64,0.052718598755181284,0.04463267530988405,0.042705328743978116,0.001312716089733015,0.0010190549125226288,0.0016212509151231262,0.7033767314305609,,,56,8,2.8763432812594203e-09,0.00028129125129003395,0.0048469517159372925,3.6241925343868696e-09
Qwen2-5-7B-Instruct,prefix,region_arab_culture,region,False,attn,9.0,6.476190476190476,64,0.07248848987147562,0.06440256642617838,0.06247521986027245,0.02108260720602738,0.02019259202736532,0.022008180921811737,11.296437563758289,8.590591714427136,0.001008812739097984,64,0,3.5254980732707397e-12,0.0200511823675844,0.024616842832231655,5.6802737512213464e-12
Qwen2-5-7B-Instruct,prefix,region_indian_cultural_sphere,region,False,attn,9.0,6.476190476190476,64,0.07214624594826828,0.06406032250297104,0.06213297593706511,0.020740363282820015,0.020008250946218935,0.02149644504323787,11.113057155808441,8.451136580520469,0.0010739951766017106,64,0,3.5254980732707397e-12,0.019708938444377034,0.024274598909024295,5.6802737512213464e-12
Qwen2-5-7B-Instruct,prefix,region_latin_america,region,False,attn,7.0,6.476190476190476,64,0.05896255066690486,0.057284340140522416,0.05688432481552307,0.013964380920371392,0.013398150332751274,0.01456037173874071,7.482364758871658,6.748907701289071,0.0025129376658068804,64,0,3.5254980732707397e-12,0.013296988377849461,0.01568100965309919,5.6802737512213464e-12
Qwen2-5-7B-Instruct,prefix,region_north_america,region,False,attn,7.0,6.476190476190476,64,0.052351758817443764,0.05067354829106132,0.050273532966061976,0.007353589070910304,0.006974531958744009,0.007760001150622187,3.9401843897810034,3.553948735413169,0.023714383440539666,64,0,3.5254980732707397e-12,0.006686196528388371,0.009070217803638099,5.6802737512213464e-12
Qwen2-5-7B-Instruct,prefix,region_oceania,region,False,attn,8.0,6.476190476190476,64,0.05592021888870203,0.05103815190286219,0.04987447095740955,0.007718192682711171,0.0072002199144861005,0.00826675655614731,4.135545518315985,3.4745532155335006,0.025477841214213818,64,0,3.5254980732707397e-12,0.006868783992228712,0.0103436248621772,5.6802737512213464e-12
Qwen2-5-7B-Instruct,prefix,region_sinosphere,region,False,attn,9.0,6.476190476190476,64,0.06210573824053581,0.054019814795238576,0.05209246822933264,0.010699855575087543,0.010175596199042444,0.011234599886763915,5.73317376091186,4.359901493712565,0.01206306477355253,64,0,3.5254980732707397e-12,0.009668430736644562,0.01423409120129182,5.6802737512213464e-12
Qwen2-5-7B-Instruct,prefix,region_sub_saharan_africa,region,False,attn,9.0,6.476190476190476,64,0.06369079861683148,0.05560487517153425,0.053677528605628314,0.012284915951383212,0.01165629352852157,0.012911019724554768,6.5824774262807315,5.0057706882768604,0.007459929349645311,64,0,3.5254980732707397e-12,0.011253491112940231,0.01581915157758749,5.6802737512213464e-12
Qwen2-5-7B-Instruct,prefix,region_western_europe,region,False,attn,7.0,6.476190476190476,64,0.05546470640694515,0.0537864958805627,0.05338648055556336,0.010466536660411705,0.009985147540964393,0.010955158018918233,5.608157318385437,5.058419007335292,0.007188500677239515,64,0,3.5254980732707397e-12,0.009799144117889772,0.0121831653931395,5.6802737512213464e-12
Qwen2-5-7B-Instruct,prefix,religion_christian,religion,False,attn,4.0,6.476190476190476,64,0.0407027020900226,0.04863606094201234,0.05052704247837288,0.005316101721861321,0.005030408595100226,0.005600850617455366,2.8484622701895037,2.3931869922309446,0.07490808185236023,64,0,3.5254980732707397e-12,0.004306320114374391,0.006334372676337638,5.6802737512213464e-12
Qwen2-5-7B-Instruct,prefix,religion_muslim,religion,False,attn,4.0,6.476190476190476,64,0.03873916685482918,0.046672525706818915,0.048563507243179455,0.0033525664866678943,0.0030545327780461193,0.003630488030076524,1.7963650142931553,1.509248491895638,0.2057396638457493,64,0,3.5254980732707397e-12,0.002342784879180964,0.004370837441144211,5.6802737512213464e-12
Qwen2-5-7B-Instruct,reworded,gender_man,gender,False,delta,5.0,6.4,64,0.3311230159306433,0.2526460297687771,0.24811477948401808,0.17139712648771416,0.11980408043434178,0.22338772982513824,1.7147656315978306,1.4726033457250007,0.2787385469990011,46,18,1.9622499904290883e-07,0.13599720935091378,0.20961332178262637,3.6359338057950756e-07
Qwen2-5-7B-Instruct,reworded,gender_woman,gender,False,delta,5.0,6.4,64,0.3912617858441081,0.3127847996822419,0.30825354939748284,0.23153589640117897,0.17210927629784406,0.29025304341284186,2.316432053243301,1.9893013534287785,0.1849671410568497,51,13,9.586954771759406e-09,0.1961359792643786,0.26975209169609116,2.0826832780029052e-08
Qwen2-5-7B-Instruct,reworded,placebo_long,placebo,True,delta,9.0,6.4,64,-0.1456214736840593,0.00012150061654933597,0.008536679716816042,-0.08112740266451357,-0.14204800937677492,-0.023165987104825012,-0.8116500242486734,,,29,35,0.029747290106767306,-0.34189405408616425,-0.0012208125024244353,0.03748158553452681
Qwen2-5-7B-Instruct,reworded,placebo_tok4,placebo,True,delta,4.0,6.4,64,0.18310403297073208,0.04857205669324713,0.040804199062231705,-0.03267684658781577,-0.07829353266128836,0.017497036422560352,-0.32691991182126273,,,25,39,0.08689644662558298,-0.08033058119504707,0.025271298172551068,0.1032920025926741
Qwen2-5-7B-Instruct,reworded,placebo_tok5,placebo,True,delta,5.0,6.4,64,0.1276137566601392,0.04913677049827296,0.044605520213513966,-0.03211213278278993,-0.06370516661116771,-0.0007290130601308311,-0.3212701565167795,,,22,42,0.05494462632587263,-0.06751204991959034,0.0061040625121222426,0.06787277369666618
Qwen2-5-7B-Instruct,reworded,placebo_tok7,placebo,True,delta,7.0,6.4,64,0.19353229124681093,0.22716528531618213,0.22910724972393598,0.14591638203511925,0.10273235400807712,0.18745217960945684,1.4598400925867154,,,54,10,2.7395388918133607e-08,0.01263564908627553,0.2049777747636199,5.23002879346187e-08
Qwen2-5-7B-Instruct,reworded,placebo_tok9,placebo,True,delta,9.0,6.4,64,-0.1456214736840593,0.00012150061654933597,0.008536679716816042,-0.08112740266451357,-0.14204800937677492,-0.023165987104825012,-0.8116500242486734,,,29,35,0.029747290106767306,-0.34189405408616425,-0.0012208125024244353,0.03748158553452681
Qwen2-5-7B-Instruct,reworded,region_arab_culture,region,False,delta,9.0,6.4,64,0.4151249530550558,0.5608679273556645,0.5692831064559312,0.47961902407460155,0.4123537567183818,0.5447542488878396,4.79841310993374,3.6141566390981277,0.06875532779110527,63,1,3.876016365657101e-12,0.21885237265295082,0.5595256142366907,5.120473383381901e-11
Qwen2-5-7B-Instruct,reworded,region_western_europe,region,False,delta,7.0,6.4,64,0.4225492949190084,0.4561822889883796,0.45812425339613344,0.3749333857073167,0.30307723246830554,0.44189084146312596,3.751071544338901,3.3050235410304865,0.0806310115601236,61,3,2.6029994186243876e-11,0.241652652758473,0.43399477843581735,1.4908087579394218e-10
Qwen2-5-7B-Instruct,reworded,religion_muslim,religion,False,delta,4.0,6.4,64,0.3776299115488655,0.24309793527138054,0.23533007764036512,0.16184903199031764,0.10206400616318405,0.2238930259061734,1.6192404344904128,1.2828427354928342,0.3281322121635837,44,20,2.9190618135540824e-05,0.11419529738308634,0.21979717675068447,4.597522356347679e-05
Qwen2-5-7B-Instruct,reworded,gender_man,gender,False,attn,5.0,6.4,64,0.06216847071923281,0.06625598732341986,0.06702942136736247,0.006641966320204239,0.006370411758356027,0.00695344086163631,4.1405409044915364,3.55580627271138,0.0707944043698126,64,0,3.5254980732707397e-12,0.005922707984867492,0.008399631704536505,5.6802737512213464e-12
Qwen2-5-7B-Instruct,reworded,gender_woman,gender,False,attn,5.0,6.4,64,0.06731723056179086,0.0714047471659779,0.07217818120992052,0.011790726162762282,0.011500134335154417,0.012111044899468588,7.350230581879036,6.312217802405704,0.02419083364993706,64,0,3.5254980732707397e-12,0.011071467827425536,0.013548391547094547,5.6802737512213464e-12
Qwen2-5-7B-Instruct,reworded,placebo_long,placebo,True,attn,9.0,6.4,64,0.06833729871729649,0.060746196452377686,0.05930981894219855,0.001132175449162065,0.0008662400060557243,0.0014050217804060991,0.7057877942043613,,,49,15,1.3652465444840955e-08,0.0003364188638853938,0.004771310821468715,1.5927876352314446e-08
Qwen2-5-7B-Instruct,reworded,placebo_tok4,placebo,True,attn,4.0,6.4,64,0.05422931003652036,0.061236481357983874,0.06256236829045693,0.0016224603547682474,0.0014305395478945893,0.0018122785146328232,1.0114269089860735,,,64,0,3.5254980732707397e-12,0.0007319500348275182,0.00398854837213861,5.6802737512213464e-12
Qwen2-5-7B-Instruct,reworded,placebo_tok5,placebo,True,attn,5.0,6.4,64,0.054224989316038266,0.05831250592022531,0.05908593996416793,-0.0013015150829903026,-0.001502233114548245,-0.0010939709032780028,-0.8113525692747469,,,4,60,1.0868521519767841e-11,-0.0020207734183270492,0.00045615030134196397,1.556174672148577e-11
Qwen2-5-7B-Instruct,reworded,placebo_tok7,placebo,True,attn,7.0,6.4,64,0.059912693112641476,0.0581609002822756,0.05782942854915733,-0.0014531207209400117,-0.0016399646554707673,-0.0012658243517813864,-0.9058621339156893,,,2,62,7.146616708287586e-12,-0.0020412886317966853,0.00040688180268338265,1.0470624479584136e-11
Qwen2-5-7B-Instruct,reworded,placebo_tok9,placebo,True,attn,9.0,6.4,64,0.06833729871729649,0.060746196452377686,0.05930981894219855,0.001132175449162065,0.0008662400060557243,0.0014050217804060991,0.7057877942043613,,,49,15,1.3652465444840955e-08,0.0003364188638853938,0.004771310821468715,1.5927876352314446e-08
Qwen2-5-7B-Instruct,reworded,region_arab_culture,region,False,attn,9.0,6.4,64,0.08938601207116692,0.08179490980624812,0.08035853229606899,0.022180888803032497,0.021298101017663655,0.023059327717990623,13.827362705463145,10.41474620426284,0.009093831132551711,64,0,3.5254980732707397e-12,0.021385132217755825,0.025820024175339146,5.6802737512213464e-12
Qwen2-5-7B-Instruct,reworded,region_western_europe,region,False,attn,7.0,6.4,64,0.07344156276627649,0.07168976993591061,0.07135829820279235,0.012075748932695009,0.01155281058644972,0.01262048961241308,7.5279111633098745,6.632751019391776,0.02198390253826406,64,0,3.5254980732707397e-12,0.011487581021838333,0.013935751456318401,5.6802737512213464e-12
Qwen2-5-7B-Instruct,reworded,religion_muslim,religion,False,attn,4.0,6.4,64,0.06257188263277073,0.06957905395423425,0.0709049408867073,0.009965032951018648,0.009619508332788863,0.010308158769643623,6.212110173276212,4.921542371424584,0.038892855338361974,64,0,3.5254980732707397e-12,0.00907452263107792,0.012331120968389012,5.6802737512213464e-12
Qwen2-5-7B-Instruct,suffix,gender_man,gender,False,delta,5.0,6.4,64,-0.2074171795247821,-0.21238594816216283,-0.22019035556022087,-0.16625372569177344,-0.20121228201604607,-0.13183809202599736,-9.649000470234169,-8.286351273630764,0.014253129885541687,5,59,1.9338465896435903e-10,-0.17642707151581383,-0.15931862066645408,7.166607949855658e-10
Qwen2-5-7B-Instruct,suffix,gender_woman,gender,False,delta,5.0,6.4,64,-0.2056406379706459,-0.21060940660802663,-0.21841381400608467,-0.16447718413763723,-0.20337902912714198,-0.12687830126741254,-9.545893906938073,-8.19780560460277,0.01455596637516824,7,57,1.4894342332451161e-09,-0.17465052996167763,-0.15754207911231788,3.90976486226843e-09
Qwen2-5-7B-Instruct,suffix,placebo_long,placebo,True,delta,9.0,6.4,64,-0.06416639403323643,-0.05493868084952938,-0.040444781395993015,-0.00880645837914001,-0.035743305597397766,0.01870021461646515,-0.5111074695490223,,,30,34,0.6019311978991376,-0.03711293174066149,0.0025915390644859933,0.6216666470105847
Qwen2-5-7B-Instruct,suffix,placebo_tok4,placebo,True,delta,4.0,6.4,64,-0.031212697969749577,-0.03973058706240224,-0.053109571173358884,0.0064016354079871165,-0.023660866890473347,0.03620695834766991,0.37153683506890495,,,35,29,0.2261107332778144,-0.006193935612253358,0.015737353711301673,0.2543745749375412
Qwen2-5-7B-Instruct,suffix,placebo_tok5,placebo,True,delta,5.0,6.4,64,-0.059572365324129344,-0.06454113396151007,-0.07234554135956811,-0.0184089114911207,-0.05049157388274255,0.012487001892453511,-1.0684127221523807,,,21,43,0.13069266455307224,-0.028582257315161078,-0.01147380646580131,0.14970250666988275
Qwen2-5-7B-Instruct,suffix,placebo_tok7,placebo,True,delta,7.0,6.4,64,-0.027447960281278938,-0.025318488008115772,-0.021973741980376615,0.020813734462273588,-0.0035196378477741273,0.04434430861211863,1.2079833566324976,,,35,29,0.11918854761883786,0.006345981410829277,0.029238341268431934,0.13905330555531084
Qwen2-5-7B-Instruct,suffix,placebo_tok9,placebo,True,delta,9.0,6.4,64,-0.06416639403323643,-0.05493868084952938,-0.040444781395993015,-0.00880645837914001,-0.035743305597397766,0.01870021461646515,-0.5111074695490223,,,30,34,0.6019311978991376,-0.03711293174066149,0.0025915390644859933,0.6216666470105847
Qwen2-5-7B-Instruct,suffix,region_arab_culture,region,False,delta,9.0,6.4,64,-0.35418230123195826,-0.3449545880482512,-0.33046068859471484,-0.2988223655778618,-0.3475634297729946,-0.25415488762825117,-17.342992669667122,-13.06271274750104,0.005809461027854525,1,63,4.06386776458881e-12,-0.3271288389393833,-0.2874243681342358,5.120473383381901e-11
Qwen2-5-7B-Instruct,suffix,region_western_europe,region,False,delta,7.0,6.4,64,-0.23935791970143327,-0.23722844742827012,-0.23388370140053094,-0.19109622495788073,-0.22961970323739306,-0.15620161713385475,-11.090804472538837,-9.771973004894338,0.010310461881435246,4,60,1.0461338945049511e-10,-0.20556397800932505,-0.18267161815172236,4.393762356920795e-10
Qwen2-5-7B-Instruct,suffix,religion_muslim,religion,False,delta,4.0,6.4,64,-0.3322826869793971,-0.3408005760720498,-0.35417956018300645,-0.29466835360166044,-0.3694250768688431,-0.220354087258998,-17.101902953662588,-13.548977347588211,0.005403260670425879,7,57,5.492996179600071e-09,-0.3072639246219009,-0.28533263529834585,1.235924140410016e-08
Qwen2-5-7B-Instruct,suffix,gender_man,gender,False,attn,5.0,6.4,64,0.1258493148610462,0.1319644322902042,0.13423249043974242,0.0022010780359620974,0.0012632438789955526,0.0031882069665661265,0.19861662844644054,0.1705676310378985,0.8802582482016246,47,17,5.517126926756357e-05,-0.0012492755012244673,0.012384168796026008,5.992741316993974e-05
Qwen2-5-7B-Instruct,suffix,gender_woman,gender,False,attn,5.0,6.4,64,0.13500158574141802,0.141116703170576,0.14338476132011424,0.011353348916333881,0.010425478191326313,0.012292552752947309,1.0244815706193868,0.8798024410612532,0.47176419233461325,64,0,3.5254980732707397e-12,0.007902995379147317,0.021536439676397793,5.6802737512213464e-12
Qwen2-5-7B-Instruct,suffix,placebo_long,placebo,True,attn,9.0,6.4,64,0.15005698350093835,0.13870033684678781,0.1344882288547882,0.008936982592545743,0.008256874029023038,0.009649656047886196,0.8064381734835189,,,63,1,3.696686092064686e-12,0.0017226070147920167,0.037662998068585654,5.6802737512213464e-12
Qwen2-5-7B-Instruct,suffix,placebo_tok4,placebo,True,attn,4.0,6.4,64,0.12868007189046982,0.1391631303404549,0.14305123002537765,0.009399776086212824,0.00860625967527248,0.010174006191204142,0.8481988388835199,,,64,0,3.5254980732707397e-12,0.0030162170915372893,0.023107782878606535,5.6802737512213464e-12
Qwen2-5-7B-Instruct,suffix,placebo_tok5,placebo,True,attn,5.0,6.4,64,0.11848555528831063,0.12460067271746861,0.12686873086700687,-0.005162681536773502,-0.005831062776430999,-0.0045344349037768844,-0.4658600848417619,,,1,63,3.696686092064686e-12,-0.008613035073960067,0.005020409223290408,5.6802737512213464e-12
Qwen2-5-7B-Instruct,suffix,placebo_tok7,placebo,True,attn,7.0,6.4,64,0.11921004172475329,0.11658927711225701,0.11561725219102634,-0.013174077141985083,-0.013676782777095867,-0.012664646047227585,-1.1887769275252784,,,0,64,3.5254980732707397e-12,-0.018506441699455235,0.0015081085457686427,5.6802737512213464e-12
Qwen2-5-7B-Instruct,suffix,placebo_tok9,placebo,True,attn,9.0,6.4,64,0.15005698350093835,0.13870033684678781,0.1344882288547882,0.008936982592545743,0.008256874029023038,0.009649656047886196,0.8064381734835189,,,63,1,3.696686092064686e-12,0.0017226070147920167,0.037662998068585654,5.6802737512213464e-12
Qwen2-5-7B-Instruct,suffix,region_arab_culture,region,False,attn,9.0,6.4,64,0.17446864124272327,0.16311199458857273,0.15889988659657311,0.03334864033433065,0.0319950221969666,0.034742272203509734,3.009250193886261,2.2665621566483964,0.15160024291412483,64,0,3.5254980732707397e-12,0.026134264756576923,0.062074655810370555,5.6802737512213464e-12
Qwen2-5-7B-Instruct,suffix,region_western_europe,region,False,attn,7.0,6.4,64,0.14845717389790375,0.14583640928540748,0.14486438436417678,0.016073055031165392,0.014638371742141608,0.017413275798059,1.4503692949390465,1.2779027555994424,0.32955525873992353,63,1,3.696686092064686e-12,0.010740690473695238,0.03075524071891912,5.6802737512213464e-12
Qwen2-5-7B-Instruct,suffix,religion_muslim,religion,False,attn,4.0,6.4,64,0.13868965045613513,0.14917270890612022,0.15306080859104296,0.019409354651878118,0.01813013879588965,0.020731464693983518,1.7514238560797906,1.3875650105340234,0.2996504001301632,64,0,3.5254980732707397e-12,0.01302579565720258,0.033117361444271826,5.6802737512213464e-12
