model,variant,axis,n_conditions,mean_length,mean_shift,mean_resid,mean_adj_placebo_slope,mean_adj_pooled_slope
Llama-3-1-8B-Instruct,context,gender,1,5.0,0.255931174027402,0.37054400576481145,0.2365185137440866,0.2610770120948242
Llama-3-1-8B-Instruct,context,placebo,2,7.5,-0.13402549202072483,3.5282511375799465e-18,-0.13402549202072483,-0.13402549202072483
Llama-3-1-8B-Instruct,context,region,3,8.333333333333334,0.25876527916545333,0.3992616579472832,0.26523616592655846,0.25704999980964593
Llama-3-1-8B-Instruct,context_long,gender,1,5.0,0.3071995015035115,0.48928793186208713,0.28107238980043037,0.297178074712038
Llama-3-1-8B-Instruct,context_long,placebo,2,7.5,-0.2082155420616569,3.8222720657116095e-18,-0.2082155420616569,-0.2082155420616569
Llama-3-1-8B-Instruct,context_long,region,3,8.333333333333334,0.28582527100419003,0.5027498503002074,0.29453430823855037,0.2891657466013479
Llama-3-1-8B-Instruct,embedded,gender,2,5.0,-0.13355375683750026,-0.021797225229079446,-0.2253041433783329,-0.24010066719756493
Llama-3-1-8B-Instruct,embedded,placebo,5,6.8,-0.2588452871606686,-0.029123972856891566,-0.23263089100614504,-0.22840331277207876
Llama-3-1-8B-Instruct,embedded,region,2,8.0,0.014248468356712136,0.32261297112405996,0.11910605297480653,0.1360163659110717
Llama-3-1-8B-Instruct,embedded,religion,1,4.0,-0.29094273643756224,-0.24472219521545044,-0.4482291133647039,-0.47359458276910166
Llama-3-1-8B-Instruct,prefix,gender,2,5.0,0.06839521486762028,0.07533240664601035,0.04478632539450687,0.04362694960490685
Llama-3-1-8B-Instruct,prefix,identity,2,4.0,0.09391918904305893,0.08486326214611414,0.054317180894610656,0.05237242150560417
Llama-3-1-8B-Instruct,prefix,placebo,7,6.428571428571429,-0.03512881670629754,-0.005344312534571898,-0.0358903937860754,-0.03592779300509475
Llama-3-1-8B-Instruct,prefix,region,8,8.125,0.1384524815041035,0.1953681691429151,0.16482208789141162,0.1661170358499568
Llama-3-1-8B-Instruct,prefix,religion,2,4.0,0.0405432101394843,0.0314872832425395,0.0009412019910360198,-0.0010035573979704643
Llama-3-1-8B-Instruct,reworded,gender,2,5.0,0.0363239081205516,0.14333093233876218,0.027089578338312256,0.02802763864792409
Llama-3-1-8B-Instruct,reworded,placebo,5,6.8,-0.12010938314744665,-0.0012296492092140716,-0.117471003209664,-0.11773902044098165
Llama-3-1-8B-Instruct,reworded,region,2,8.0,0.11664483486280097,0.24343970861438152,0.12719835461393164,0.126126285688661
Llama-3-1-8B-Instruct,reworded,religion,1,4.0,-0.0400796833267323,0.0603313910470216,-0.055909962953428316,-0.05430185956552232
Llama-3-1-8B-Instruct,suffix,gender,2,5.0,-0.2883698689869469,-0.040752814091654974,-0.3436358258391731,-0.348278391895181
Llama-3-1-8B-Instruct,suffix,placebo,5,6.8,-0.32364947484760304,-0.00497618971373458,-0.30785920146125273,-0.306532754016679
Llama-3-1-8B-Instruct,suffix,region,2,8.0,-0.22445346086021606,0.14159064443270342,-0.1612923673148147,-0.15598657753651995
Llama-3-1-8B-Instruct,suffix,religion,1,4.0,-0.4193109502545158,-0.21116957882509985,-0.5140525905726179,-0.5220112752400601
Qwen2-5-7B-Instruct,context,gender,1,5.0,0.4621795335551724,-0.044291071525852536,0.32981481564153603,0.3817741976696242
Qwen2-5-7B-Instruct,context,placebo,2,7.5,0.3741058871673886,-1.951563910473908e-18,0.3741058871673886,0.3741058871673886
Qwen2-5-7B-Instruct,context,region,3,8.333333333333334,0.5027249864263771,0.17274067189686726,0.5468465590642558,0.529526765054893
Qwen2-5-7B-Instruct,context_long,gender,1,5.0,0.5058378892426845,0.12035948989159806,0.36132847185808714,0.4243353024762234
Qwen2-5-7B-Instruct,context_long,placebo,2,7.5,0.24096898196648908,0.0,0.24096898196648908,0.24096898196648908
Qwen2-5-7B-Instruct,context_long,region,3,8.333333333333334,0.524809430258756,0.33201025408713275,0.5729792360536218,0.5519769591809097
Qwen2-5-7B-Instruct,embedded,gender,2,5.0,0.14726811353466474,0.10747399380163525,0.07927956883274834,0.06680272045341226
Qwen2-5-7B-Instruct,embedded,placebo,5,6.8,-0.0728825232527015,-0.025262799797552755,-0.053457224766439694,-0.04989241094377225
Qwen2-5-7B-Instruct,embedded,region,2,8.0,0.22515483657480218,0.3310504554887364,0.30285603051984944,0.31711528581051923
Qwen2-5-7B-Instruct,embedded,religion,1,4.0,-0.051680101205420215,-0.14003746715410426,-0.16823189212299117,-0.18962077505899588
Qwen2-5-7B-Instruct,prefix,gender,2,5.0,0.35924822979723103,0.17380345986452045,0.307313631554771,0.30894039114843275
Qwen2-5-7B-Instruct,prefix,identity,2,4.0,0.4153321917692665,0.19470591980134105,0.3282160914915916,0.3309448495196694
Qwen2-5-7B-Instruct,prefix,placebo,7,6.428571428571429,0.1181832792345371,-0.017002202076437954,0.11650796961381257,0.11656044572973716
Qwen2-5-7B-Instruct,prefix,region,8,8.125,0.38482504930288997,0.3093224732302258,0.44283264492047636,0.44101565940658805
Qwen2-5-7B-Instruct,prefix,religion,2,4.0,0.4011236092483159,0.18049733728039047,0.314007508970641,0.3167362669987188
Qwen2-5-7B-Instruct,reworded,gender,2,5.0,0.3611924008873757,0.20146651144444655,0.2827154147255095,0.27818416444075045
Qwen2-5-7B-Instruct,reworded,placebo,5,6.8,0.04260142670191271,-0.01622548053290272,0.06502342274816017,0.06631806568666274
Qwen2-5-7B-Instruct,reworded,region,2,8.0,0.4188371239870321,0.42727620489095913,0.508525108172022,0.5137036799260323
Qwen2-5-7B-Instruct,reworded,religion,1,4.0,0.3776299115488655,0.16184903199031764,0.24309793527138054,0.23533007764036512
Qwen2-5-7B-Instruct,suffix,gender,2,5.0,-0.206528908747714,-0.16536545491470533,-0.21149767738509473,-0.21930208478315277
Qwen2-5-7B-Instruct,suffix,placebo,5,6.8,-0.049313162328326145,-0.0017612916758280035,-0.04789351414621736,-0.04566368346105793
Qwen2-5-7B-Instruct,suffix,region,2,8.0,-0.29677011046669577,-0.24495929526787125,-0.29109151773826064,-0.2821721949976229
Qwen2-5-7B-Instruct,suffix,religion,1,4.0,-0.3322826869793971,-0.29466835360166044,-0.3408005760720498,-0.35417956018300645
