model,variant,condition,axis,is_placebo,length,n,sink_raw,delta_sink_mean,delta_sink_ci_lo,delta_sink_ci_hi,demo_norm,instr_norm,text_norm
Llama-3-1-8B-Instruct,context,gender_woman,gender,False,5.0,236,0.7805921614675199,-0.017517594462734157,-0.017895317115521024,-0.017140642629336504,0.13905708051014096,0.7461925681673596,0.11475036885642055
Llama-3-1-8B-Instruct,context,placebo_long,placebo,True,9.0,236,0.7707748130216436,-0.027334942908610327,-0.028025695182761903,-0.02665226511278395,0.15027341901392957,0.7064268845265276,0.14329970005120493
Llama-3-1-8B-Instruct,context,placebo_mid,placebo,True,6.0,236,0.7763142515037019,-0.02179550442655208,-0.022416796863584193,-0.021125724804350886,0.12993135079181103,0.7299379756281977,0.14013064931289893
Llama-3-1-8B-Instruct,context,region_arab_culture,region,False,9.0,236,0.7773069471625959,-0.02080280876765817,-0.021233042070673683,-0.020365111359347734,0.16991486795567268,0.7138597459851147,0.11622539448104573
Llama-3-1-8B-Instruct,context,region_sinosphere,region,False,9.0,236,0.7761870652942334,-0.021922690636020595,-0.022303873338436676,-0.02152198688206026,0.16810897583653878,0.7110352391922903,0.12085578332672732
Llama-3-1-8B-Instruct,context,region_western_europe,region,False,7.0,236,0.7781346258470567,-0.019975130083197255,-0.02037566297261392,-0.019554012919128953,0.1484221622837342,0.7384160887598512,0.11316176421048767
Llama-3-1-8B-Instruct,context_long,gender_woman,gender,False,5.0,236,0.7657347611956677,-0.0323749947345863,-0.03277304602502766,-0.03198100879662118,0.21281201878968298,0.6707731758118367,0.11641479794893032
Llama-3-1-8B-Instruct,context_long,placebo_long,placebo,True,9.0,236,0.7597876471483102,-0.038322108781943885,-0.03906226735877789,-0.03762186638126939,0.23405544051676255,0.6192649209170936,0.14667960881061462
Llama-3-1-8B-Instruct,context_long,placebo_mid,placebo,True,6.0,236,0.7632099412760492,-0.0348998146542048,-0.03568205320102684,-0.0341102601171045,0.22451887615485996,0.6315746126514198,0.14390654093282051
Llama-3-1-8B-Instruct,context_long,region_arab_culture,region,False,9.0,236,0.76481484962722,-0.03329490630303399,-0.033692800291513995,-0.032877007770841404,0.2388298022309012,0.6410097170022455,0.12016047630522408
Llama-3-1-8B-Instruct,context_long,region_sinosphere,region,False,9.0,236,0.7628084954063771,-0.0353012605238769,-0.03566370177698338,-0.03495482087009034,0.2375146699622988,0.638740789225972,0.1237445715646604
Llama-3-1-8B-Instruct,context_long,region_western_europe,region,False,7.0,236,0.7630181921235586,-0.03509156380669545,-0.03550048142797866,-0.03469716798577268,0.2196693424410788,0.6628450279169912,0.11748562342569836
Llama-3-1-8B-Instruct,embedded,gender_man,gender,False,5.0,236,0.8020640548508046,0.003954298920550589,0.003714551498829308,0.004185306369248083,0.02460165984775949,0.8492233875001798,0.126175022619596
Llama-3-1-8B-Instruct,embedded,gender_woman,gender,False,5.0,236,0.8013430237770081,0.0032332678467540416,0.0029839966004177676,0.0034709084968445663,0.027560430987240054,0.8476711044761149,0.12476847060358424
Llama-3-1-8B-Instruct,embedded,placebo_long,placebo,True,9.0,236,0.8008259865692107,0.0027162306389566194,0.0024360442060535237,0.002986019578273013,0.042776144200671475,0.8358894792838638,0.12133436433558824
Llama-3-1-8B-Instruct,embedded,placebo_tok4,placebo,True,4.0,236,0.8006832405167111,0.0025734845864570748,0.0023346618007300266,0.0028065477829363385,0.026702325160693707,0.8442411925571318,0.129056485187741
Llama-3-1-8B-Instruct,embedded,placebo_tok5,placebo,True,5.0,236,0.8018953239513655,0.003785568021111569,0.0035436348200349483,0.0040108490040746785,0.03637471557001345,0.8358774575847336,0.1277478588787059
Llama-3-1-8B-Instruct,embedded,placebo_tok7,placebo,True,7.0,236,0.8036683105816276,0.005558554651373524,0.005311760217961619,0.0057914867870888466,0.03479487251958934,0.8377253415041395,0.12747977518216527
Llama-3-1-8B-Instruct,embedded,placebo_tok9,placebo,True,9.0,236,0.8008259865692107,0.0027162306389566194,0.0024360442060535237,0.002986019578273013,0.042776144200671475,0.8358894792838638,0.12133436433558824
Llama-3-1-8B-Instruct,embedded,region_arab_culture,region,False,9.0,236,0.7988211984856654,0.0007114425554113873,0.0004637185673592454,0.0009676975403296743,0.05293244207385808,0.8261166038833156,0.12095096383905057
Llama-3-1-8B-Instruct,embedded,region_western_europe,region,False,7.0,236,0.7987557023258532,0.0006459463955992359,0.0003919120183435537,0.0008921425726454137,0.039014051148208787,0.8386246653893272,0.12236129897266597
Llama-3-1-8B-Instruct,embedded,religion_muslim,religion,False,4.0,236,0.8023497298107309,0.00423997388047687,0.003985284060492354,0.004505526021880618,0.03252731827259447,0.8421092413745425,0.12536344927899648
Llama-3-1-8B-Instruct,prefix,gender_man,gender,False,5.0,236,0.7877518716505019,-0.010357884279752181,-0.010672082695162902,-0.01005635968709396,0.05891702087342783,0.8110989686153064,0.12998398070663145
Llama-3-1-8B-Instruct,prefix,gender_woman,gender,False,5.0,236,0.786210890796225,-0.011898865134029065,-0.01222290954221103,-0.011582034390609144,0.06300966830795948,0.808328511392381,0.12866181753849834
Llama-3-1-8B-Instruct,prefix,identity_arab,identity,False,4.0,236,0.7887017252081532,-0.009408030722100856,-0.009721919906846548,-0.009102787462584043,0.06400426820674363,0.8024569391113586,0.1335387890821344
Llama-3-1-8B-Instruct,prefix,identity_european,identity,False,4.0,236,0.7886222691859229,-0.009487486744331102,-0.009819386552198458,-0.009147312151173414,0.058172066759870605,0.8052166818167038,0.13661126836033322
Llama-3-1-8B-Instruct,prefix,placebo_long,placebo,True,9.0,236,0.7788600171521559,-0.019249738778098154,-0.019786299291556165,-0.01871239269562697,0.07744833181267392,0.7851770319993858,0.13737462312808676
Llama-3-1-8B-Instruct,prefix,placebo_mid,placebo,True,6.0,236,0.7878490451533916,-0.010260710776862452,-0.010616583718081652,-0.009912653311581934,0.05482803581027365,0.8100695521921394,0.13510240950375346
Llama-3-1-8B-Instruct,prefix,placebo_short,placebo,True,5.0,236,0.7859816414824987,-0.012128114447755328,-0.012489124677949031,-0.011757089822726734,0.06585754115041317,0.8020952702595165,0.13204718683555103
Llama-3-1-8B-Instruct,prefix,placebo_tok4,placebo,True,4.0,236,0.7918808672387722,-0.006228888691481897,-0.006509323866438057,-0.0059553455308837405,0.04936873722930103,0.8185372379201808,0.13209404689191656
Llama-3-1-8B-Instruct,prefix,placebo_tok5,placebo,True,5.0,236,0.7899233645806878,-0.008186391349566184,-0.008504651442675266,-0.00787179578032534,0.05770730060012269,0.8136187658094653,0.12867391441724735
Llama-3-1-8B-Instruct,prefix,placebo_tok7,placebo,True,7.0,236,0.7877375887612165,-0.010372167169037511,-0.010720831837694523,-0.01003456548866579,0.05651040163640893,0.8155947288180826,0.12789490292827657
Llama-3-1-8B-Instruct,prefix,placebo_tok9,placebo,True,9.0,236,0.7788600171521559,-0.019249738778098154,-0.019786299291556165,-0.01871239269562697,0.07744833181267392,0.7851770319993858,0.13737462312808676
Llama-3-1-8B-Instruct,prefix,region_arab_culture,region,False,9.0,236,0.7802442572379517,-0.01786549869230238,-0.018307099024118003,-0.017405403601163525,0.09702951971590378,0.7641293374917534,0.13884111719359543
Llama-3-1-8B-Instruct,prefix,region_indian_cultural_sphere,region,False,9.0,236,0.778382294511391,-0.01972746141886307,-0.02016261711211528,-0.019296068868647185,0.0926940548519833,0.7590899403055228,0.14821602155416336
Llama-3-1-8B-Instruct,prefix,region_latin_america,region,False,7.0,236,0.7821041072829295,-0.016005648647324514,-0.01642405116078207,-0.015571391822422965,0.08569696464262402,0.7796917010666076,0.13461134163468963
Llama-3-1-8B-Instruct,prefix,region_north_america,region,False,7.0,236,0.7845749488826526,-0.013534807047601474,-0.013897698107412305,-0.013173510374154075,0.06671530511194187,0.8030125034717012,0.13027219050302483
Llama-3-1-8B-Instruct,prefix,region_oceania,region,False,8.0,236,0.7840088550317086,-0.014100900898545475,-0.014516051991258638,-0.013705705295679932,0.07128592677477531,0.7949012063635479,0.13381288180881645
Llama-3-1-8B-Instruct,prefix,region_sinosphere,region,False,9.0,236,0.7835181792408733,-0.01459157668938071,-0.015001466845051718,-0.014160467602186285,0.0829596774443171,0.7735026600542209,0.14353765316212075
Llama-3-1-8B-Instruct,prefix,region_sub_saharan_africa,region,False,9.0,236,0.7822110615039276,-0.015898694426326427,-0.016374695629386576,-0.015439530020043002,0.08495940252894874,0.7805313043522414,0.13450929178979762
Llama-3-1-8B-Instruct,prefix,region_western_europe,region,False,7.0,236,0.7846980256549383,-0.013411730275315753,-0.013804337357060385,-0.01302828867051561,0.070477293092325,0.7997350913288709,0.1297876043733262
Llama-3-1-8B-Instruct,prefix,religion_christian,religion,False,4.0,236,0.7884032476251408,-0.009706508305113194,-0.009969454624895322,-0.009451814936631818,0.0587848277071238,0.8102464889782739,0.13096866463343823
Llama-3-1-8B-Instruct,prefix,religion_muslim,religion,False,4.0,236,0.7890465572728949,-0.009063198657359108,-0.009412335932759915,-0.00869219202106282,0.0737437476595818,0.7902708491455298,0.1359854268901059
Llama-3-1-8B-Instruct,reworded,gender_man,gender,False,5.0,236,0.7846168812553761,-0.013492874674877878,-0.013860063349543992,-0.013119292625431288,0.07465821888217733,0.7982891769464827,0.12705261917007737
Llama-3-1-8B-Instruct,reworded,gender_woman,gender,False,5.0,236,0.7838037435786199,-0.014306012351634138,-0.014664638257127697,-0.013937820121645928,0.07794358680465392,0.7962426703072809,0.12581375359781283
Llama-3-1-8B-Instruct,reworded,placebo_long,placebo,True,9.0,236,0.7783443604485464,-0.019765395481707686,-0.02032958103691117,-0.019183603611032843,0.08781635978168681,0.7792259337450649,0.13295769550621092
Llama-3-1-8B-Instruct,reworded,placebo_tok4,placebo,True,4.0,236,0.7888100766024347,-0.009299679327819306,-0.00962242300353818,-0.008976288676514463,0.06670099139811338,0.8054712257877523,0.12782777112311666
Llama-3-1-8B-Instruct,reworded,placebo_tok5,placebo,True,5.0,236,0.7871681820538085,-0.010941573876445577,-0.011287047139416306,-0.010602389118176394,0.07230238384963705,0.801681834074723,0.12601573064008006
Llama-3-1-8B-Instruct,reworded,placebo_tok7,placebo,True,7.0,236,0.7857915072117821,-0.01231824871847185,-0.012699005437099328,-0.011943519083877741,0.0692979798410803,0.8041665699692514,0.12653544238563738
Llama-3-1-8B-Instruct,reworded,placebo_tok9,placebo,True,9.0,236,0.7783443604485464,-0.019765395481707686,-0.02032958103691117,-0.019183603611032843,0.08781635978168681,0.7792259337450649,0.13295769550621092
Llama-3-1-8B-Instruct,reworded,region_arab_culture,region,False,9.0,236,0.7801766024302628,-0.01793315349999121,-0.018387132308493224,-0.017423940544663848,0.11215425048894433,0.7544842931015799,0.13336144249637732
Llama-3-1-8B-Instruct,reworded,region_western_europe,region,False,7.0,236,0.7838397319033995,-0.014270024026854563,-0.014650948206752033,-0.01387406382394039,0.0823198841759787,0.7918848971254298,0.12579522205483692
Llama-3-1-8B-Instruct,reworded,religion_muslim,religion,False,4.0,236,0.7857482132770247,-0.012361542653229278,-0.012744522713503594,-0.011969107623069974,0.09300483145291089,0.7730535518476992,0.13394162189287637
Llama-3-1-8B-Instruct,suffix,gender_man,gender,False,5.0,236,0.7841974868107651,-0.013912269119488991,-0.01415173805366128,-0.013670247540635578,0.1435583501701747,0.7332139714505614,0.12322765805376441
Llama-3-1-8B-Instruct,suffix,gender_woman,gender,False,5.0,236,0.7831538872698606,-0.014955868660393407,-0.015183492219549115,-0.014721391653105365,0.15555836922935193,0.7223824617536544,0.12205916246328007
Llama-3-1-8B-Instruct,suffix,placebo_long,placebo,True,9.0,236,0.7823412532018403,-0.01576850272841373,-0.015973627908250035,-0.015561229337827635,0.161725401334095,0.7109645968718562,0.1273100230911584
Llama-3-1-8B-Instruct,suffix,placebo_tok4,placebo,True,4.0,236,0.788616274625568,-0.009493481304685948,-0.009703966331178858,-0.009277335175518263,0.14525326389887888,0.7286599869958664,0.12608674735600983
Llama-3-1-8B-Instruct,suffix,placebo_tok5,placebo,True,5.0,236,0.7820390687655594,-0.016070687164694578,-0.016283456311892656,-0.015853099449206206,0.14541325959116447,0.7387872122754158,0.11579954785663485
Llama-3-1-8B-Instruct,suffix,placebo_tok7,placebo,True,7.0,236,0.7807714224366819,-0.01733833349357217,-0.017531106400035197,-0.017137845409876208,0.14201068618207527,0.735632026425752,0.12235731400529055
Llama-3-1-8B-Instruct,suffix,placebo_tok9,placebo,True,9.0,236,0.7823412532018403,-0.01576850272841373,-0.015973627908250035,-0.015561229337827635,0.161725401334095,0.7109645968718562,0.1273100230911584
Llama-3-1-8B-Instruct,suffix,region_arab_culture,region,False,9.0,236,0.7829222850880381,-0.015187470842215974,-0.015525655044337451,-0.014847508060224985,0.1914445279880258,0.6888873488892733,0.11966812670652772
Llama-3-1-8B-Instruct,suffix,region_western_europe,region,False,7.0,236,0.78309252252013,-0.01501723341012405,-0.015287114061036352,-0.014749296868251542,0.1534045566240206,0.7256374164185002,0.12095802737636006
Llama-3-1-8B-Instruct,suffix,religion_muslim,religion,False,4.0,236,0.7875144087662131,-0.010595347164040906,-0.010867804850814707,-0.01032880738503852,0.146487253664491,0.7301957955437357,0.12331697178601236
Qwen2-5-7B-Instruct,context,gender_woman,gender,False,5.0,64,0.6465093763545156,-0.015904678031802177,-0.01705839184578508,-0.01485311295837164,0.11576449407780513,0.7574827505780265,0.1267527409367108
Qwen2-5-7B-Instruct,context,placebo_long,placebo,True,9.0,64,0.6424915893003345,-0.019922465085983276,-0.021490563498809935,-0.01843951621558517,0.09323212898858542,0.7812237170061436,0.12554412044475186
Qwen2-5-7B-Instruct,context,placebo_mid,placebo,True,6.0,64,0.6446549678221345,-0.017759086564183235,-0.019056135253049434,-0.01649667085148394,0.08363334235950065,0.7915927129600906,0.1247739537599967
Qwen2-5-7B-Instruct,context,region_arab_culture,region,False,9.0,64,0.6460003722459078,-0.016413682140409946,-0.017673786100931465,-0.01525006340816617,0.14196470129652644,0.7360500782056051,0.12198523624292934
Qwen2-5-7B-Instruct,context,region_sinosphere,region,False,9.0,64,0.6429920485243201,-0.019422005861997604,-0.020626890333369376,-0.018296482390724123,0.12882805401544012,0.7473933622823501,0.12377857067375392
Qwen2-5-7B-Instruct,context,region_western_europe,region,False,7.0,64,0.6467212876304984,-0.01569276675581932,-0.016911630448885263,-0.014586309902369976,0.1242234788933502,0.7511466399404576,0.1246298962618907
Qwen2-5-7B-Instruct,context_long,gender_woman,gender,False,5.0,64,0.6393999857828021,-0.023014068603515625,-0.024108676100149752,-0.021962598199024796,0.1729264838592486,0.7019732032932419,0.12510032451112219
Qwen2-5-7B-Instruct,context_long,placebo_long,placebo,True,9.0,64,0.6357881501317024,-0.026625904254615307,-0.028196622454561292,-0.025246069580316544,0.13936225900259436,0.7333900192833773,0.12724771813243774
Qwen2-5-7B-Instruct,context_long,placebo_mid,placebo,True,6.0,64,0.6385433869436383,-0.023870667442679405,-0.02522628675214946,-0.02262541430536658,0.13077627180442883,0.7448599059701342,0.12436383517096576
Qwen2-5-7B-Instruct,context_long,region_arab_culture,region,False,9.0,64,0.6396157182753086,-0.02279833611100912,-0.02410698072053492,-0.021579888067208234,0.19424961916581446,0.6847797065517025,0.1209706655488817
Qwen2-5-7B-Instruct,context_long,region_sinosphere,region,False,9.0,64,0.6361714322119951,-0.026242622174322605,-0.027487527625635267,-0.025077161425724626,0.183298172433437,0.6938100942480323,0.12289171650784303
Qwen2-5-7B-Instruct,context_long,region_western_europe,region,False,7.0,64,0.6380247445777059,-0.02438930980861187,-0.02559831172693521,-0.023213024949654937,0.17982144272385492,0.6967258247303079,0.12345270397661356
Qwen2-5-7B-Instruct,embedded,gender_man,gender,False,5.0,64,0.6658654902130365,0.0034514358267188072,0.0026182117639109493,0.004296327824704349,0.02615694659313641,0.8370573242217789,0.13678569924421516
Qwen2-5-7B-Instruct,embedded,gender_woman,gender,False,5.0,64,0.6637637531384826,0.0013496987521648407,0.00043071778491139413,0.0022676245542243103,0.028526242755140784,0.840721765550194,0.13075201283413918
Qwen2-5-7B-Instruct,embedded,placebo_long,placebo,True,9.0,64,0.6559570161625743,-0.006457038223743439,-0.007461871765553951,-0.005459728138521315,0.04069232804274403,0.8439088198470193,0.11539886076721165
Qwen2-5-7B-Instruct,embedded,placebo_tok4,placebo,True,4.0,64,0.6617041612043977,-0.0007098931819200516,-0.0016938848653808235,0.0002571773016825318,0.02156246209594917,0.8485464309535852,0.1298911166367879
Qwen2-5-7B-Instruct,embedded,placebo_tok5,placebo,True,5.0,64,0.6584653304889798,-0.0039487238973379135,-0.004842471331357956,-0.003029767377302053,0.032520459807908776,0.8406529228515354,0.12682663941492212
Qwen2-5-7B-Instruct,embedded,placebo_tok7,placebo,True,7.0,64,0.6607108125463128,-0.001703241840004921,-0.002642449620179832,-0.0007999272085726262,0.029912909023662376,0.8415128657273169,0.12857420031623906
Qwen2-5-7B-Instruct,embedded,placebo_tok9,placebo,True,9.0,64,0.6559570161625743,-0.006457038223743439,-0.007461871765553951,-0.005459728138521315,0.04069232804274403,0.8439088198470193,0.11539886076721165
Qwen2-5-7B-Instruct,embedded,region_arab_culture,region,False,9.0,64,0.663666307926178,0.0012522535398602486,0.00028334334492683414,0.002185450098477304,0.05785919377059478,0.8218487255600935,0.12029205818027924
Qwen2-5-7B-Instruct,embedded,region_western_europe,region,False,7.0,64,0.6648025326430798,0.0023884782567620277,0.0014281270559877157,0.0033192605711519717,0.03665134726484283,0.8381433215645339,0.12520533937705822
Qwen2-5-7B-Instruct,embedded,religion_muslim,religion,False,4.0,64,0.6621948927640915,-0.00021916162222623825,-0.001296974392607808,0.0008121541934087869,0.03163873808288052,0.8455477049995651,0.12281355481828407
Qwen2-5-7B-Instruct,prefix,gender_man,gender,False,5.0,64,0.6530639939010143,-0.009350060485303402,-0.009985697455704212,-0.008747095568105578,0.04101420420343594,0.8199934893106169,0.13899234088846385
Qwen2-5-7B-Instruct,prefix,gender_woman,gender,False,5.0,64,0.6509994119405746,-0.011414642445743084,-0.012073261453770101,-0.01079512550495565,0.04555224394765078,0.817193144635615,0.13725462541746314
Qwen2-5-7B-Instruct,prefix,identity_arab,identity,False,4.0,64,0.6540752146393061,-0.008338839747011662,-0.009095349675044417,-0.0076059396378695965,0.037581948619607536,0.827249240515539,0.1351688287365164
Qwen2-5-7B-Instruct,prefix,identity_european,identity,False,4.0,64,0.654102616943419,-0.00831143744289875,-0.008973545162007213,-0.007671114848926664,0.03731601758063485,0.8240359889833498,0.13864799725753163
Qwen2-5-7B-Instruct,prefix,placebo_long,placebo,True,9.0,64,0.6500603770837188,-0.012353677302598953,-0.013458207808434963,-0.011265238840132953,0.05271859875518127,0.8149902537311546,0.13229111086030892
Qwen2-5-7B-Instruct,prefix,placebo_mid,placebo,True,6.0,64,0.6528197405859828,-0.00959431380033493,-0.010363018931820988,-0.008870476973243058,0.04141755164682732,0.8192356362851477,0.13934685691135862
Qwen2-5-7B-Instruct,prefix,placebo_short,placebo,True,5.0,64,0.6531566577032208,-0.009257396683096886,-0.010085732815787197,-0.008477232814766467,0.04128160149302036,0.8281551503978762,0.13056326183078606
Qwen2-5-7B-Instruct,prefix,placebo_tok4,placebo,True,4.0,64,0.6526559786871076,-0.009758075699210167,-0.010570663004182279,-0.008968787360936405,0.03577097143715161,0.8280207461597462,0.13620830922723115
Qwen2-5-7B-Instruct,prefix,placebo_tok5,placebo,True,5.0,64,0.651430026628077,-0.0109840277582407,-0.011874726368114352,-0.010156680643558503,0.03682385246858888,0.8278379450119004,0.13533819962448335
Qwen2-5-7B-Instruct,prefix,placebo_tok7,placebo,True,7.0,64,0.6516993576660752,-0.0107146967202425,-0.011450014333240688,-0.010003686626441776,0.04275330392168697,0.8195905291317716,0.1376561950529308
Qwen2-5-7B-Instruct,prefix,placebo_tok9,placebo,True,9.0,64,0.6500603770837188,-0.012353677302598953,-0.013458207808434963,-0.011265238840132953,0.05271859875518127,0.8149902537311546,0.13229111086030892
Qwen2-5-7B-Instruct,prefix,region_arab_culture,region,False,9.0,64,0.6495803166180849,-0.012833737768232822,-0.01378917160909623,-0.011941776680760087,0.07248848987147563,0.7939214133474926,0.1335901152316562
Qwen2-5-7B-Instruct,prefix,region_indian_cultural_sphere,region,False,9.0,64,0.6477833865210414,-0.014630667865276337,-0.015628517209552228,-0.013732480653561653,0.07214624594826827,0.7938585873491117,0.13399516091613406
Qwen2-5-7B-Instruct,prefix,region_latin_america,region,False,7.0,64,0.6498906007036567,-0.012523453682661057,-0.013413550844416023,-0.01166974399238825,0.05896255066690485,0.8045714953085588,0.1364659483183387
Qwen2-5-7B-Instruct,prefix,region_north_america,region,False,7.0,64,0.6510118525475264,-0.01140220183879137,-0.012107550585642456,-0.010713783139362932,0.052351758817443764,0.8089969927421361,0.138651233260632
Qwen2-5-7B-Instruct,prefix,region_oceania,region,False,8.0,64,0.6500281924381852,-0.012385861948132515,-0.013222873816266656,-0.011565061262808742,0.05592021888870203,0.8082311368285524,0.13584863354688945
Qwen2-5-7B-Instruct,prefix,region_sinosphere,region,False,9.0,64,0.6471563056111336,-0.015257748775184155,-0.01612585277762264,-0.014386082766577601,0.06210573824053579,0.8045168625222937,0.13337736255806554
Qwen2-5-7B-Instruct,prefix,region_sub_saharan_africa,region,False,9.0,64,0.6498384177684784,-0.012575636617839336,-0.013616127287968993,-0.011659729084931314,0.06369079861683147,0.8036360022286466,0.13267317888900632
Qwen2-5-7B-Instruct,prefix,region_western_europe,region,False,7.0,64,0.6502998154610395,-0.012114238925278187,-0.012853173888288438,-0.01144481950905174,0.055464706406945175,0.8061374900226831,0.13839780118619716
Qwen2-5-7B-Instruct,prefix,religion_christian,religion,False,4.0,64,0.6514293057844043,-0.010984748601913452,-0.011765806702896953,-0.010241509578190745,0.04070270209002261,0.8207997113418822,0.1384975877224291
Qwen2-5-7B-Instruct,prefix,religion_muslim,religion,False,4.0,64,0.6540670553222299,-0.008346999064087868,-0.00921440392266959,-0.007555935997515918,0.038739166854829185,0.8250822923519108,0.1361785287258924
Qwen2-5-7B-Instruct,reworded,gender_man,gender,False,5.0,64,0.6504884017631412,-0.011925652623176575,-0.012706223549321294,-0.01114362746011466,0.0621684707192328,0.8027236313199083,0.1351078874955798
Qwen2-5-7B-Instruct,reworded,gender_woman,gender,False,5.0,64,0.6481604715809226,-0.014253582805395126,-0.015115404245443642,-0.013401014194823802,0.06731723056179084,0.8013288980466988,0.13135388694863845
Qwen2-5-7B-Instruct,reworded,placebo_long,placebo,True,9.0,64,0.6486571067944169,-0.013756947591900826,-0.01498354976065457,-0.012620601127855482,0.06833729871729649,0.8035056543774544,0.12815704804656383
Qwen2-5-7B-Instruct,reworded,placebo_tok4,placebo,True,4.0,64,0.6508058281615376,-0.011608226224780083,-0.012677019205875694,-0.010621481901034714,0.054229310036520345,0.8151182416525417,0.1306524326497061
Qwen2-5-7B-Instruct,reworded,placebo_tok5,placebo,True,5.0,64,0.648856109008193,-0.013557945378124714,-0.014582641003653408,-0.012649164069443943,0.05422498931603826,0.8129045217347305,0.1328705171876518
Qwen2-5-7B-Instruct,reworded,placebo_tok7,placebo,True,7.0,64,0.6501493770629168,-0.012264677323400974,-0.013216469250619412,-0.011429107910953463,0.059912693112641476,0.807544888601506,0.1325424472182507
Qwen2-5-7B-Instruct,reworded,placebo_tok9,placebo,True,9.0,64,0.6486571067944169,-0.013756947591900826,-0.01498354976065457,-0.012620601127855482,0.06833729871729649,0.8035056543774544,0.12815704804656383
Qwen2-5-7B-Instruct,reworded,region_arab_culture,region,False,9.0,64,0.6471244348213077,-0.01528961956501007,-0.01631294849794358,-0.014373781485483052,0.08938601207116692,0.781409494836504,0.12920444125427122
Qwen2-5-7B-Instruct,reworded,region_western_europe,region,False,7.0,64,0.6482688467949629,-0.014145207591354847,-0.01506076690275222,-0.013254902535118164,0.0734415627662765,0.7937262557563258,0.1328321840707295
Qwen2-5-7B-Instruct,reworded,religion_muslim,religion,False,4.0,64,0.653812781907618,-0.008601272478699684,-0.009506399533711374,-0.007761257677339018,0.06257188263277075,0.8057986147199888,0.13162951880888252
Qwen2-5-7B-Instruct,suffix,gender_man,gender,False,5.0,64,0.6526613272726536,-0.00975272711366415,-0.010371522442437709,-0.009167853510007262,0.12584931486104622,0.740457970315902,0.1336927603045
Qwen2-5-7B-Instruct,suffix,gender_woman,gender,False,5.0,64,0.6531202020123601,-0.009293852373957634,-0.0099308060714975,-0.008646127092652023,0.13500158574141802,0.7314072246083065,0.13359122474564755
Qwen2-5-7B-Instruct,suffix,placebo_long,placebo,True,9.0,64,0.6548751313239336,-0.007538923062384129,-0.008342442312277853,-0.006762536754831673,0.15005698350093838,0.7221902512347365,0.12775276962548887
Qwen2-5-7B-Instruct,suffix,placebo_tok4,placebo,True,4.0,64,0.6525347614660859,-0.00987929292023182,-0.010710224532522261,-0.00906025618314743,0.12868007189046982,0.7453036901898553,0.1260162334495369
Qwen2-5-7B-Instruct,suffix,placebo_tok5,placebo,True,5.0,64,0.6523903561756015,-0.010023698210716248,-0.01069586663506925,-0.009380722627975048,0.11848555528831062,0.7473764869998809,0.13413789607568904
Qwen2-5-7B-Instruct,suffix,placebo_tok7,placebo,True,7.0,64,0.6550835985690355,-0.0073304558172822,-0.007962851086631417,-0.006724286894313991,0.11921004172475329,0.7473227054013841,0.1334672303552346
Qwen2-5-7B-Instruct,suffix,placebo_tok9,placebo,True,9.0,64,0.6548751313239336,-0.007538923062384129,-0.008342442312277853,-0.006762536754831673,0.15005698350093838,0.7221902512347365,0.12775276962548887
Qwen2-5-7B-Instruct,suffix,region_arab_culture,region,False,9.0,64,0.6533987941220403,-0.009015260264277458,-0.009775402070954443,-0.008282611961476505,0.1744686412427233,0.6981153142008273,0.12741607619627915
Qwen2-5-7B-Instruct,suffix,region_western_europe,region,False,7.0,64,0.6554396143183112,-0.0069744400680065155,-0.00767318804282695,-0.006299472576938569,0.14845717389790375,0.7150444750365683,0.13649838805098144
Qwen2-5-7B-Instruct,suffix,religion_muslim,religion,False,4.0,64,0.6598570616915822,-0.002556992694735527,-0.0034253200516104697,-0.0017406119732186207,0.13868965045613513,0.7398135474208846,0.12149685964674414
