model,variant,condition,matched_placebo,length_demo,length_placebo,n,diff_delta_sink,ci_lo,ci_hi,p,q
Llama-3-1-8B-Instruct,embedded,gender_woman,placebo_tok5,5.0,5.0,236,-0.0005523001743575274,-0.0007244980941384526,-0.00036513559772806663,5.0114105761891874e-08,5.3455046146018e-08
Llama-3-1-8B-Instruct,embedded,region_arab_culture,placebo_tok9,9.0,9.0,236,-0.0020047880835452323,-0.0022219724132347914,-0.0017892838029538174,2.1894109251018802e-32,3.8922860890700093e-32
Llama-3-1-8B-Instruct,embedded,region_western_europe,placebo_tok7,7.0,7.0,236,-0.004912608255774288,-0.00508598879105964,-0.00473608654308117,1.8145136647230349e-40,9.677406211856185e-40
Llama-3-1-8B-Instruct,embedded,religion_muslim,placebo_tok4,4.0,4.0,236,0.001666489294019796,0.0014627892965987579,0.001860855204069008,1.592006230215719e-30,2.5472099683451504e-30
Llama-3-1-8B-Instruct,prefix,gender_woman,placebo_tok5,5.0,5.0,236,-0.0037124737844628805,-0.003863569696323346,-0.0035575388599250277,1.8145136647230349e-40,9.677406211856185e-40
Llama-3-1-8B-Instruct,prefix,region_arab_culture,placebo_tok9,9.0,9.0,236,0.0013842400857957743,0.0009702328276836266,0.0018081895691358435,3.100615707674316e-09,3.543560808770647e-09
Llama-3-1-8B-Instruct,prefix,region_western_europe,placebo_tok7,7.0,7.0,236,-0.0030395631062782417,-0.003241761312898943,-0.0028278956663305476,1.1141323533967813e-39,4.456529413587125e-39
Llama-3-1-8B-Instruct,prefix,religion_muslim,placebo_tok4,4.0,4.0,236,-0.0028343099658772095,-0.003089172228918237,-0.0025690704457840678,4.7461622045646356e-37,1.2656432545505694e-36
Llama-3-1-8B-Instruct,reworded,gender_woman,placebo_tok5,5.0,5.0,236,-0.0033644384751885625,-0.0035152762812578073,-0.003213552290857849,1.8145136647230349e-40,9.677406211856185e-40
Llama-3-1-8B-Instruct,reworded,region_arab_culture,placebo_tok9,9.0,9.0,236,0.0018322419817164792,0.0014647989581196995,0.0022214873425536233,1.420174831763037e-16,1.8935664423507158e-16
Llama-3-1-8B-Instruct,reworded,region_western_europe,placebo_tok7,7.0,7.0,236,-0.0019517753083827132,-0.002141511465533305,-0.0017475342409590544,7.828326999886282e-36,1.5656653999772563e-35
Llama-3-1-8B-Instruct,reworded,religion_muslim,placebo_tok4,4.0,4.0,236,-0.00306186332540997,-0.0033026363574347253,-0.002810772981936649,7.933325323266547e-38,2.538664103445295e-37
Llama-3-1-8B-Instruct,suffix,gender_woman,placebo_tok5,5.0,5.0,236,0.0011148185043011682,0.0008522040952565307,0.001382480176576113,1.0618933454384801e-13,1.3069456559242833e-13
Llama-3-1-8B-Instruct,suffix,region_arab_culture,placebo_tok9,9.0,9.0,236,0.0005810318861977528,0.0002429978637877157,0.0009326205667802843,0.002149111352713069,0.002149111352713069
Llama-3-1-8B-Instruct,suffix,region_western_europe,placebo_tok7,7.0,7.0,236,0.002321100083448119,0.002106907648050179,0.002552366521904024,3.257682704932383e-36,7.446131896988303e-36
Llama-3-1-8B-Instruct,suffix,religion_muslim,placebo_tok4,4.0,4.0,236,-0.0011018658593549566,-0.0013167442469778708,-0.0008815400302410126,1.760777475919794e-18,2.561130874065155e-18
Qwen2-5-7B-Instruct,embedded,gender_woman,placebo_tok5,5.0,5.0,64,0.005298422649502754,0.004694515094161034,0.005909451423212886,3.696686092064686e-12,1.9715659157678324e-11
Qwen2-5-7B-Instruct,embedded,region_arab_culture,placebo_tok9,9.0,9.0,64,0.007709291763603687,0.007070021680556237,0.008354945364408195,3.5254980732707397e-12,1.9715659157678324e-11
Qwen2-5-7B-Instruct,embedded,region_western_europe,placebo_tok7,7.0,7.0,64,0.004091720096766949,0.0033196691423654557,0.004829445085488259,2.071685279620357e-11,8.286741118481428e-11
Qwen2-5-7B-Instruct,embedded,religion_muslim,placebo_tok4,4.0,4.0,64,0.0004907315596938133,-0.00033600949682295324,0.0013336009811609974,0.3957070949337319,0.3957070949337319
Qwen2-5-7B-Instruct,prefix,gender_woman,placebo_tok5,5.0,5.0,64,-0.0004306146875023842,-0.0010112006450071931,0.0001855684909969562,0.08938963773374659,0.10215958598142467
Qwen2-5-7B-Instruct,prefix,region_arab_culture,placebo_tok9,9.0,9.0,64,-0.00048006046563386917,-0.001162281120195985,0.000220717210322618,0.2038617707116589,0.2174525554257695
Qwen2-5-7B-Instruct,prefix,region_western_europe,placebo_tok7,7.0,7.0,64,-0.0013995422050356865,-0.0018771282397210599,-0.0008812671061605216,3.696540602879841e-06,7.009312411782847e-06
Qwen2-5-7B-Instruct,prefix,religion_muslim,placebo_tok4,4.0,4.0,64,0.0014110766351222992,0.0009630516869947314,0.0018806025153025984,1.921561102686024e-06,4.39213966328234e-06
Qwen2-5-7B-Instruct,reworded,gender_woman,placebo_tok5,5.0,5.0,64,-0.0006956374272704124,-0.0012877498986199499,-5.63302310183645e-05,0.014649120191901505,0.019532160255868673
Qwen2-5-7B-Instruct,reworded,region_arab_culture,placebo_tok9,9.0,9.0,64,-0.0015326719731092453,-0.0022143096663057803,-0.0008462807163596158,7.959117503158336e-05,0.00012734588005053338
Qwen2-5-7B-Instruct,reworded,region_western_europe,placebo_tok7,7.0,7.0,64,-0.0018805302679538727,-0.0023510319646447898,-0.001373998518101871,1.5957142030065998e-08,4.255237874684266e-08
Qwen2-5-7B-Instruct,reworded,religion_muslim,placebo_tok4,4.0,4.0,64,0.0030069537460803986,0.002439212123863399,0.0036295519210398186,6.416779919017783e-11,2.0533695740856907e-10
Qwen2-5-7B-Instruct,suffix,gender_woman,placebo_tok5,5.0,5.0,64,0.0007298458367586136,0.0002498212968930602,0.0012354752048850059,0.0031860847292266427,0.0046343050606932985
Qwen2-5-7B-Instruct,suffix,region_arab_culture,placebo_tok9,9.0,9.0,64,-0.0014763372018933296,-0.00201116434764117,-0.0009366353973746306,3.942738231627851e-06,7.009312411782847e-06
Qwen2-5-7B-Instruct,suffix,region_western_europe,placebo_tok7,7.0,7.0,64,0.00035601574927568436,-6.595833692699671e-05,0.0008010166930034757,0.08813593401248211,0.10215958598142467
Qwen2-5-7B-Instruct,suffix,religion_muslim,placebo_tok4,4.0,4.0,64,0.007322300225496292,0.006629469781182706,0.008041347190737725,3.5254980732707397e-12,1.9715659157678324e-11
