model,axis,demographic_mean_dlo,placebo_mean_dlo,diff,t,p_phrase_level
Llama-3-1-8B-Instruct,all,0.9690437653405325,-0.3296244569420814,1.2986682222826138,4.671725181313413,0.00014673944618984807
Llama-3-1-8B-Instruct,region,1.3050992180109025,-0.3296244569420814,1.6347236749529839,5.563625466695468,7.267898186231462e-05
Llama-3-1-8B-Instruct,gender,0.48827445888519283,-0.3296244569420814,0.8178989158272743,4.094847824798028,0.004084853851621553
Llama-3-1-8B-Instruct,religion,0.07443092727661133,-0.3296244569420814,0.40405538421869275,2.0550406243077153,0.07893747202229685
Llama-3-1-8B-Instruct,identity,1.000204099178314,-0.3296244569420814,1.3298285561203955,5.02757158663213,0.006878102799955125
Qwen2-5-7B-Instruct,all,5.079646778719765,2.309524843811989,2.7701219349077766,4.91401163690096,8.37742248325005e-05
Qwen2-5-7B-Instruct,region,4.739194717764855,2.309524843811989,2.429669873952866,3.635936372420055,0.003949952212232473
Qwen2-5-7B-Instruct,gender,5.17111942243576,2.309524843811989,2.8615945786237713,2.9627176211933532,0.07934010280352946
Qwen2-5-7B-Instruct,religion,5.894825895309449,2.309524843811989,3.58530105149746,2.511565356208696,0.17585839356637253
Qwen2-5-7B-Instruct,identity,5.534803262233734,2.309524843811989,3.2252784184217456,5.202556338939237,0.0008239797357105919
