model,variant,condition,axis,is_placebo,n,mean_dlo,dlo_ci_lo,dlo_ci_hi,mean_dp,frac_up,flip_rate,mean_d_margin,mean_prob,pct_demographic_norm,demo_span_tokens
Llama-3-1-8B-Instruct,consider,gender_man,gender,False,500,0.2967667236328125,0.19468873596191408,0.39518893337249755,0.04498184470821288,0.618,0.166,-0.014039721751627923,0.5153636165593763,0.07916717000955664,7
Llama-3-1-8B-Instruct,consider,gender_woman,gender,False,500,0.39469983673095704,0.2838453010559082,0.5046968584060668,0.06108327982724713,0.638,0.19,-0.03643588494916794,0.5314650516784106,0.08312444827849262,7
Llama-3-1-8B-Instruct,consider,identity_arab,identity,False,500,1.0587646675109863,0.9274831574440003,1.1920155855178831,0.16652372524408027,0.764,0.288,0.0024928382290250696,0.6369054970952438,0.09255722384439193,7
Llama-3-1-8B-Instruct,consider,identity_european,identity,False,500,0.7310713691711426,0.6397527432441711,0.8284548396110534,0.11752411083081091,0.746,0.206,-0.06042053570718965,0.5879058826819745,0.07846348179633893,7
Llama-3-1-8B-Instruct,consider,placebo_chess,placebo,True,500,-0.7408144454956055,-0.8531175723075867,-0.6305755089759827,-0.11415237043943714,0.294,0.198,0.012674293493250154,0.3562294014117264,0.08352391094719996,9
Llama-3-1-8B-Instruct,consider,placebo_crossword,placebo,True,500,-0.8623536529541016,-0.97440777759552,-0.7546671669960024,-0.15697245841358642,0.254,0.3,-0.04579053659310564,0.3134093134375771,0.09958935706554474,10
Llama-3-1-8B-Instruct,consider,placebo_cyclist,placebo,True,500,0.32217337799072265,0.21650589427948,0.42453721723556515,0.04778168319354339,0.628,0.178,-0.03798958795046527,0.518163455044707,0.07564885730322246,7
Llama-3-1-8B-Instruct,consider,placebo_early_riser,placebo,True,500,-0.6602112998962403,-0.7470926716804503,-0.576234121990204,-0.09296966226525187,0.252,0.188,0.01574523682502355,0.3774121095859117,0.07270668983994076,9
Llama-3-1-8B-Instruct,consider,placebo_maps,placebo,True,500,-0.9533818664550782,-1.0855627483367918,-0.8140055215835572,-0.13585333139301906,0.262,0.25,-9.780603444386493e-05,0.33452844045814445,0.07969844347297299,10
Llama-3-1-8B-Instruct,consider,placebo_runner,placebo,True,500,0.11552861404418946,0.024941184329986574,0.205566297149658,0.015428018007408008,0.564,0.156,-0.04704561799903344,0.4858097898585716,0.07203634272259773,7
Llama-3-1-8B-Instruct,consider,placebo_stairs,placebo,True,500,-0.3320328788757324,-0.434568030834198,-0.22871001853942893,-0.0557712612158454,0.394,0.18,-0.048894225567512745,0.4146105106353182,0.07542785185374479,11
Llama-3-1-8B-Instruct,consider,placebo_tea,placebo,True,500,-1.0408749084472657,-1.1501207252502441,-0.9338047113418579,-0.16610333141136505,0.216,0.29,0.0007401530402714642,0.3042784404397985,0.08734131609989802,11
Llama-3-1-8B-Instruct,consider,region_arab_culture,region,False,500,1.3070282516479492,1.1704857436180116,1.4408312098503113,0.20955273760266568,0.796,0.314,0.012832858473034612,0.6799345094538293,0.11560540535474491,11
Llama-3-1-8B-Instruct,consider,region_indian_cultural_sphere,region,False,500,1.0964838676452637,0.9728256470680238,1.2248658045768737,0.17905907954102893,0.786,0.276,-0.0065052426331377155,0.6494408513921924,0.10926164863284889,11
Llama-3-1-8B-Instruct,consider,region_latin_america,region,False,500,2.0788210639953615,1.9628556448936463,2.196786947250366,0.3238096034169045,0.932,0.424,0.07206827108045755,0.794191375268068,0.10490743337567839,9
Llama-3-1-8B-Instruct,consider,region_north_america,region,False,500,0.7531254920959473,0.6662616427421569,0.8402926155090332,0.12022193460284271,0.768,0.198,-0.05171619281839501,0.5906037064540062,0.08284316337452421,9
Llama-3-1-8B-Instruct,consider,region_oceania,region,False,500,0.5255705680847168,0.4239597724914551,0.6360769857406615,0.08662593658037174,0.656,0.224,-0.07751852814574263,0.5570077084315354,0.09159161056111823,10
Llama-3-1-8B-Instruct,consider,region_sinosphere,region,False,500,0.9709435653686523,0.855842430973053,1.0832381059646605,0.17421080213562404,0.752,0.3,-0.0965311792150969,0.6445925739867876,0.09762945961775676,11
Llama-3-1-8B-Instruct,consider,region_sub_saharan_africa,region,False,500,2.53100573348999,2.3946243331909183,2.660977905654907,0.37281606836786835,0.95,0.454,0.1528082351919207,0.843197840219032,0.10336147884828747,11
Llama-3-1-8B-Instruct,consider,region_western_europe,region,False,500,1.0351564025878905,0.9337844764709473,1.1408398705482483,0.1680608989477808,0.822,0.268,-0.04339531635828347,0.6384426707989443,0.08697240618302483,9
Llama-3-1-8B-Instruct,consider,religion_christian,religion,False,500,-0.31944621658325195,-0.4442587327957153,-0.18469631729125977,-0.04363534343217685,0.422,0.232,-0.022791989906228275,0.42674642841898675,0.0926577522846558,7
Llama-3-1-8B-Instruct,consider,religion_muslim,religion,False,500,-0.3272961120605469,-0.4978027237892151,-0.16524365711212166,-0.03825919433506927,0.434,0.296,0.00359925260833857,0.43212257751609434,0.0980224976040839,7
Llama-3-1-8B-Instruct,context,gender_man,gender,False,500,1.2962058792114257,1.1949458163261413,1.3987902454376222,0.21417121534111294,0.864,0.292,-0.03948243276540998,0.6845529871922765,0.05890018933837548,5
Llama-3-1-8B-Instruct,context,gender_woman,gender,False,500,1.8245446968078614,1.712248256492615,1.931967178058624,0.2925922399493344,0.932,0.398,0.023597591080350883,0.7629740118004981,0.06321035612978297,5
Llama-3-1-8B-Instruct,context,identity_arab,identity,False,500,2.643464973449707,2.510043991947174,2.7814336376190187,0.39573057801581135,0.958,0.484,0.1757451356596613,0.8661123498669752,0.0704713993111911,5
Llama-3-1-8B-Instruct,context,identity_european,identity,False,500,1.2565660133361816,1.1503568263053894,1.365516006374359,0.22579199120544563,0.818,0.348,-0.08140262876881152,0.6961737630566093,0.05927565798945462,5
Llama-3-1-8B-Instruct,context,placebo_chess,placebo,True,500,0.46277369689941406,0.35217364387512207,0.574711987876892,0.07878294673142047,0.626,0.202,-0.18435092683854143,0.5491647185825841,0.07156819130318265,7
Llama-3-1-8B-Instruct,context,placebo_crossword,placebo,True,500,0.08076526260375977,-0.040938326358795164,0.20214394655227652,0.003050368970994926,0.522,0.222,-0.2223235934215034,0.47343214082215856,0.08402688007578263,8
Llama-3-1-8B-Instruct,context,placebo_cyclist,placebo,True,500,0.6876814079284668,0.5799341446876526,0.7946565425872802,0.1196854519839265,0.678,0.222,-0.141357583430526,0.5900672238350901,0.05782151956878466,5
Llama-3-1-8B-Instruct,context,placebo_early_riser,placebo,True,500,-0.10980891036987304,-0.21281675004959105,-0.009954782772064269,-0.02946652617908503,0.446,0.182,-0.14345791607786607,0.4409152456720785,0.058238543791318625,7
Llama-3-1-8B-Instruct,context,placebo_maps,placebo,True,500,0.5906413879394531,0.4608884776115418,0.7112021415710448,0.10751034482112332,0.644,0.258,-0.21710653913766143,0.5778921166722869,0.06874707492787413,8
Llama-3-1-8B-Instruct,context,placebo_runner,placebo,True,500,0.5258395767211914,0.420781395816803,0.6351955898284911,0.08942757481809824,0.664,0.182,-0.1503716404357408,0.559809346669262,0.05397794772534984,5
Llama-3-1-8B-Instruct,context,placebo_stairs,placebo,True,500,0.4796822624206543,0.36582276611328124,0.5935832778930662,0.08469318155032829,0.626,0.226,-0.20540317713319128,0.5550749534014919,0.06609176930439072,9
Llama-3-1-8B-Instruct,context,placebo_tea,placebo,True,500,0.3780183715820313,0.2704860510826111,0.4970086086273193,0.06447059074699442,0.608,0.206,-0.21325682411456814,0.5348523625981579,0.07605088577002195,9
Llama-3-1-8B-Instruct,context,region_arab_culture,region,False,500,1.9804880752563476,1.8392825760841371,2.1063313913345336,0.32743578396868916,0.89,0.45,0.060781974611205956,0.7978175558198527,0.0923373388255992,9
Llama-3-1-8B-Instruct,context,region_indian_cultural_sphere,region,False,500,1.7238269081115722,1.5886620306968688,1.8541982411384583,0.2903529957543645,0.89,0.402,0.01618310000492495,0.760734767605528,0.08618657725990987,9
Llama-3-1-8B-Instruct,context,region_latin_america,region,False,500,2.8900995292663576,2.7505468336105348,3.0204738774299624,0.42619506022345727,0.972,0.506,0.22548501430535567,0.8965768320746209,0.08503174740267343,7
Llama-3-1-8B-Instruct,context,region_north_america,region,False,500,1.061067756652832,0.9622696118354798,1.1606808469772338,0.18455470779786617,0.798,0.292,-0.10074636273035734,0.6549364796490297,0.06572295301035774,7
Llama-3-1-8B-Instruct,context,region_oceania,region,False,500,1.0493119430541993,0.9215696049690246,1.1815470554351806,0.19968996904144087,0.748,0.354,-0.15323052474929205,0.6700717408926044,0.07552025867963605,8
Llama-3-1-8B-Instruct,context,region_sinosphere,region,False,500,1.335469539642334,1.2061894592285156,1.4643444548606872,0.2574705668279008,0.78,0.436,-0.08243391581423913,0.7278523386790645,0.07688619348847459,9
Llama-3-1-8B-Instruct,context,region_sub_saharan_africa,region,False,500,2.72218957901001,2.5807261198043823,2.8625971003532404,0.4149585790703319,0.938,0.504,0.2050094078569295,0.8853403509214954,0.08440155204940801,9
Llama-3-1-8B-Instruct,context,region_western_europe,region,False,500,1.2194831962585448,1.1065915142059326,1.3291665144920348,0.21961663245710816,0.812,0.336,-0.09214248477339168,0.6899984043082718,0.07047715531563324,7
Llama-3-1-8B-Instruct,context,religion_christian,religion,False,500,0.43986318588256834,0.31764964361190795,0.5540643599510192,0.071708643619769,0.616,0.256,-0.11925853432812983,0.5420904154709326,0.06768026953343531,5
Llama-3-1-8B-Instruct,context,religion_muslim,religion,False,500,1.4460570259094239,1.3067593250274658,1.5840536096572875,0.2327931976054037,0.804,0.354,-0.01964556732542631,0.7031749694565674,0.0725375512599591,5
Llama-3-1-8B-Instruct,context_long,gender_man,gender,False,500,0.7684727210998535,0.6494211323738098,0.8860750581741332,0.13919615073452934,0.704,0.274,-0.19390455516025304,0.6095779225856929,0.05498650343951386,5
Llama-3-1-8B-Instruct,context_long,gender_woman,gender,False,500,1.969101718902588,1.8477830129623414,2.0952558418273926,0.32673113090850736,0.926,0.458,0.04697747830625166,0.797112902759671,0.05967116248541576,5
Llama-3-1-8B-Instruct,context_long,identity_arab,identity,False,500,1.8463912220001222,1.7030754979133607,1.994299599170685,0.31798289975054067,0.872,0.466,0.030794611586510645,0.7883646716017042,0.0689017701568688,5
Llama-3-1-8B-Instruct,context_long,identity_european,identity,False,500,0.9593970680236816,0.8363939499855041,1.0873171189308166,0.18105910537301056,0.722,0.328,-0.1564045726181859,0.6514408772241741,0.05750895127719943,5
Llama-3-1-8B-Instruct,context_long,placebo_chess,placebo,True,500,0.3126072425842285,0.18040532999038694,0.43819772539138785,0.051897411862021015,0.572,0.232,-0.2839385618433551,0.5222791837131847,0.07493223662764059,7
Llama-3-1-8B-Instruct,context_long,placebo_crossword,placebo,True,500,0.28117884635925294,0.14542681069374086,0.41481414003372175,0.045880867505892965,0.562,0.246,-0.31199099305025757,0.5162626393570565,0.09128116060099409,8
Llama-3-1-8B-Instruct,context_long,placebo_cyclist,placebo,True,500,0.4590260772705078,0.332699435043335,0.5792380388259887,0.07919220580873733,0.626,0.24,-0.21417913320875578,0.5495739776599009,0.05781494778608193,5
Llama-3-1-8B-Instruct,context_long,placebo_early_riser,placebo,True,500,-0.39645927810668946,-0.5173236032485962,-0.28004462862014773,-0.09251021285699668,0.392,0.268,-0.18949044400938392,0.3778715589941669,0.05911129932458979,7
Llama-3-1-8B-Instruct,context_long,placebo_maps,placebo,True,500,0.340282283782959,0.20275481128692627,0.4878563625335693,0.05917786873109486,0.564,0.288,-0.3515295357343837,0.5295596405822585,0.07505543056957677,8
Llama-3-1-8B-Instruct,context_long,placebo_runner,placebo,True,500,0.2663880805969238,0.15073238859176635,0.38722227697372436,0.04041749253557158,0.574,0.234,-0.2251254468398178,0.5107992643867352,0.05424288990399678,5
Llama-3-1-8B-Instruct,context_long,placebo_stairs,placebo,True,500,0.13658436965942383,0.011282253742218019,0.2699147923469542,0.015036705724342127,0.526,0.23,-0.2816646546964049,0.4854184775755057,0.06862334104678249,9
Llama-3-1-8B-Instruct,context_long,placebo_tea,placebo,True,500,-0.10487369537353515,-0.2375019890785217,0.01899614534378048,-0.039704228222100305,0.478,0.284,-0.2806963061859722,0.4306775436290633,0.07990251703888743,9
Llama-3-1-8B-Instruct,context_long,region_arab_culture,region,False,500,1.0922910213470458,0.9539950078487396,1.2309609116554259,0.20009791666262544,0.746,0.38,-0.13977592054172358,0.670479688513789,0.09270360547704498,9
Llama-3-1-8B-Instruct,context_long,region_indian_cultural_sphere,region,False,500,0.9678330726623535,0.8350567056655884,1.1020658995628354,0.17675119072236198,0.726,0.328,-0.13094067580315158,0.6471329625735256,0.086942535385498,9
Llama-3-1-8B-Instruct,context_long,region_latin_america,region,False,500,2.367159589767456,2.230097962331772,2.5003985721588133,0.3877267418883388,0.936,0.51,0.14876148074249393,0.8581085137395025,0.08457198111762851,7
Llama-3-1-8B-Instruct,context_long,region_north_america,region,False,500,0.7648143348693848,0.6535786487579346,0.8777768568992614,0.13595567905827838,0.718,0.254,-0.1617210370795407,0.6063374509094419,0.06274720629216324,7
Llama-3-1-8B-Instruct,context_long,region_oceania,region,False,500,0.42301139450073244,0.2897643290042877,0.5584322060108184,0.07655633717026943,0.598,0.26,-0.31036568991459323,0.546938109021433,0.07790135098599868,8
Llama-3-1-8B-Instruct,context_long,region_sinosphere,region,False,500,0.6102834720611572,0.4636298817157745,0.7558086956977844,0.11845879608473035,0.638,0.304,-0.2734278330287408,0.5888405679358939,0.07551888436378076,9
Llama-3-1-8B-Instruct,context_long,region_sub_saharan_africa,region,False,500,1.749470085144043,1.6034616615772248,1.8864250469207762,0.31661612340203416,0.854,0.48,0.018726247473337905,0.7869978952531979,0.08397510070976723,9
Llama-3-1-8B-Instruct,context_long,region_western_europe,region,False,500,0.773290771484375,0.6481283720016479,0.8976696479797363,0.1451974579169807,0.678,0.304,-0.1848376188120478,0.6155792297681443,0.06859394474957393,7
Llama-3-1-8B-Instruct,context_long,religion_christian,religion,False,500,0.3347237548828125,0.19885880298614503,0.4635975534439087,0.05132088764249062,0.578,0.274,-0.12148275053082844,0.5217026594936542,0.06374810804483248,5
Llama-3-1-8B-Instruct,context_long,religion_muslim,religion,False,500,1.1956911277770996,1.0499437027931213,1.348746692943573,0.19472171875085728,0.77,0.35,-0.05154532403340889,0.6651034906020209,0.06883616372176311,5
Llama-3-1-8B-Instruct,embedded,gender_man,gender,False,500,-0.9711942977905273,-1.0905322317123414,-0.854128193283081,-0.13597429264403682,0.23,0.226,0.007839795430628436,0.33440747920712677,0.024440185419336364,2
Llama-3-1-8B-Instruct,embedded,gender_woman,gender,False,500,-0.5135717887878418,-0.6661588194847107,-0.3624578325271607,-0.061011555668616095,0.424,0.256,-0.0006869557937849153,0.4093702161825475,0.027732873276355322,2
Llama-3-1-8B-Instruct,embedded,identity_arab,identity,False,500,-0.35430612564086916,-0.5694401439666747,-0.1356456612586975,-0.020967837499693488,0.472,0.334,0.019085945799853135,0.44941393435147003,0.03140487209882227,2
Llama-3-1-8B-Instruct,embedded,identity_european,identity,False,500,0.3084208221435547,0.21245626983642577,0.4114437063217163,0.05043151818907549,0.608,0.166,-0.08031024671660499,0.520813290040239,0.02790739644070709,2
Llama-3-1-8B-Instruct,embedded,placebo_chess,placebo,True,500,-1.117004238128662,-1.240098045349121,-0.996058174610138,-0.16621422531534608,0.198,0.264,0.00852595170720656,0.30416754653581746,0.03968998980351508,4
Llama-3-1-8B-Instruct,embedded,placebo_crossword,placebo,True,500,-1.0668248481750489,-1.1752174033164977,-0.9548745107650758,-0.1658029911497304,0.2,0.26,0.00538505563701057,0.3045787807014332,0.056095370673157334,5
Llama-3-1-8B-Instruct,embedded,placebo_cyclist,placebo,True,500,-1.4883313636779785,-1.6644956697463988,-1.3086609656333925,-0.1872683546601816,0.234,0.32,0.030741714586971135,0.283113417190982,0.026575496018057424,2
Llama-3-1-8B-Instruct,embedded,placebo_early_riser,placebo,True,500,-0.4858691749572754,-0.5747262057304383,-0.39606099262237565,-0.07729223432930891,0.318,0.186,-0.016425743905213824,0.3930895375218547,0.034795961443015055,4
Llama-3-1-8B-Instruct,embedded,placebo_maps,placebo,True,500,-1.2932470626831054,-1.4470866000175477,-1.1458886901855467,-0.17891316897720963,0.228,0.314,0.02055185584399669,0.29146860287395393,0.03858036331032179,5
Llama-3-1-8B-Instruct,embedded,placebo_runner,placebo,True,500,-0.8649134674072265,-0.9867748430252076,-0.7468078410148623,-0.13006946102856307,0.258,0.232,-0.02657941079362132,0.34031231082260044,0.025054089842542367,2
Llama-3-1-8B-Instruct,embedded,placebo_stairs,placebo,True,500,-2.1823409538269045,-2.351200131797791,-2.0161636990547183,-0.2593421738484772,0.126,0.364,0.11557524078549382,0.21103959800268643,0.040973557633974915,6
Llama-3-1-8B-Instruct,embedded,placebo_tea,placebo,True,500,-5.202891750335693,-5.415487388896942,-4.986476270294189,-0.4249460509889833,0.004,0.466,0.35030900121046354,0.045435720862180236,0.0431339129761208,6
Llama-3-1-8B-Instruct,embedded,region_arab_culture,region,False,500,0.41247355270385744,0.21634152126312256,0.600882421016693,0.07340643102220448,0.588,0.336,-0.01566923457669712,0.543788202873368,0.053647627447594236,6
Llama-3-1-8B-Instruct,embedded,region_indian_cultural_sphere,region,False,500,0.5754944076538085,0.41663282794952394,0.7417010055541993,0.10260627972105565,0.61,0.332,-0.010040772690229533,0.5729880515722193,0.053177337759902146,6
Llama-3-1-8B-Instruct,embedded,region_latin_america,region,False,500,0.7800358467102051,0.6364778172492981,0.9256504536628722,0.13055051585739516,0.676,0.312,-0.041565169432681376,0.6009322877085588,0.042480111609466305,4
Llama-3-1-8B-Instruct,embedded,region_north_america,region,False,500,0.4373398094177246,0.3425157274246216,0.5323621165275573,0.06717376102867925,0.648,0.17,-0.10569971524537226,0.5375555328798428,0.038552568112229436,4
Llama-3-1-8B-Instruct,embedded,region_oceania,region,False,500,0.6440068016052246,0.5090911263465882,0.7884131516456603,0.10869744846720716,0.632,0.276,-0.07026192676057609,0.5790792203183708,0.04059107589341784,5
Llama-3-1-8B-Instruct,embedded,region_sinosphere,region,False,500,1.38501265335083,1.2319458694458008,1.5449610183715818,0.2352036761390935,0.754,0.408,0.015293106372732452,0.7055854479902571,0.048973236451632825,6
Llama-3-1-8B-Instruct,embedded,region_sub_saharan_africa,region,False,500,1.2511253356933594,1.0915217821121217,1.4097487363815306,0.19714073190654463,0.748,0.38,0.023686975173419278,0.6675225037577082,0.0464670140883997,6
Llama-3-1-8B-Instruct,embedded,region_western_europe,region,False,500,0.5758824806213378,0.46170765886306764,0.6997587628364561,0.09673240577601239,0.652,0.222,-0.10881030130713311,0.567114177627176,0.039255180237992265,4
Llama-3-1-8B-Instruct,embedded,religion_christian,religion,False,500,-1.9857055931091308,-2.163136352920532,-1.816830173301697,-0.23554532891040567,0.15,0.358,0.08822570027753981,0.23483644294075787,0.03157873485712937,2
Llama-3-1-8B-Instruct,embedded,religion_muslim,religion,False,500,-2.2349981575012206,-2.4752190123558044,-2.014118657207489,-0.23709063115242238,0.174,0.382,0.12459309055984305,0.23329114069874118,0.032742082323413045,2
Llama-3-1-8B-Instruct,imagine,gender_man,gender,False,500,0.33293527221679686,0.2360678605079651,0.4250273762702942,0.05324741776392222,0.62,0.158,-0.007811946926155556,0.5236291896150858,0.06986165998844013,6
Llama-3-1-8B-Instruct,imagine,gender_woman,gender,False,500,0.2906437797546387,0.18878685512542726,0.3965606937408447,0.04788790337270675,0.598,0.194,-0.02416362499013563,0.5182696752238705,0.07321710001964234,6
Llama-3-1-8B-Instruct,imagine,identity_arab,identity,False,500,1.0600106773376465,0.9242233345985412,1.19541676197052,0.16323213015765609,0.758,0.274,0.011088548461086202,0.6336139020088196,0.0815905126975139,6
Llama-3-1-8B-Instruct,imagine,identity_european,identity,False,500,0.6125481414794922,0.5200249647140504,0.7007095467567442,0.09895824691751501,0.732,0.188,-0.05647631510077244,0.5693400187686787,0.0702184872373691,6
Llama-3-1-8B-Instruct,imagine,placebo_chess,placebo,True,500,-0.8974722137451172,-1.0067801866531374,-0.789789347076416,-0.13529478017894753,0.234,0.218,0.02714330612381152,0.33508699167221606,0.07733878688023672,8
Llama-3-1-8B-Instruct,imagine,placebo_crossword,placebo,True,500,-0.8995284576416016,-1.0186675280570985,-0.7825759607315064,-0.16588823671415168,0.26,0.314,-0.04112863778015642,0.3044935351370119,0.09581870515483498,9
Llama-3-1-8B-Instruct,imagine,placebo_cyclist,placebo,True,500,0.44810612487792967,0.35203022403717044,0.550364637184143,0.0691777764654164,0.666,0.162,-0.029051672573916176,0.53955954831658,0.06662775901859565,6
Llama-3-1-8B-Instruct,imagine,placebo_early_riser,placebo,True,500,-0.7957570457458496,-0.8784670763969421,-0.7116144970893862,-0.10535136204980894,0.216,0.192,0.02593878125491929,0.3650304098013546,0.06760679119500035,8
Llama-3-1-8B-Instruct,imagine,placebo_maps,placebo,True,500,-0.803053165435791,-0.9399986777305603,-0.6699339372634887,-0.11855586868814814,0.288,0.24,-0.01937532094554166,0.3518259031630155,0.07561083279214956,9
Llama-3-1-8B-Instruct,imagine,placebo_runner,placebo,True,500,0.23428731155395507,0.14501111316680906,0.32504844284057616,0.03668589540177949,0.578,0.152,-0.0443996815490944,0.5070676672529432,0.06408430711304365,6
Llama-3-1-8B-Instruct,imagine,placebo_stairs,placebo,True,500,-0.03776214981079101,-0.134558532333374,0.05971165485382072,-0.009312887371840564,0.49,0.162,-0.07307549351575134,0.46106888447932304,0.07066806368744351,10
Llama-3-1-8B-Instruct,imagine,placebo_tea,placebo,True,500,-1.0338957023620605,-1.1404779210090639,-0.9209678578376772,-0.17260069583375245,0.212,0.298,-0.005389367774024121,0.2977810760174111,0.08359033967030809,10
Llama-3-1-8B-Instruct,imagine,region_arab_culture,region,False,500,1.227187753677368,1.0890163693904877,1.360348769378662,0.19589997489242875,0.784,0.298,0.010068625883259439,0.6662817467435924,0.10497994641824569,10
Llama-3-1-8B-Instruct,imagine,region_indian_cultural_sphere,region,False,500,0.9511874008178711,0.8275191736221313,1.0752445314407348,0.15493916145943087,0.748,0.274,-0.021033982183870505,0.6253209333105945,0.10199782401186847,10
Llama-3-1-8B-Instruct,imagine,region_latin_america,region,False,500,1.8964539680480956,1.7804404787063597,2.0101797616004946,0.2944551523727376,0.918,0.398,0.05201493478213073,0.7648369242239013,0.09273210766566471,8
Llama-3-1-8B-Instruct,imagine,region_north_america,region,False,500,0.6603251457214355,0.5687565845489503,0.7495220088958741,0.10595768292581334,0.748,0.186,-0.049196975855547255,0.5763394547769769,0.07565161156988659,8
Llama-3-1-8B-Instruct,imagine,region_oceania,region,False,500,0.549742603302002,0.4456939161300659,0.6601600632667541,0.09297727601431273,0.668,0.23,-0.07044274449464942,0.5633590478654764,0.08047563984391506,9
Llama-3-1-8B-Instruct,imagine,region_sinosphere,region,False,500,0.7688277072906494,0.655427178144455,0.8846257586956021,0.1393677331493891,0.71,0.256,-0.12573147532126044,0.6097495050005527,0.09296477245257592,10
Llama-3-1-8B-Instruct,imagine,region_sub_saharan_africa,region,False,500,2.2080545349121095,2.069392888736725,2.3469527438163755,0.3390321079992559,0.92,0.44,0.10079428534319669,0.8094138798504196,0.09268272173070458,10
Llama-3-1-8B-Instruct,imagine,region_western_europe,region,False,500,0.8465699157714843,0.7480407394409179,0.9440154210090637,0.13916571012809725,0.778,0.24,-0.04995792666690954,0.609547481979261,0.07934306030073271,8
Llama-3-1-8B-Instruct,imagine,religion_christian,religion,False,500,0.11979106521606445,-0.013783636760711671,0.2462252409934997,0.025446071537704354,0.528,0.218,-0.03828074429248187,0.495827843388868,0.08142505888814336,6
Llama-3-1-8B-Instruct,imagine,religion_muslim,religion,False,500,0.25130983352661135,0.09180477008819579,0.41369517240524284,0.04715679315738108,0.566,0.276,0.011097792652414104,0.5175385650085446,0.08453123139092744,6
Llama-3-1-8B-Instruct,infix,gender_man,gender,False,500,0.36954636764526366,0.2748907584190369,0.4662744108200073,0.054225294037096146,0.628,0.164,-0.01193443309034456,0.5246070658882598,0.11522723409979958,5
Llama-3-1-8B-Instruct,infix,gender_woman,gender,False,500,0.673930404663086,0.5648131716728211,0.778793334197998,0.101615323343481,0.716,0.206,-0.025777240698502,0.5719970951946446,0.12050958655029222,5
Llama-3-1-8B-Instruct,infix,identity_arab,identity,False,500,0.7930585861206054,0.6258539741516114,0.9601539848327637,0.12552318817101416,0.664,0.326,0.03394246536181966,0.5959049600221776,0.1265067687848234,5
Llama-3-1-8B-Instruct,infix,identity_european,identity,False,500,1.1322235679626464,1.0216759823799133,1.2433060588836669,0.1885055025574686,0.82,0.262,-0.03527108808938063,0.6588872744086323,0.11765276299406106,5
Llama-3-1-8B-Instruct,infix,placebo_chess,placebo,True,500,-0.5453824272155762,-0.6587328615188599,-0.4324669639587403,-0.08725842466182329,0.35,0.238,-0.03056662986473426,0.38312334718934027,0.1290449491075915,7
Llama-3-1-8B-Instruct,infix,placebo_crossword,placebo,True,500,-1.0876236839294433,-1.2201192902565003,-0.9628153450965883,-0.16811404858059634,0.228,0.294,0.019243951886958065,0.3022677232705672,0.14540324991999717,8
Llama-3-1-8B-Instruct,infix,placebo_cyclist,placebo,True,500,0.28504941177368165,0.1617891159057617,0.4153606552124023,0.049286304667808076,0.58,0.244,-0.03273861177143143,0.5196680765189717,0.11480875802067377,5
Llama-3-1-8B-Instruct,infix,placebo_early_riser,placebo,True,500,-0.16775203323364257,-0.259926065158844,-0.07263399810791027,-0.028373825539463982,0.426,0.148,-0.02491092607635089,0.4420079463116996,0.11620926543953182,7
Llama-3-1-8B-Instruct,infix,placebo_maps,placebo,True,500,-0.3502612915039062,-0.4814267532348633,-0.21988148183822642,-0.05089577408161932,0.392,0.23,-0.04718880450072707,0.41948599776954426,0.1181837336724935,8
Llama-3-1-8B-Instruct,infix,placebo_runner,placebo,True,500,0.3714253044128418,0.2507554905891418,0.4874364366531371,0.05988363081911253,0.622,0.2,-0.02859100394881007,0.5302654026702761,0.11078665263238943,5
Llama-3-1-8B-Instruct,infix,placebo_stairs,placebo,True,500,-1.1898724060058594,-1.3380586701393127,-1.0431230895996098,-0.15718863858980017,0.23,0.29,0.02338902589261448,0.3131931332613634,0.12178704975653888,9
Llama-3-1-8B-Instruct,infix,placebo_tea,placebo,True,500,-2.5971131172180177,-2.74855174446106,-2.4396664698600774,-0.29643403955408953,0.056,0.356,0.17858242865582352,0.17394773229707408,0.12966669841322806,9
Llama-3-1-8B-Instruct,infix,region_arab_culture,region,False,500,1.692433479309082,1.5347714483261108,1.8585443417549135,0.2573579870587883,0.848,0.374,0.06755509626939127,0.7277397589099519,0.15195151279495533,9
Llama-3-1-8B-Instruct,infix,region_indian_cultural_sphere,region,False,500,1.8328711051940918,1.6866048410415648,1.9777199671745298,0.27905949074193975,0.866,0.384,0.08110800668497936,0.7494412625931033,0.1490336472001514,9
Llama-3-1-8B-Instruct,infix,region_latin_america,region,False,500,1.743799259185791,1.604284506034851,1.883282518196106,0.2653125624921075,0.886,0.362,0.05038542739090827,0.7356943343432711,0.14240496605285777,7
Llama-3-1-8B-Instruct,infix,region_north_america,region,False,500,0.7349074211120605,0.6412692988395691,0.8355527188301086,0.1159966005375321,0.736,0.192,-0.06004266259551451,0.5863783723886956,0.12816840387434775,7
Llama-3-1-8B-Instruct,infix,region_oceania,region,False,500,1.0369722938537598,0.9198758114814759,1.1593725682258604,0.1743380302163135,0.776,0.282,-0.03331587862408703,0.644719802067477,0.14101174316486811,8
Llama-3-1-8B-Instruct,infix,region_sinosphere,region,False,500,2.0640846366882326,1.9239610036849977,2.206755169582367,0.3373640160642444,0.898,0.44,0.10089047340373448,0.807745787915408,0.14642792450886435,9
Llama-3-1-8B-Instruct,infix,region_sub_saharan_africa,region,False,500,2.2179280891418456,2.0703741453170776,2.3652056001663206,0.32478060089136823,0.92,0.41,0.11311286125538744,0.795162372742532,0.14363835658366889,9
Llama-3-1-8B-Instruct,infix,region_western_europe,region,False,500,1.1738983001708985,1.0561675616264343,1.2872475646018982,0.1962634061197444,0.832,0.278,-0.04434292153862391,0.6666451779709079,0.13125831566714566,7
Llama-3-1-8B-Instruct,infix,religion_christian,religion,False,500,-0.16280625915527344,-0.3105895078659058,-0.016226381206512874,-0.012528201861230258,0.454,0.272,-0.04365289579017582,0.4578535699899334,0.12171017351024138,5
Llama-3-1-8B-Instruct,infix,religion_muslim,religion,False,500,-0.18391409301757813,-0.36577375288009645,-0.00430578880310067,-0.0037115137524834267,0.484,0.336,0.01784323359821175,0.4666702580986802,0.12313708966304898,5
Llama-3-1-8B-Instruct,prefix,gender_man,gender,False,500,0.8553391838073731,0.7649750918388366,0.9461694143295287,0.1265628114980348,0.804,0.19,0.009900671521503502,0.5969445833491984,0.060169494003469805,5
Llama-3-1-8B-Instruct,prefix,gender_woman,gender,False,500,0.743232120513916,0.638573051071167,0.8471586155891419,0.1144319208784964,0.742,0.222,-0.005421197581152848,0.58481369272966,0.06433879496723449,5
Llama-3-1-8B-Instruct,prefix,identity_arab,identity,False,500,1.4880551109313964,1.347330426311493,1.6268507051467895,0.2144613397991958,0.84,0.31,0.04550836076873935,0.6848431116503595,0.07160341116270917,5
Llama-3-1-8B-Instruct,prefix,identity_european,identity,False,500,1.0665237998962402,0.9737681725502014,1.158968051147461,0.1665600556200306,0.848,0.24,-0.01725748821942974,0.6369418274711943,0.06196829045881827,5
Llama-3-1-8B-Instruct,prefix,placebo_chess,placebo,True,500,-0.41187855911254884,-0.5267125347137451,-0.3016538627624512,-0.06850601945962637,0.376,0.206,-0.002463718317903555,0.40187575239153717,0.07540570134357305,7
Llama-3-1-8B-Instruct,prefix,placebo_crossword,placebo,True,500,-0.519135944366455,-0.6264652476310729,-0.40811623735427865,-0.10470381927676635,0.346,0.246,-0.09272849427495054,0.3656779525743972,0.09367953981791192,8
Llama-3-1-8B-Instruct,prefix,placebo_cyclist,placebo,True,500,0.9453218879699707,0.8459127700805664,1.0498983409881593,0.1441842288821466,0.78,0.218,-0.005373808230735888,0.6145660007333101,0.058675160908780784,5
Llama-3-1-8B-Instruct,prefix,placebo_early_riser,placebo,True,500,0.11373514175415039,0.020056420707702638,0.20167695379257197,0.02187376262630108,0.532,0.164,0.007903894985582277,0.4922555344774647,0.05767532970161177,7
Llama-3-1-8B-Instruct,prefix,placebo_maps,placebo,True,500,-0.3223242588043213,-0.44859440484046936,-0.19592244849205018,-0.04820137582625378,0.41,0.204,-0.029774714046996654,0.4221803960249098,0.07047681859217948,8
Llama-3-1-8B-Instruct,prefix,placebo_runner,placebo,True,500,0.5850042419433594,0.48879382123947146,0.685492688369751,0.09210228277798106,0.688,0.186,-0.040464250660229385,0.5624840546291446,0.055125845396908915,5
Llama-3-1-8B-Instruct,prefix,placebo_stairs,placebo,True,500,0.3974853706359863,0.2900234775543213,0.5034928177833556,0.062210624154630356,0.626,0.178,-0.06281471128284317,0.5325923960057939,0.06563479472491515,9
Llama-3-1-8B-Instruct,prefix,placebo_tea,placebo,True,500,-0.5319002571105957,-0.6372858322143554,-0.43031016044616704,-0.09385839950130287,0.336,0.246,-0.0474969658574726,0.3765233723498607,0.0792258155800499,9
Llama-3-1-8B-Instruct,prefix,region_arab_culture,region,False,500,1.5952863845825196,1.457565737724304,1.7241019213676452,0.24269302080893837,0.85,0.344,0.038499140683766614,0.7130747926601021,0.09906095579220356,9
Llama-3-1-8B-Instruct,prefix,region_indian_cultural_sphere,region,False,500,1.1198979415893555,0.9898618042945861,1.243238179397583,0.1746598334605984,0.79,0.284,0.006197810364058405,0.6450416053117619,0.09507753455161856,9
Llama-3-1-8B-Instruct,prefix,region_latin_america,region,False,500,2.2589044914245604,2.1388558258056642,2.3802931886672973,0.3277964614779069,0.948,0.412,0.10186485891564402,0.7981782333290706,0.08763615668767932,7
Llama-3-1-8B-Instruct,prefix,region_north_america,region,False,500,1.075557071685791,0.9848447583198547,1.1664872806549071,0.16817851729130215,0.856,0.228,-0.004720958664535134,0.6385602891424658,0.06814979126918647,7
Llama-3-1-8B-Instruct,prefix,region_oceania,region,False,500,1.0332005958557129,0.9285515398979187,1.1350848213195799,0.16750762163577204,0.804,0.256,-0.022250201204985495,0.6378893934869356,0.0733381322691839,8
Llama-3-1-8B-Instruct,prefix,region_sinosphere,region,False,500,0.9732021865844727,0.8582839209079742,1.0870275324344634,0.16889994638408537,0.762,0.268,-0.0730427524111935,0.6392817182352489,0.08528149460596773,9
Llama-3-1-8B-Instruct,prefix,region_sub_saharan_africa,region,False,500,2.574912212371826,2.4441820644378662,2.710567739868164,0.37210006117886857,0.956,0.462,0.15560834164236928,0.8424818330300321,0.08707779119325357,9
Llama-3-1-8B-Instruct,prefix,region_western_europe,region,False,500,1.367126522064209,1.2716189093589783,1.4736333313941954,0.21230380586648084,0.888,0.278,0.012831908435644987,0.6826855777176445,0.07219842278832639,7
Llama-3-1-8B-Instruct,prefix,religion_christian,religion,False,500,0.48557707595825195,0.3429775761604309,0.6149295935630799,0.07959873829434033,0.614,0.238,-0.027097787025498733,0.549980510145504,0.07164031266315939,5
Llama-3-1-8B-Instruct,prefix,religion_muslim,religion,False,500,0.45908192443847656,0.31113904457092284,0.6209130737304687,0.07211082772769642,0.588,0.276,0.014862527813964686,0.54249259957886,0.07613487795530265,5
Llama-3-1-8B-Instruct,reworded,gender_man,gender,False,500,0.6088532791137695,0.5091128002166748,0.6997261547088622,0.09109751277751109,0.702,0.174,-0.0036440041710120176,0.5614792846286747,0.07630371544220291,7
Llama-3-1-8B-Instruct,reworded,gender_woman,gender,False,500,0.3837254753112793,0.2820328491210938,0.4847005180358886,0.06106283676896623,0.624,0.192,-0.026367066993328827,0.5314446086201299,0.0795622622501296,7
Llama-3-1-8B-Instruct,reworded,identity_arab,identity,False,500,1.1017432060241699,0.9759551881790162,1.225785025882721,0.16853965273764795,0.79,0.268,-0.0007333838836830005,0.6389214245888115,0.08985334945032626,7
Llama-3-1-8B-Instruct,reworded,identity_european,identity,False,500,0.8829158210754394,0.7893668417930603,0.9718456357002259,0.1426424809007682,0.804,0.218,-0.04791587295906167,0.6130242527519318,0.07587819137897403,7
Llama-3-1-8B-Instruct,reworded,placebo_chess,placebo,True,500,-0.7018046798706055,-0.8073049477577209,-0.5939172889709473,-0.11107190975810144,0.274,0.2,0.009727354336891212,0.35930986209306215,0.08432807984978886,9
Llama-3-1-8B-Instruct,reworded,placebo_crossword,placebo,True,500,-0.9343375701904297,-1.0469898363113403,-0.8222188846588135,-0.1749849839864312,0.25,0.316,-0.04571477997936272,0.29539678786473234,0.10506482530490498,10
Llama-3-1-8B-Instruct,reworded,placebo_cyclist,placebo,True,500,0.5422571525573731,0.4483311411857605,0.6349179146766663,0.08507598495130368,0.692,0.176,-0.035060289750107686,0.5554577568024673,0.07253641295073307,7
Llama-3-1-8B-Instruct,reworded,placebo_early_riser,placebo,True,500,-0.5700880813598633,-0.6508043878555297,-0.49005692577362064,-0.07851851706502364,0.286,0.176,0.007879446686363428,0.39186325478614,0.07078165300792347,9
Llama-3-1-8B-Instruct,reworded,placebo_maps,placebo,True,500,-0.9572773818969726,-1.094190079498291,-0.8249569711685181,-0.1437211497399556,0.264,0.248,-0.005131087761709006,0.326660622111208,0.08191668612346137,10
Llama-3-1-8B-Instruct,reworded,placebo_runner,placebo,True,500,0.3274720687866211,0.22958459815979004,0.42167784881591786,0.05142316066252927,0.626,0.174,-0.05342626609288743,0.5218049325136929,0.06913338013246621,7
Llama-3-1-8B-Instruct,reworded,placebo_stairs,placebo,True,500,0.14209444046020508,0.04424554996490478,0.23213125019073477,0.01984334413599334,0.534,0.178,-0.07875433840508102,0.4902251159871569,0.07439445642344936,11
Llama-3-1-8B-Instruct,reworded,placebo_tea,placebo,True,500,-0.715563835144043,-0.8177951438903809,-0.6154768597602844,-0.12550887095838487,0.29,0.26,-0.041386431329425134,0.3448729008927787,0.08968574112002706,11
Llama-3-1-8B-Instruct,reworded,region_arab_culture,region,False,500,1.3604152088165282,1.2291615561008453,1.498413094472885,0.2182491121467869,0.824,0.316,0.008602914265899634,0.6886308839979505,0.11488581844317101,11
Llama-3-1-8B-Instruct,reworded,region_indian_cultural_sphere,region,False,500,0.9454733505249023,0.8267303380966187,1.0623178998947143,0.15443515118497378,0.772,0.262,-0.023421004962823583,0.6248169230361373,0.11033754412062835,11
Llama-3-1-8B-Instruct,reworded,region_latin_america,region,False,500,2.010153392791748,1.8919004631042482,2.119670571231842,0.3108321125220307,0.948,0.392,0.061696939923462896,0.7812138843731943,0.10236275471257227,9
Llama-3-1-8B-Instruct,reworded,region_north_america,region,False,500,0.8983924560546875,0.8170273941040039,0.983370475101471,0.1436992337728475,0.84,0.2,-0.0353449483522827,0.6140810056240111,0.07990360882074157,9
Llama-3-1-8B-Instruct,reworded,region_oceania,region,False,500,0.762709831237793,0.6651468844413757,0.8599032918930053,0.1267566030422624,0.74,0.236,-0.0586801773468606,0.597138374893426,0.08723757696110708,10
Llama-3-1-8B-Instruct,reworded,region_sinosphere,region,False,500,0.8843032970428467,0.76885018658638,0.9969955775737761,0.159484904585849,0.752,0.276,-0.10666654174139625,0.6298666764370126,0.09903121773609481,11
Llama-3-1-8B-Instruct,reworded,region_sub_saharan_africa,region,False,500,2.3817368812561037,2.261806738758087,2.5067848711967464,0.3608442312017852,0.946,0.456,0.1303636969778921,0.8312260030529487,0.10071543371515096,11
Llama-3-1-8B-Instruct,reworded,region_western_europe,region,False,500,1.1154191780090332,1.0201943300247192,1.2085143613815308,0.1797909819337266,0.86,0.264,-0.025912363561603896,0.6501727537848903,0.08425680428272525,9
Llama-3-1-8B-Instruct,reworded,religion_christian,religion,False,500,0.006680992126464844,-0.12242093048095704,0.13268028841018664,0.006085879633084153,0.49,0.206,-0.03640324198016387,0.4764676514842477,0.08897492094628624,7
Llama-3-1-8B-Instruct,reworded,religion_muslim,religion,False,500,-0.08025114440917969,-0.2332533302307129,0.07066391506195063,-0.00595052106660223,0.466,0.258,0.002277222331586639,0.4644312507845614,0.09530377005757798,7
Llama-3-1-8B-Instruct,suffix,gender_man,gender,False,500,-2.2132671737670897,-2.2951286236763,-2.129577411556244,-0.2720372578282535,0.006,0.332,0.1614006400877639,0.19834451402291006,0.14485733805317683,5
Llama-3-1-8B-Instruct,suffix,gender_woman,gender,False,500,-2.200770877838135,-2.2852241426467894,-2.11923643951416,-0.28368063823499345,0.008,0.362,0.15813257314202087,0.18670113361617005,0.15646594947025885,5
Llama-3-1-8B-Instruct,suffix,identity_arab,identity,False,500,-2.9628126010894777,-3.0844755308628082,-2.848817903375626,-0.3361516602080511,0.012,0.406,0.2210556520735744,0.13423011164311238,0.15479679179431985,5
Llama-3-1-8B-Instruct,suffix,identity_european,identity,False,500,-1.065612247467041,-1.1437530562400817,-0.9890973965644837,-0.1688393530611807,0.11,0.254,0.006887244091430709,0.3015424187899829,0.14702869290278134,5
Llama-3-1-8B-Instruct,suffix,placebo_chess,placebo,True,500,-1.8403216972351075,-1.9281404940605162,-1.756530532360077,-0.265703404218955,0.024,0.354,0.11119706397034092,0.20467836763220856,0.18893269185923167,7
Llama-3-1-8B-Instruct,suffix,placebo_crossword,placebo,True,500,-2.6834555549621584,-2.773198869609833,-2.5939364306449892,-0.32635004276518065,0.0,0.4,0.20339962043500937,0.14403172908598288,0.19901425734465364,8
Llama-3-1-8B-Instruct,suffix,placebo_cyclist,placebo,True,500,-2.195184516906738,-2.2904327140808105,-2.1116094661712648,-0.29002645380649555,0.018,0.374,0.1450549511851039,0.180355318044668,0.17143960388260163,5
Llama-3-1-8B-Instruct,suffix,placebo_early_riser,placebo,True,500,-2.773490188598633,-2.852260142707825,-2.6926166319847105,-0.3150793788881118,0.0,0.376,0.20073724216639302,0.15530239296305168,0.1428758223602707,7
Llama-3-1-8B-Instruct,suffix,placebo_maps,placebo,True,500,-2.0600475883483886,-2.1711441624641417,-1.9555378313064575,-0.23427692960021793,0.048,0.286,0.16665293900754216,0.2361048422509456,0.1377019131363163,8
Llama-3-1-8B-Instruct,suffix,placebo_runner,placebo,True,500,-2.5622361602783204,-2.6408509426116944,-2.484669132518768,-0.33139043872131163,0.0,0.414,0.20145707351419595,0.13899133312985187,0.1543297381112789,5
Llama-3-1-8B-Instruct,suffix,placebo_stairs,placebo,True,500,-2.3701837425231935,-2.457978575801849,-2.2814165289878843,-0.29337485695493193,0.01,0.36,0.18064419010324811,0.1770069148962316,0.15356785418846536,9
Llama-3-1-8B-Instruct,suffix,placebo_tea,placebo,True,500,-3.7597414360046386,-3.8513696631431578,-3.667186384773254,-0.3874176781248232,0.0,0.43,0.29107824960892,0.08296409372634037,0.1627982926829155,9
Llama-3-1-8B-Instruct,suffix,region_arab_culture,region,False,500,-1.6739396018981934,-1.7948594655036927,-1.5575641308784487,-0.2289145882167021,0.102,0.334,0.09396156237346921,0.24146718363446143,0.19239836549988895,9
Llama-3-1-8B-Instruct,suffix,region_indian_cultural_sphere,region,False,500,-0.927400779724121,-1.038116403579712,-0.8242656086921692,-0.13106822614882546,0.202,0.222,0.03055360514614295,0.3393135457023382,0.18389158624654925,9
Llama-3-1-8B-Instruct,suffix,region_latin_america,region,False,500,-1.1663443374633788,-1.2489838369369508,-1.082833405303955,-0.18238547166476057,0.118,0.252,0.035617227296725756,0.28799630018640293,0.1832295748046821,7
Llama-3-1-8B-Instruct,suffix,region_north_america,region,False,500,-0.8346572265625,-0.9009470373153686,-0.769988445854187,-0.1303498877323971,0.132,0.196,-0.00842679064305889,0.3400318841187664,0.14694734721946395,7
Llama-3-1-8B-Instruct,suffix,region_oceania,region,False,500,-1.6799619636535645,-1.7700400181770324,-1.5909601148605348,-0.2628953991976445,0.058,0.368,0.0809046799557087,0.20748637265351902,0.18338013083101037,8
Llama-3-1-8B-Instruct,suffix,region_sinosphere,region,False,500,-1.231766845703125,-1.333216420555115,-1.126301776599884,-0.19925581915214824,0.152,0.312,0.018410839579279647,0.27112595269901535,0.18807404188898857,9
Llama-3-1-8B-Instruct,suffix,region_sub_saharan_africa,region,False,500,-1.4851932792663574,-1.582818263912201,-1.39082505607605,-0.21904837603624902,0.08,0.32,0.07010455555207239,0.2513333958149146,0.17866336537164051,9
Llama-3-1-8B-Instruct,suffix,region_western_europe,region,False,500,-0.9203240928649903,-0.9938483607292176,-0.8469979738235474,-0.14903686818316014,0.138,0.236,-0.020232451701500717,0.3213449036680034,0.15467076559464807,7
Llama-3-1-8B-Instruct,suffix,religion_christian,religion,False,500,-2.196654960632324,-2.2941680298805234,-2.105617476558685,-0.2609016331579496,0.01,0.328,0.13780893140428724,0.2094801386932139,0.15176726686096584,5
Llama-3-1-8B-Instruct,suffix,religion_muslim,religion,False,500,-3.170905632019043,-3.282299508666992,-3.061484527206421,-0.33957083867993276,0.008,0.414,0.2275502387096731,0.13081093317123083,0.1537661453687033,5
Llama-3-1-8B-Instruct,target,gender_man,gender,False,500,0.35967049026489256,0.264697904586792,0.4515036364555358,0.05381937864215395,0.626,0.172,-0.1005084274221555,0.5242011504933175,0.015397020911161633,2
Llama-3-1-8B-Instruct,target,gender_woman,gender,False,500,-1.1431013984680176,-1.3324408124923706,-0.960469051551819,-0.13775680838287047,0.312,0.294,0.020824768814569666,0.3326249634682931,0.019022570908572924,2
Llama-3-1-8B-Instruct,target,identity_arab,identity,False,500,-1.6691946830749511,-1.9066067070007324,-1.4390273421287538,-0.1851483120714525,0.274,0.346,0.09189793192619132,0.2852334597797111,0.01895079646966046,2
Llama-3-1-8B-Instruct,target,identity_european,identity,False,500,0.28529281997680667,0.1817114965438843,0.3943223265647888,0.04094129330910523,0.574,0.16,-0.15119781769590548,0.5113230651602688,0.0174317885918862,2
Llama-3-1-8B-Instruct,target,placebo_chess,placebo,True,500,-2.4559302635192872,-2.663932420539856,-2.2588751442909243,-0.29244946601211813,0.142,0.418,0.12922422996085264,0.17793230583904543,0.024225257198447054,4
Llama-3-1-8B-Instruct,target,placebo_crossword,placebo,True,500,-1.7362983703613282,-1.8810316308021544,-1.5909376178741457,-0.26982459722576657,0.162,0.418,0.06261694434382846,0.20055717462539696,0.035938164806475346,5
Llama-3-1-8B-Instruct,target,placebo_cyclist,placebo,True,500,-3.096144546508789,-3.403133612346649,-2.7907021240234373,-0.2575221561486819,0.222,0.396,0.12832517701667817,0.21285961570248169,0.015846752791142296,2
Llama-3-1-8B-Instruct,target,placebo_early_riser,placebo,True,500,-2.1461141471862795,-2.3140047115325926,-1.9857866094589236,-0.2694710623412685,0.12,0.388,0.11080923697060328,0.20091070950989498,0.02336843827314464,4
Llama-3-1-8B-Instruct,target,placebo_maps,placebo,True,500,-2.8062070121765137,-3.0207045045852663,-2.594017349624634,-0.31468187273205056,0.152,0.41,0.17213871883435394,0.15569989911911294,0.024188738372868862,5
Llama-3-1-8B-Instruct,target,placebo_runner,placebo,True,500,-2.445109687805176,-2.673319613838196,-2.23071045999527,-0.2602887512623727,0.184,0.38,0.11530426845092485,0.2100930205887908,0.0135376152014084,2
Llama-3-1-8B-Instruct,target,placebo_stairs,placebo,True,500,-3.552651554107666,-3.7569340564727782,-3.356664942455292,-0.3732807902067849,0.09,0.468,0.25062318389200355,0.09710098164437866,0.02754508910547951,6
Llama-3-1-8B-Instruct,target,placebo_tea,placebo,True,500,-7.454025169372558,-7.675815015411377,-7.232375199413299,-0.46439421316409657,0.0,0.484,0.41876737384730756,0.005987558687066933,0.028034868573368576,6
Llama-3-1-8B-Instruct,target,region_arab_culture,region,False,500,0.6297972946166992,0.4594983674049377,0.8024309083938599,0.1008806766230662,0.64,0.356,-0.05374081478929705,0.5712624484742298,0.04270218658745567,6
Llama-3-1-8B-Instruct,target,region_indian_cultural_sphere,region,False,500,0.6963720054626464,0.554645717048645,0.8355591821670532,0.12238851846049442,0.65,0.312,-0.08678343141395908,0.592770290311658,0.04275451601424795,6
Llama-3-1-8B-Instruct,target,region_latin_america,region,False,500,0.12280909729003907,-0.018134280204772948,0.2637049671173094,0.028035772580699364,0.546,0.278,-0.10784286135627241,0.4984175444318629,0.02950400370056571,4
Llama-3-1-8B-Instruct,target,region_north_america,region,False,500,1.1495507583618163,1.056993711566925,1.2476136395454405,0.19201556479455392,0.858,0.272,-0.07203966980675233,0.6623973366457175,0.028472080572877673,4
Llama-3-1-8B-Instruct,target,region_oceania,region,False,500,0.26783606719970704,0.14874852867126465,0.3931540452003478,0.045246534102012924,0.574,0.232,-0.12309681386655906,0.5156283059531765,0.031814059170952966,5
Llama-3-1-8B-Instruct,target,region_sinosphere,region,False,500,1.0900244674682618,0.947097570514679,1.2406190388679506,0.19854666102712368,0.716,0.372,-0.07289212694142345,0.6689284328782873,0.036674260995912096,6
Llama-3-1-8B-Instruct,target,region_sub_saharan_africa,region,False,500,0.8631957054138184,0.7071772802352906,1.0072259306907652,0.14879384442924676,0.68,0.318,-0.04188513915817677,0.6191756162804104,0.03659912525713791,6
Llama-3-1-8B-Instruct,target,region_western_europe,region,False,500,0.7665476455688477,0.6622062515258789,0.8727715132713317,0.13215875808482622,0.726,0.23,-0.1360994283610989,0.6025405299359898,0.027944385291376477,4
Llama-3-1-8B-Instruct,target,religion_christian,religion,False,500,-0.564616138458252,-0.7160884873390198,-0.41438273782730106,-0.08109135563761902,0.394,0.278,-0.036164585776105866,0.38929041621354454,0.018797251941661736,2
Llama-3-1-8B-Instruct,target,religion_muslim,religion,False,500,-2.2526853103637694,-2.500402557468414,-2.023823662281037,-0.2336052963875494,0.196,0.366,0.1251354428442723,0.23677647546361413,0.02028500390557368,2
Qwen2-5-7B-Instruct,consider,gender_man,gender,False,500,5.177037220001221,4.850050478935241,5.492611859798432,0.3351807345198575,0.97,0.362,0.20545970006593536,0.8667485490674612,0.06457788195106053,7
Qwen2-5-7B-Instruct,consider,gender_woman,gender,False,500,7.7775201454162595,7.340206520748138,8.233156360816954,0.39699087737643973,0.988,0.416,0.2572412638779066,0.9285586919240434,0.06808722533294283,7
Qwen2-5-7B-Instruct,consider,identity_arab,identity,False,500,5.18326167678833,4.7834084669113155,5.575223535633087,0.32272550927824883,0.944,0.372,0.18954354331897838,0.8542933238258525,0.06798697087725188,7
Qwen2-5-7B-Instruct,consider,identity_european,identity,False,500,5.599206214904785,5.227041582870483,5.967358292007446,0.34012084149427324,0.962,0.364,0.21593598772570222,0.8716886560418771,0.06415694805886354,7
Qwen2-5-7B-Instruct,consider,placebo_chess,placebo,True,500,2.7291297035217283,2.4493946475028996,3.0249819972038265,0.22531931604185776,0.8,0.344,0.08464715201783975,0.7568871305894614,0.06551602091128877,9
Qwen2-5-7B-Instruct,consider,placebo_crossword,placebo,True,500,3.7862502250671386,3.398116738986969,4.184166775035858,0.22941748600937115,0.834,0.358,0.13343016503325078,0.7609853005569749,0.072499046058803,10
Qwen2-5-7B-Instruct,consider,placebo_cyclist,placebo,True,500,3.598680362701416,3.3115411579132084,3.898134553432464,0.2791614521724846,0.902,0.338,0.12667583386940173,0.8107292667200883,0.06162016154281882,7
Qwen2-5-7B-Instruct,consider,placebo_early_riser,placebo,True,500,2.5863446578979494,2.3280216373443605,2.8563738066673277,0.21143554308142157,0.842,0.284,0.08019903974459984,0.7430033576290253,0.06201831996161016,9
Qwen2-5-7B-Instruct,consider,placebo_maps,placebo,True,500,3.341899242401123,3.0176819689750674,3.7066324002265927,0.2327104823538058,0.82,0.302,0.11538625043081834,0.7642782969014095,0.06363410134853421,10
Qwen2-5-7B-Instruct,consider,placebo_runner,placebo,True,500,3.9508682823181154,3.677301424217224,4.232645998573302,0.3146844168354558,0.934,0.37,0.15894376656177173,0.8462522313830596,0.059193999794900566,7
Qwen2-5-7B-Instruct,consider,placebo_stairs,placebo,True,500,1.0486574020385742,0.7072762874603272,1.400950957870483,0.028261501330469244,0.572,0.344,0.04414783774256931,0.5598293158780729,0.0670386818976706,11
Qwen2-5-7B-Instruct,consider,placebo_tea,placebo,True,500,-0.9691352005004883,-1.3111404690742492,-0.6238501191139224,-0.1466556191007495,0.354,0.392,0.08004554129839883,0.3849121954468542,0.06942191756514332,11
Qwen2-5-7B-Instruct,consider,region_arab_culture,region,False,500,4.679938404083252,4.348663750457764,5.016258096599579,0.33415330997332765,0.928,0.406,0.1708984964186603,0.8657211245209314,0.09260944110136125,11
Qwen2-5-7B-Instruct,consider,region_indian_cultural_sphere,region,False,500,4.55497847366333,4.243150802803039,4.896952923965454,0.32416555706565964,0.936,0.364,0.16905364593512553,0.8557333716132635,0.09199643127760707,11
Qwen2-5-7B-Instruct,consider,region_latin_america,region,False,500,4.011857280731201,3.7089021496772765,4.32107474527359,0.30827381111494406,0.916,0.352,0.14465221018508184,0.8398416256625477,0.07940250627118035,9
Qwen2-5-7B-Instruct,consider,region_north_america,region,False,500,4.580954559326172,4.273426305294037,4.918559053707122,0.3162511510842203,0.948,0.344,0.1677648623207968,0.8478189656318241,0.07269218157385672,9
Qwen2-5-7B-Instruct,consider,region_oceania,region,False,500,2.743863899230957,2.47380931186676,3.019352343082428,0.2325293553457939,0.86,0.316,0.0807380353500914,0.7640971698933976,0.07802341342463179,10
Qwen2-5-7B-Instruct,consider,region_sinosphere,region,False,500,4.647227806091308,4.3554133944511415,4.931533888149262,0.34739229606152916,0.97,0.376,0.19643017544160313,0.8789601106091329,0.08387765708091927,11
Qwen2-5-7B-Instruct,consider,region_sub_saharan_africa,region,False,500,6.141506721496582,5.722291753196717,6.555433998203277,0.36459683924220565,0.946,0.42,0.21658648070222974,0.8961646537898094,0.08394990470133606,11
Qwen2-5-7B-Instruct,consider,region_western_europe,region,False,500,4.883792823791504,4.546154543209076,5.234377910041809,0.332049146322305,0.938,0.376,0.1885712870358895,0.8636169608699088,0.0767938128318727,9
Qwen2-5-7B-Instruct,consider,religion_christian,religion,False,500,4.743869396209717,4.348026191997528,5.116088333415985,0.31682482205920404,0.904,0.374,0.16818125659792665,0.8483926366068079,0.06596146338711929,7
Qwen2-5-7B-Instruct,consider,religion_muslim,religion,False,500,7.917458137512207,7.35855929069519,8.488783108520508,0.347258622861341,0.922,0.394,0.2335329110048562,0.8788264374089448,0.06744511514834432,7
Qwen2-5-7B-Instruct,context,gender_man,gender,False,500,2.3767493171691894,2.143100608062744,2.6158016711235046,0.20380321974965215,0.85,0.278,0.07291258620459012,0.7353710342972559,0.03708145491667955,5
Qwen2-5-7B-Instruct,context,gender_woman,gender,False,500,3.572686382293701,3.3204228331565857,3.824033781528473,0.3076431101144869,0.944,0.348,0.14360482469236316,0.8392109246620908,0.04174565229385269,5
Qwen2-5-7B-Instruct,context,identity_arab,identity,False,500,1.9586107864379882,1.6549308055877685,2.2651082156181337,0.13196288943569193,0.716,0.278,0.059940443304528,0.6635307039832955,0.041049804370830105,5
Qwen2-5-7B-Instruct,context,identity_european,identity,False,500,3.1404273109436036,2.8189834576606754,3.4572588644027706,0.20393186113765294,0.834,0.294,0.08880742399453712,0.7354996756852568,0.03927397112784537,5
Qwen2-5-7B-Instruct,context,placebo_chess,placebo,True,500,1.6172155075073242,1.3850708722114564,1.8633746190071103,0.12911523036719427,0.734,0.252,0.03080925005997609,0.660683044914798,0.04132553185353743,7
Qwen2-5-7B-Instruct,context,placebo_crossword,placebo,True,500,2.137516834259033,1.7761664709091185,2.5068013009071346,0.11574210490310373,0.702,0.31,0.11063544278520854,0.6473099194507074,0.04852485629761515,8
Qwen2-5-7B-Instruct,context,placebo_cyclist,placebo,True,500,2.264260837554932,1.99835788564682,2.551559975528717,0.18212973139626343,0.798,0.27,0.05531246269465975,0.7136975459438671,0.03697138960627329,5
Qwen2-5-7B-Instruct,context,placebo_early_riser,placebo,True,500,2.2230621604919434,1.9909558121681212,2.4668278823852536,0.17907899406907726,0.808,0.262,0.06755057931080315,0.7106468086166811,0.03870937677781269,7
Qwen2-5-7B-Instruct,context,placebo_maps,placebo,True,500,2.85085969543457,2.562224352741241,3.139592144680023,0.22618598159347544,0.85,0.316,0.1065015721475609,0.7577537961410792,0.041962473947710036,8
Qwen2-5-7B-Instruct,context,placebo_runner,placebo,True,500,2.4952371139526366,2.2601697549819946,2.728472682762146,0.22026899357634694,0.876,0.28,0.06620338239498298,0.7518368081239506,0.03346894608733873,5
Qwen2-5-7B-Instruct,context,placebo_stairs,placebo,True,500,0.479788761138916,0.2084469944000244,0.7514917775154113,-0.01180452942120366,0.532,0.28,0.04720553321518803,0.5197632851264,0.04606608031231881,9
Qwen2-5-7B-Instruct,context,placebo_tea,placebo,True,500,-0.08863127136230468,-0.3460363537788391,0.18032559700012193,-0.06289026601715283,0.456,0.336,0.01533807043093627,0.46867754853045085,0.04800207860847314,9
Qwen2-5-7B-Instruct,context,region_arab_culture,region,False,500,2.4382552795410155,2.1643572295188904,2.705681307792663,0.2133172912064433,0.826,0.31,0.0600472598731959,0.744885105754047,0.06718173854419078,9
Qwen2-5-7B-Instruct,context,region_indian_cultural_sphere,region,False,500,2.993824131011963,2.722265917873383,3.2752474987983704,0.24024564044292396,0.85,0.304,0.08149158160415731,0.7718134549905278,0.06759047797622854,9
Qwen2-5-7B-Instruct,context,region_latin_america,region,False,500,2.8511492385864257,2.575196306037903,3.1129495847702024,0.2456224411447138,0.868,0.316,0.08526826052600595,0.7771902556923176,0.05427369906365047,7
Qwen2-5-7B-Instruct,context,region_north_america,region,False,500,3.169168613433838,2.925164903926849,3.4254220418930053,0.25951627689013523,0.906,0.304,0.12651941684143916,0.791084091437739,0.047523483845139776,7
Qwen2-5-7B-Instruct,context,region_oceania,region,False,500,2.312421283721924,2.0473841856956483,2.5610768776893615,0.19829091372395835,0.828,0.296,0.05597949410272318,0.7298587282715621,0.051644498914943875,8
Qwen2-5-7B-Instruct,context,region_sinosphere,region,False,500,2.9499737281799314,2.7056912653923035,3.2097176443099973,0.2475683101979493,0.872,0.306,0.11135841166312413,0.779136124745553,0.05813139122155181,9
Qwen2-5-7B-Instruct,context,region_sub_saharan_africa,region,False,500,3.917100067138672,3.5824711665153504,4.246961265182495,0.294416656186097,0.892,0.37,0.13239899046739126,0.8259844707337008,0.06033666859811565,9
Qwen2-5-7B-Instruct,context,region_western_europe,region,False,500,3.5450653228759768,3.2671695203781126,3.8313712691307065,0.2771545932121078,0.91,0.34,0.12618297343093693,0.8087224077597116,0.05054292490900133,7
Qwen2-5-7B-Instruct,context,religion_christian,religion,False,500,1.3941229209899901,1.0927995667457582,1.7209856935501098,0.07619790114998372,0.638,0.304,0.03352668301209179,0.6077657156975874,0.04045637202444554,5
Qwen2-5-7B-Instruct,context,religion_muslim,religion,False,500,2.184292121887207,1.8226016020774842,2.5636329478263855,0.10752915556176608,0.678,0.32,0.06755806992457522,0.6390969701093698,0.041433761420652394,5
Qwen2-5-7B-Instruct,context_long,gender_man,gender,False,500,4.030537593841553,3.785252628421784,4.277493120098113,0.329940623557814,0.954,0.35,0.1730318942130295,0.8615084381054177,0.034747109843759214,5
Qwen2-5-7B-Instruct,context_long,gender_woman,gender,False,500,5.358543724060058,5.082555371379852,5.651555977630616,0.39631066944855253,0.988,0.428,0.24074362782184067,0.9278784839961562,0.03927827152889155,5
Qwen2-5-7B-Instruct,context_long,identity_arab,identity,False,500,3.117394401550293,2.8482858610153197,3.4064287487983704,0.2616259503387194,0.868,0.338,0.11271414488184382,0.7931937648863232,0.04143731754792563,5
Qwen2-5-7B-Instruct,context_long,identity_european,identity,False,500,4.418783588409424,4.110052695274353,4.7308889447212215,0.3152635473410967,0.932,0.356,0.16863504330541912,0.8468313618887005,0.038297362241133635,5
Qwen2-5-7B-Instruct,context_long,placebo_chess,placebo,True,500,2.4364699668884278,2.198844138145447,2.6647299654006957,0.24775948859519695,0.838,0.32,0.08024867049432378,0.7793273031428007,0.039585957406678494,7
Qwen2-5-7B-Instruct,context_long,placebo_crossword,placebo,True,500,2.403014591217041,2.147194798374176,2.66793861618042,0.20890866149045023,0.838,0.304,0.08635916590121871,0.740476476038054,0.046617318559855916,8
Qwen2-5-7B-Instruct,context_long,placebo_cyclist,placebo,True,500,3.501046489715576,3.2505589241027835,3.764679525756836,0.30175765380119807,0.902,0.358,0.13494882436624303,0.8333254683488018,0.034925922698957036,5
Qwen2-5-7B-Instruct,context_long,placebo_early_riser,placebo,True,500,3.1419500045776365,2.900962875652313,3.3858723985671997,0.2667641873143209,0.896,0.32,0.12313862028609435,0.7983320018619245,0.036719392418989284,7
Qwen2-5-7B-Instruct,context_long,placebo_maps,placebo,True,500,3.242303283691406,3.0020046743392945,3.5067343621253966,0.2892241871275998,0.89,0.356,0.12148496534042139,0.8207920016752035,0.040091709459882226,8
Qwen2-5-7B-Instruct,context_long,placebo_runner,placebo,True,500,3.684638988494873,3.465354124832153,3.9133391712188716,0.32847845216878074,0.944,0.364,0.1540623866444251,0.8600462667163845,0.0319200382770474,5
Qwen2-5-7B-Instruct,context_long,placebo_stairs,placebo,True,500,1.8875752029418946,1.6489306237220762,2.119786100578308,0.16563484508782933,0.788,0.286,0.059778631442382824,0.697202659635433,0.04349230192602007,9
Qwen2-5-7B-Instruct,context_long,placebo_tea,placebo,True,500,1.0296071395874022,0.8116358488082887,1.246358243370056,0.09845916132129437,0.672,0.298,0.005159542048996236,0.6300269758688981,0.04589160181903493,9
Qwen2-5-7B-Instruct,context_long,region_arab_culture,region,False,500,3.5957799224853515,3.3454035002708435,3.8552738909721374,0.31421342282022846,0.928,0.364,0.15699970189641954,0.8457812373678321,0.06499096970346435,9
Qwen2-5-7B-Instruct,context_long,region_indian_cultural_sphere,region,False,500,3.95417041015625,3.6686994995117184,4.210048658275604,0.31875824387409146,0.932,0.352,0.1654507112489439,0.8503260584216952,0.0648374549980821,9
Qwen2-5-7B-Instruct,context_long,region_latin_america,region,False,500,3.752122344970703,3.4881296610832213,4.03147331199646,0.3146135866538604,0.928,0.354,0.14934845427077487,0.846181401201464,0.05303084364628245,7
Qwen2-5-7B-Instruct,context_long,region_north_america,region,False,500,4.449192661285401,4.185472804927826,4.717662778663635,0.33702224385912766,0.974,0.366,0.1928666105817195,0.8685900584067315,0.044749700610423486,7
Qwen2-5-7B-Instruct,context_long,region_oceania,region,False,500,3.2179123039245607,2.9865725764274598,3.4541904062271116,0.2926226918500116,0.922,0.334,0.12462387330330513,0.8241905063976153,0.05000449082571034,8
Qwen2-5-7B-Instruct,context_long,region_sinosphere,region,False,500,3.957869777679443,3.702030413532257,4.194365252971648,0.32916028849743295,0.952,0.364,0.17137903906477728,0.8607281030450367,0.05605095922467217,9
Qwen2-5-7B-Instruct,context_long,region_sub_saharan_africa,region,False,500,4.687684131622315,4.394025643157959,4.991530755329133,0.362034302107512,0.934,0.402,0.203825377877766,0.8936021166551157,0.05857380770883108,9
Qwen2-5-7B-Instruct,context_long,region_western_europe,region,False,500,4.558705436706543,4.256904736995697,4.86106782617569,0.3368409992405332,0.954,0.37,0.1884963135613087,0.868408813788137,0.04794943334374089,7
Qwen2-5-7B-Instruct,context_long,religion_christian,religion,False,500,2.7187786140441896,2.4344274819374085,3.0135568598747247,0.22506378333990043,0.806,0.326,0.09354760105217486,0.7566315978875042,0.03906084338668694,5
Qwen2-5-7B-Instruct,context_long,religion_muslim,religion,False,500,2.4743927688598633,2.1373029107093813,2.8116959029197686,0.16593081331266102,0.736,0.314,0.08108032437352608,0.6974986278602647,0.04019297285993658,5
Qwen2-5-7B-Instruct,embedded,gender_man,gender,False,500,1.3138422393798828,1.1128350354194643,1.5031084886550898,0.1586549723389212,0.734,0.288,-0.03280808234327425,0.6902227868865249,0.02594342830413624,2
Qwen2-5-7B-Instruct,embedded,gender_woman,gender,False,500,1.5818959808349609,1.3130617616653442,1.844366695022583,0.14683832841795535,0.698,0.352,-0.002446526481933782,0.6784061429655591,0.02837828095902559,2
Qwen2-5-7B-Instruct,embedded,identity_arab,identity,False,500,-0.009914680480957032,-0.26496444501876826,0.24976100215911856,-0.04307063483398514,0.482,0.414,-0.05212963643772562,0.4884971797136186,0.02840348335268115,2
Qwen2-5-7B-Instruct,embedded,identity_european,identity,False,500,1.1564074516296388,0.9387690814971924,1.3798656257629394,0.1349628626603739,0.658,0.37,-0.05926287551905083,0.6665306772079775,0.028200448739651926,2
Qwen2-5-7B-Instruct,embedded,placebo_chess,placebo,True,500,-1.115973934173584,-1.3252048506736755,-0.8977675039291384,-0.17724165923481333,0.326,0.41,-0.07334102921921605,0.3543261553127904,0.03314105796434424,4
Qwen2-5-7B-Instruct,embedded,placebo_crossword,placebo,True,500,1.8013541450500488,1.6204382068634033,1.984691306400299,0.24948849472159093,0.804,0.372,0.05007992034538048,0.7810563092691948,0.04299702680951556,5
Qwen2-5-7B-Instruct,embedded,placebo_cyclist,placebo,True,500,-0.2804737319946289,-0.5164658398628235,-0.051633075046539426,-0.06424342026813165,0.462,0.412,-0.11222441176763445,0.46732439427947203,0.026387939392668976,2
Qwen2-5-7B-Instruct,embedded,placebo_early_riser,placebo,True,500,0.5658476791381836,0.38129304428100586,0.7339219685554504,0.1061913567186873,0.61,0.308,-0.15258528515254308,0.637759171266291,0.029782378462806833,4
Qwen2-5-7B-Instruct,embedded,placebo_maps,placebo,True,500,0.15080169296264648,-0.07019233903884887,0.35631275968551634,0.03215425143452743,0.532,0.388,-0.13014467882851727,0.563722065982131,0.03410020202561361,5
Qwen2-5-7B-Instruct,embedded,placebo_runner,placebo,True,500,0.5536153411865234,0.3514825771331787,0.7485128425598143,0.0708523327976556,0.61,0.318,-0.10204676423372601,0.6024201473452594,0.02394226593984898,2
Qwen2-5-7B-Instruct,embedded,placebo_stairs,placebo,True,500,-1.1035354042053223,-1.3155550936698914,-0.8975319972991944,-0.18162121466837006,0.332,0.432,-0.1027090499393922,0.34994659987923366,0.03967443709621458,6
Qwen2-5-7B-Instruct,embedded,placebo_tea,placebo,True,500,-2.5732597427368162,-2.8104827610015866,-2.343833722782135,-0.32911905029739164,0.17,0.47,0.08207835462562826,0.20244876425021205,0.040799011127438195,6
Qwen2-5-7B-Instruct,embedded,region_arab_culture,region,False,500,2.3953572654724122,2.0788803642272953,2.7201804220199586,0.21817507663839555,0.748,0.438,0.04688271879107016,0.7497428911859992,0.057819682051974866,6
Qwen2-5-7B-Instruct,embedded,region_indian_cultural_sphere,region,False,500,0.3649557952880859,0.1264256121635437,0.6135947546005248,0.014677609378975465,0.544,0.352,-0.05373268593767483,0.5462454239265792,0.05604179318232849,6
Qwen2-5-7B-Instruct,embedded,region_latin_america,region,False,500,1.004021858215332,0.7461515286445617,1.2717860115051265,0.1039632270617015,0.602,0.4,-0.0655353147131383,0.6355310416093053,0.04163230306091016,4
Qwen2-5-7B-Instruct,embedded,region_north_america,region,False,500,2.1548804321289063,1.9453916388511656,2.3802628231048577,0.2463300861523261,0.822,0.344,0.04812850208582993,0.7778979006999298,0.03634239207460289,4
Qwen2-5-7B-Instruct,embedded,region_oceania,region,False,500,0.38342765045166016,0.1716928776741028,0.5930950542449949,0.04783743895656233,0.572,0.374,-0.07950531743044742,0.579405253504166,0.03866816171931723,5
Qwen2-5-7B-Instruct,embedded,region_sinosphere,region,False,500,1.0436963958740235,0.8366794823646545,1.2628723532676696,0.13930650230972572,0.686,0.346,-0.04928244524136811,0.6708743168573295,0.053232420016781315,6
Qwen2-5-7B-Instruct,embedded,region_sub_saharan_africa,region,False,500,2.591753150939941,2.256006442737579,2.9262547798156735,0.21861646304249735,0.732,0.416,0.044132825080098484,0.7501842775901012,0.04586269866524209,6
Qwen2-5-7B-Instruct,embedded,region_western_europe,region,False,500,2.232035900115967,1.9841049933433534,2.4606478040695188,0.2415914905246931,0.784,0.376,0.050730201476412,0.7731593050722969,0.03651045069873021,4
Qwen2-5-7B-Instruct,embedded,religion_christian,religion,False,500,1.220528839111328,0.9239182854652405,1.5178665252685544,0.10996913167483506,0.62,0.39,-0.0660592471890903,0.6415369462224387,0.030689947899732378,2
Qwen2-5-7B-Instruct,embedded,religion_muslim,religion,False,500,0.16064019012451172,-0.12589061470031737,0.46834406766891457,-0.032533856378410664,0.522,0.432,-0.05358789652667808,0.49903395816919305,0.03168237599672296,2
Qwen2-5-7B-Instruct,imagine,gender_man,gender,False,500,3.945006561279297,3.673337216949463,4.209782406902312,0.2907812714915338,0.956,0.328,0.14521306885085652,0.8223490860391376,0.06831944655749593,6
Qwen2-5-7B-Instruct,imagine,gender_woman,gender,False,500,5.056037288665771,4.720684084129333,5.4114669066429135,0.3352809755047034,0.964,0.368,0.18598927932194267,0.8668487900523071,0.0708744543959941,6
Qwen2-5-7B-Instruct,imagine,identity_arab,identity,False,500,6.075919368743897,5.67926963262558,6.454823509216308,0.368305627993228,0.96,0.402,0.23192336490204696,0.8998734425408318,0.06998903142001237,6
Qwen2-5-7B-Instruct,imagine,identity_european,identity,False,500,7.256967205047608,6.893131187534332,7.643294492721558,0.40320434438858616,0.98,0.424,0.26839308302790754,0.9347721589361897,0.06796673199626309,6
Qwen2-5-7B-Instruct,imagine,placebo_chess,placebo,True,500,2.707142791748047,2.4224377650260926,3.000881498146057,0.22668331441078432,0.804,0.362,0.07497118839046314,0.7582511289583881,0.07004213569981352,8
Qwen2-5-7B-Instruct,imagine,placebo_crossword,placebo,True,500,2.9148854522705077,2.5430744231224063,3.296973163604736,0.18336337598109118,0.766,0.352,0.11392452461582976,0.7149311905286948,0.07672377351338569,9
Qwen2-5-7B-Instruct,imagine,placebo_cyclist,placebo,True,500,3.701156810760498,3.401528586769104,4.011447710609436,0.28170419173500183,0.9,0.362,0.12434825139681267,0.8132720062826055,0.06440042892670926,6
Qwen2-5-7B-Instruct,imagine,placebo_early_riser,placebo,True,500,2.1605246505737306,1.9105735419273375,2.422882912063599,0.17115038703345453,0.778,0.268,0.0520138985483799,0.7027182015810582,0.065992797349961,8
Qwen2-5-7B-Instruct,imagine,placebo_maps,placebo,True,500,2.4750840225219726,2.141158635997772,2.806556435871124,0.17116551408816302,0.766,0.32,0.09243889765119963,0.7027333286357668,0.0686957051155394,9
Qwen2-5-7B-Instruct,imagine,placebo_runner,placebo,True,500,3.707666675567627,3.421809176445007,3.988175486183166,0.29386153228564604,0.918,0.37,0.13432340014760552,0.8254293468332499,0.06280182349071642,6
Qwen2-5-7B-Instruct,imagine,placebo_stairs,placebo,True,500,0.85263623046875,0.5502447318077087,1.1819537214279174,0.027487556895423055,0.584,0.32,0.04359852038886308,0.5590553714430269,0.07196641166729495,10
Qwen2-5-7B-Instruct,imagine,placebo_tea,placebo,True,500,-0.9956650161743164,-1.3070579737663268,-0.6617308990478525,-0.14269593741783176,0.346,0.392,0.0947410870402631,0.3888718771297719,0.0746994614400143,10
Qwen2-5-7B-Instruct,imagine,region_arab_culture,region,False,500,5.180636180877686,4.823544873714447,5.52675704832077,0.35178953164835286,0.948,0.394,0.20146644891721144,0.8833573461959565,0.09577678350843416,10
Qwen2-5-7B-Instruct,imagine,region_indian_cultural_sphere,region,False,500,5.052640731811524,4.7313398715972905,5.366096495342254,0.3541487872303014,0.952,0.386,0.2017647524843213,0.8857166017779052,0.09508108818105722,10
Qwen2-5-7B-Instruct,imagine,region_latin_america,region,False,500,4.308388397216797,4.02105461359024,4.595069376659393,0.33378829012353745,0.932,0.388,0.17186657737345779,0.8653561046711411,0.08306792677424812,8
Qwen2-5-7B-Instruct,imagine,region_north_america,region,False,500,4.152108489990234,3.8669945858955383,4.454483209609985,0.30238268155981124,0.944,0.356,0.15110487926748606,0.8339504961074149,0.07754115412785785,8
Qwen2-5-7B-Instruct,imagine,region_oceania,region,False,500,3.473429428100586,3.1926652747154236,3.7711520729064936,0.290906334853802,0.902,0.358,0.122404029546777,0.8224741494014057,0.08183803734012175,9
Qwen2-5-7B-Instruct,imagine,region_sinosphere,region,False,500,4.201308177947998,3.9167133435249326,4.474859468078613,0.32457251473852855,0.946,0.36,0.17651893954654246,0.8561403292861324,0.08674455885484696,10
Qwen2-5-7B-Instruct,imagine,region_sub_saharan_africa,region,False,500,7.190076751708984,6.734430397987365,7.642272349643707,0.3940242146172203,0.97,0.428,0.25651310582357656,0.9255920291648241,0.08721069115504575,10
Qwen2-5-7B-Instruct,imagine,region_western_europe,region,False,500,5.0392781944274905,4.710214890003204,5.374768659973145,0.3421381189164917,0.942,0.4,0.19747688879469372,0.8737059334640954,0.08015036393521785,8
Qwen2-5-7B-Instruct,imagine,religion_christian,religion,False,500,5.410443367004395,5.032033455944061,5.812846627902984,0.3510748828085075,0.93,0.408,0.19311765096246694,0.8826426973561113,0.07038747864705397,6
Qwen2-5-7B-Instruct,imagine,religion_muslim,religion,False,500,7.642266418457031,7.111137079143524,8.197654309082031,0.3548170638832755,0.924,0.398,0.2319431132205404,0.8863848784308792,0.07126907861981757,6
Qwen2-5-7B-Instruct,infix,gender_man,gender,False,500,0.3400185012817383,0.1254346321105957,0.5710739390373227,0.004127370796129618,0.52,0.254,-0.04300424565201384,0.5356951853437333,0.08512131258390435,5
Qwen2-5-7B-Instruct,infix,gender_woman,gender,False,500,1.5975663375854492,1.3443235569000243,1.8584677763938904,0.13060430166257037,0.712,0.258,0.016931679451723306,0.662172116210174,0.0890170985504698,5
Qwen2-5-7B-Instruct,infix,identity_arab,identity,False,500,1.5616042938232422,1.3156104919433593,1.793549332809448,0.15464449942602487,0.722,0.308,-0.009410557887753987,0.6862123139736286,0.0878466805977575,5
Qwen2-5-7B-Instruct,infix,identity_european,identity,False,500,2.5504905624389647,2.301168900966644,2.8019658084869383,0.2391680763413853,0.848,0.32,0.0827604582016482,0.770735890888989,0.08571342310722808,5
Qwen2-5-7B-Instruct,infix,placebo_chess,placebo,True,500,0.1811949882507324,0.0021149002075195314,0.3488792943000793,0.01956601193016402,0.534,0.284,-0.11843446389725054,0.5511338264777678,0.08868150090528562,7
Qwen2-5-7B-Instruct,infix,placebo_crossword,placebo,True,500,3.318900417327881,3.12352886390686,3.5074051249504086,0.34164123880006664,0.938,0.412,0.15366923364774926,0.8732090533476703,0.09430490705870066,8
Qwen2-5-7B-Instruct,infix,placebo_cyclist,placebo,True,500,0.9343021163940429,0.7571749983787537,1.1328466618537902,0.1150583940526601,0.664,0.282,-0.07903256289848462,0.6466262086002638,0.08065805857099705,5
Qwen2-5-7B-Instruct,infix,placebo_early_riser,placebo,True,500,0.6887064361572266,0.5220891321182252,0.8487071104049683,0.072977489886841,0.652,0.23,-0.04823810532547745,0.6045453044344447,0.07998162592634286,7
Qwen2-5-7B-Instruct,infix,placebo_maps,placebo,True,500,0.3698453369140625,0.18401526088714598,0.5585116177558899,0.04887422678626483,0.592,0.3,-0.11691101873095144,0.5804420413338685,0.08627358960759343,8
Qwen2-5-7B-Instruct,infix,placebo_runner,placebo,True,500,0.0046568374633789026,-0.16490165376663207,0.1722483959197998,-0.016535315602894948,0.504,0.234,-0.09542671439180307,0.5150324989447088,0.07696676734003875,5
Qwen2-5-7B-Instruct,infix,placebo_stairs,placebo,True,500,-0.3982638168334961,-0.5839499935150146,-0.21667464981079104,-0.07506270893803997,0.448,0.322,-0.12327376209038779,0.45650510560956375,0.08937842620734307,9
Qwen2-5-7B-Instruct,infix,placebo_tea,placebo,True,500,-0.5565197257995605,-0.753013169002533,-0.3627474333763123,-0.08804069042881264,0.406,0.318,-0.030956076110773955,0.443527124118791,0.09435042562907223,9
Qwen2-5-7B-Instruct,infix,region_arab_culture,region,False,500,4.038209648132324,3.7935756417274473,4.315976776981354,0.3610898606811866,0.95,0.418,0.17823401557446733,0.8926576752287904,0.12314068509669061,9
Qwen2-5-7B-Instruct,infix,region_indian_cultural_sphere,region,False,500,3.166382095336914,2.919748547458649,3.4268168944358823,0.2944217236154493,0.906,0.354,0.11112760343937808,0.8259895381630531,0.11720462854037604,9
Qwen2-5-7B-Instruct,infix,region_latin_america,region,False,500,3.007309627532959,2.7662818298339844,3.266712535190582,0.2979073335406458,0.89,0.372,0.10517920088681143,0.8294751480882496,0.1045317020249258,7
Qwen2-5-7B-Instruct,infix,region_north_america,region,False,500,2.6862952575683594,2.4591316309928892,2.9038492602348325,0.2577533799032784,0.894,0.324,0.09719692765959827,0.7893211944508821,0.09559781552145134,7
Qwen2-5-7B-Instruct,infix,region_oceania,region,False,500,1.2125700798034669,0.9889360517501831,1.4251743753433224,0.11984824561343821,0.702,0.276,-0.02258831381084747,0.6514160601610419,0.10057442229849524,8
Qwen2-5-7B-Instruct,infix,region_sinosphere,region,False,500,2.2299989585876463,2.037548869609833,2.4236652441978452,0.2356281301111585,0.872,0.282,0.06514457853406944,0.7671959446587623,0.10993680430617334,9
Qwen2-5-7B-Instruct,infix,region_sub_saharan_africa,region,False,500,4.8831485061645505,4.566247686386109,5.226153427124023,0.3815262205606151,0.958,0.428,0.2132375922908349,0.9130940351082188,0.1115770813701353,9
Qwen2-5-7B-Instruct,infix,region_western_europe,region,False,500,3.9077945556640623,3.6434684151649477,4.168253694534301,0.34013172279441484,0.942,0.376,0.17338984208344108,0.8716995373420187,0.09945064740640873,7
Qwen2-5-7B-Instruct,infix,religion_christian,religion,False,500,2.5447625617980956,2.29322787103653,2.8118300051689142,0.2475356834706396,0.836,0.338,0.0525180666058738,0.7791034980182433,0.08852600830914288,5
Qwen2-5-7B-Instruct,infix,religion_muslim,religion,False,500,1.5632818145751952,1.279244043159485,1.8822812730789182,0.11133428099827412,0.658,0.328,0.018772130391727076,0.6429020955458778,0.08771999084421539,5
Qwen2-5-7B-Instruct,prefix,gender_man,gender,False,500,4.028941097259522,3.7781757436752317,4.281441084575653,0.3177815182221843,0.966,0.34,0.16005412984843428,0.849349332769788,0.040628803904415936,5
Qwen2-5-7B-Instruct,prefix,gender_woman,gender,False,500,4.6366718444824215,4.345758559989929,4.93757535123825,0.34488370705443583,0.98,0.358,0.19069501540663789,0.8764515216020395,0.0450718760260346,5
Qwen2-5-7B-Instruct,prefix,identity_arab,identity,False,500,5.1612882232666015,4.815911140727997,5.515628674316406,0.34990582818803956,0.964,0.37,0.20928880569400315,0.8814736427356433,0.043437153577368236,5
Qwen2-5-7B-Instruct,prefix,identity_european,identity,False,500,4.897435398101806,4.559528630828858,5.236767460441589,0.32580272138176464,0.95,0.37,0.18481333857749363,0.8573705359293683,0.042582022113026606,5
Qwen2-5-7B-Instruct,prefix,placebo_chess,placebo,True,500,2.3400681686401366,2.0651678351402283,2.6383904229164123,0.19922542796903692,0.786,0.32,0.050075807094041865,0.7307932425166406,0.046002554650403225,7
Qwen2-5-7B-Instruct,prefix,placebo_crossword,placebo,True,500,2.439890079498291,2.089889070129394,2.79901141166687,0.15968597265693024,0.752,0.316,0.10756748923808043,0.6912537872045339,0.05425125938348259,8
Qwen2-5-7B-Instruct,prefix,placebo_cyclist,placebo,True,500,3.8229253883361816,3.5506055272102355,4.116434411048889,0.31592376758739227,0.936,0.354,0.1551326928277367,0.8474915821349961,0.03980007831655877,5
Qwen2-5-7B-Instruct,prefix,placebo_early_riser,placebo,True,500,2.8235226097106936,2.595117157459259,3.067708057975769,0.2511926923762759,0.892,0.296,0.11249945925099714,0.7827605069238796,0.04242118936328647,7
Qwen2-5-7B-Instruct,prefix,placebo_maps,placebo,True,500,3.4700936012268064,3.140252123737335,3.81328688173294,0.26314040912102743,0.856,0.328,0.12969792812970446,0.7947082236686313,0.046525401025769325,8
Qwen2-5-7B-Instruct,prefix,placebo_runner,placebo,True,500,3.5403441047668456,3.30567391872406,3.803808607387542,0.3085153332803979,0.954,0.34,0.14607160055221566,0.8400831478280016,0.03739308802392006,5
Qwen2-5-7B-Instruct,prefix,placebo_stairs,placebo,True,500,0.10348759460449218,-0.1919200138092041,0.39916027011871336,-0.04866988113152978,0.488,0.328,0.038546736784113855,0.4828979334160739,0.050027212952713784,9
Qwen2-5-7B-Instruct,prefix,placebo_tea,placebo,True,500,-0.47315210723876955,-0.7533861225128174,-0.18690419521331877,-0.10076457866617981,0.404,0.396,0.04395880441911637,0.43080323588142394,0.05221282035996086,9
Qwen2-5-7B-Instruct,prefix,region_arab_culture,region,False,500,4.828522762298584,4.512980109214783,5.148897705745697,0.3494963149381978,0.936,0.394,0.1948972166037152,0.8810641294858016,0.0717564215162789,9
Qwen2-5-7B-Instruct,prefix,region_indian_cultural_sphere,region,False,500,4.532556442260742,4.228656983757019,4.8566938929557795,0.3355251036792646,0.93,0.384,0.180309628492587,0.8670929182268683,0.07152534600762474,9
Qwen2-5-7B-Instruct,prefix,region_latin_america,region,False,500,3.7210811805725097,3.4479818684577945,3.999121150779724,0.30969165390099657,0.92,0.368,0.13266750268135405,0.8412594684486002,0.058549313574823764,7
Qwen2-5-7B-Instruct,prefix,region_north_america,region,False,500,4.166569881439209,3.882703885650635,4.432202727031708,0.31287049217103574,0.95,0.334,0.15738093878585716,0.8444383067186394,0.05197013915608217,7
Qwen2-5-7B-Instruct,prefix,region_oceania,region,False,500,3.9905695114135744,3.7110298809051514,4.255946783447265,0.3194067535659978,0.942,0.362,0.1514572261365777,0.8509745681136016,0.05533777761980748,8
Qwen2-5-7B-Instruct,prefix,region_sinosphere,region,False,500,4.768527446746826,4.4749568348884585,5.054939001750946,0.3556097965940637,0.976,0.38,0.1997378726860868,0.8871776111416675,0.06165273574068635,9
Qwen2-5-7B-Instruct,prefix,region_sub_saharan_africa,region,False,500,6.407711093902588,6.032390023708344,6.779875539016723,0.391040426842127,0.956,0.426,0.24419206342051292,0.9226082413897306,0.06305875228155834,9
Qwen2-5-7B-Instruct,prefix,region_western_europe,region,False,500,4.75335489654541,4.4562756909370425,5.060064422512054,0.34294589988834834,0.946,0.38,0.19334949651518935,0.8745137144359522,0.0548776503280686,7
Qwen2-5-7B-Instruct,prefix,religion_christian,religion,False,500,4.028524429321289,3.7064064911842345,4.384387020397186,0.3043793043650298,0.9,0.378,0.14794446561312335,0.8359471189126334,0.04349652654912634,5
Qwen2-5-7B-Instruct,prefix,religion_muslim,religion,False,500,6.447205493927002,5.9726122850418095,6.924265886974335,0.35373208437560283,0.936,0.402,0.21353441667886885,0.8852998989232066,0.044515214719059455,5
Qwen2-5-7B-Instruct,reworded,gender_man,gender,False,500,4.456982639312744,4.175015006256104,4.74210994644165,0.31111850650415596,0.964,0.334,0.17610693018828177,0.8426863210517597,0.061494019981852596,7
Qwen2-5-7B-Instruct,reworded,gender_woman,gender,False,500,6.290758583068848,5.913433927822113,6.646932253646851,0.3716062140045384,0.986,0.398,0.22642850953088992,0.9031740285521421,0.06659480183555308,7
Qwen2-5-7B-Instruct,reworded,identity_arab,identity,False,500,4.889451568603516,4.540409655761719,5.232571257305145,0.32421700378015,0.946,0.368,0.1852170376922532,0.8557848183277538,0.06539255372372997,7
Qwen2-5-7B-Instruct,reworded,identity_european,identity,False,500,5.21489644241333,4.8996461140632634,5.557357351970673,0.3413336528762031,0.966,0.37,0.19679421599502422,0.8729014674238068,0.06181768709986997,7
Qwen2-5-7B-Instruct,reworded,placebo_chess,placebo,True,500,2.3711067504882815,2.0736245005607605,2.6626059797286987,0.18735957562500336,0.764,0.328,0.0721766877159505,0.718927390172607,0.06313371907009145,9
Qwen2-5-7B-Instruct,reworded,placebo_crossword,placebo,True,500,3.77213277053833,3.3780161564826967,4.194307836723327,0.22878012921142563,0.83,0.352,0.13496648317317822,0.7603479437590294,0.07052972650282607,10
Qwen2-5-7B-Instruct,reworded,placebo_cyclist,placebo,True,500,3.7845394592285158,3.4915752128601074,4.070868586254119,0.296415294699336,0.918,0.366,0.15751221133977167,0.8279831092469396,0.05883786896282845,7
Qwen2-5-7B-Instruct,reworded,placebo_early_riser,placebo,True,500,1.9166661338806152,1.6963795798301697,2.1440591751098634,0.16545177337053696,0.78,0.278,0.05086668988799404,0.6970195879181407,0.05952758993446459,9
Qwen2-5-7B-Instruct,reworded,placebo_maps,placebo,True,500,3.0180676918029787,2.6578460034370424,3.3839261393547058,0.20152866164154498,0.774,0.32,0.11797718412528267,0.7330964761891486,0.06199921303661993,10
Qwen2-5-7B-Instruct,reworded,placebo_runner,placebo,True,500,4.069995418548584,3.809041864013672,4.336725323677062,0.3250110576740275,0.948,0.364,0.17651398587961126,0.8565788722216312,0.05686076356697792,7
Qwen2-5-7B-Instruct,reworded,placebo_stairs,placebo,True,500,0.7076363563537598,0.36358986959457396,1.0508185694694518,0.0013366960411770633,0.524,0.342,0.05836256142970826,0.5329045105887806,0.06630861479534018,11
Qwen2-5-7B-Instruct,reworded,placebo_tea,placebo,True,500,-1.3986553115844726,-1.7234883903503417,-1.069784228038788,-0.18521071194534147,0.31,0.408,0.0860777219087352,0.3463571026022622,0.0676832532872369,11
Qwen2-5-7B-Instruct,reworded,region_arab_culture,region,False,500,5.280456821441651,4.967532258129119,5.614544859981536,0.37335200600397467,0.96,0.412,0.2165980598107355,0.9049198205515784,0.088570464889425,11
Qwen2-5-7B-Instruct,reworded,region_indian_cultural_sphere,region,False,500,5.01310636138916,4.6909297100067135,5.3150715508461,0.3590129993209741,0.944,0.4,0.19870338847581223,0.8905808138685778,0.09003950855021199,11
Qwen2-5-7B-Instruct,reworded,region_latin_america,region,False,500,4.3904950790405275,4.106652222442627,4.70450687046051,0.336892855917647,0.934,0.374,0.17170021484927958,0.8684606704652507,0.07681006963224184,9
Qwen2-5-7B-Instruct,reworded,region_north_america,region,False,500,4.7854437789916995,4.448631056022644,5.09526921339035,0.3304913518157045,0.958,0.36,0.18029610787863987,0.8620591663633083,0.06942249080599279,9
Qwen2-5-7B-Instruct,reworded,region_oceania,region,False,500,3.345306812286377,3.0844388345718383,3.6243740365982053,0.2805022329905828,0.898,0.336,0.11436233599965363,0.8120700475381865,0.07380453458609833,10
Qwen2-5-7B-Instruct,reworded,region_sinosphere,region,False,500,4.857806167602539,4.59477913198471,5.143648254871368,0.3665177149876696,0.976,0.408,0.2119959895155767,0.8980855295352733,0.080329376210872,11
Qwen2-5-7B-Instruct,reworded,region_sub_saharan_africa,region,False,500,6.606220264434814,6.2062381179809565,7.007166357517242,0.39004662722715816,0.962,0.434,0.2430537888163092,0.921614441774762,0.0814830374404899,11
Qwen2-5-7B-Instruct,reworded,region_western_europe,region,False,500,5.364516147613525,5.013589818668366,5.709371427440643,0.3576159325693408,0.964,0.396,0.21144721155239854,0.8891837471169446,0.07278471398669836,9
Qwen2-5-7B-Instruct,reworded,religion_christian,religion,False,500,4.1865384330749515,3.8368000697135924,4.5555358790397635,0.30220194022145075,0.898,0.372,0.15473513772971417,0.8337697547690546,0.06334547638373816,7
Qwen2-5-7B-Instruct,reworded,religion_muslim,religion,False,500,6.782301486968994,6.283101056289673,7.3049191627502434,0.34106836302454585,0.926,0.394,0.21585947773978525,0.8726361775721496,0.06558404774538928,7
Qwen2-5-7B-Instruct,suffix,gender_man,gender,False,500,-1.3738210678100586,-1.5202521226882935,-1.2103238596916202,-0.22001789241328829,0.106,0.296,-0.01065655319544271,0.3115499221343154,0.12685096671521476,5
Qwen2-5-7B-Instruct,suffix,gender_woman,gender,False,500,-1.3348284568786621,-1.4712042798995972,-1.20751355676651,-0.21148084932816136,0.104,0.296,-0.0288651112488454,0.3200869652194423,0.13572985601903662,5
Qwen2-5-7B-Instruct,suffix,identity_arab,identity,False,500,-3.6167184410095214,-3.8177558872222903,-3.399524050807953,-0.44960274228299396,0.05,0.522,0.2380957541451889,0.08196507226460972,0.14485836652628423,5
Qwen2-5-7B-Instruct,suffix,identity_european,identity,False,500,-1.818278663635254,-2.023375884056091,-1.5976865913391116,-0.2824802254199344,0.126,0.422,0.05314727993446804,0.24908758912766932,0.13483241270528026,5
Qwen2-5-7B-Instruct,suffix,placebo_chess,placebo,True,500,0.4661142578125,0.2636455883026123,0.6668384259223935,0.05559080531187938,0.576,0.302,-0.041491069182176245,0.587158619859483,0.14620098767339593,7
Qwen2-5-7B-Instruct,suffix,placebo_crossword,placebo,True,500,-0.731891586303711,-0.8876866095542908,-0.5756868920326234,-0.12611282476356878,0.346,0.306,-0.13165662475001633,0.4054549897840349,0.14827484046559986,8
Qwen2-5-7B-Instruct,suffix,placebo_cyclist,placebo,True,500,1.1881707153320313,1.0328566075325012,1.3365856854438782,0.18362820288129544,0.746,0.302,-0.04608977938682518,0.7151960174288992,0.13480150139059152,5
Qwen2-5-7B-Instruct,suffix,placebo_early_riser,placebo,True,500,-0.20675321578979491,-0.3426624035835266,-0.07382330827713014,-0.0451756299284203,0.452,0.182,-0.1126285565043578,0.48639218461918343,0.11980714363180124,7
Qwen2-5-7B-Instruct,suffix,placebo_maps,placebo,True,500,-1.1610666007995605,-1.3423568377494812,-0.9890224697113037,-0.1831673954384133,0.294,0.374,-0.039555137278441385,0.3484004191091904,0.13454393270330206,8
Qwen2-5-7B-Instruct,suffix,placebo_runner,placebo,True,500,0.8311624679565429,0.6761147143363953,0.9810868685722349,0.12678371127661262,0.682,0.266,-0.08096021155707085,0.6583515258242163,0.11854729646188573,5
Qwen2-5-7B-Instruct,suffix,placebo_stairs,placebo,True,500,0.2064040832519531,0.08238682765960693,0.33616182231903075,0.021175979720196046,0.562,0.154,-0.10611318464279951,0.5527437942677997,0.1441639778612934,9
Qwen2-5-7B-Instruct,suffix,placebo_tea,placebo,True,500,-0.37487326049804687,-0.5373497214317321,-0.21024544973373419,-0.0636271183089589,0.402,0.268,-0.10655144240687872,0.4679406962386448,0.15071981710689517,9
Qwen2-5-7B-Instruct,suffix,region_arab_culture,region,False,500,-2.565094135284424,-2.731983651256561,-2.3972172414779664,-0.37285114295867205,0.076,0.472,0.1165221933716019,0.15871667158893163,0.17452169439665965,9
Qwen2-5-7B-Instruct,suffix,region_indian_cultural_sphere,region,False,500,-2.947996307373047,-3.090590950870514,-2.807863625049591,-0.411884946336291,0.028,0.506,0.14758652187368754,0.11968286821131265,0.16878064323347614,9
Qwen2-5-7B-Instruct,suffix,region_latin_america,region,False,500,-2.4176930465698243,-2.5658278940200807,-2.2697317972183226,-0.3652635036591546,0.078,0.486,0.08153387628748857,0.1663043108884491,0.15621611031714377,7
Qwen2-5-7B-Instruct,suffix,region_north_america,region,False,500,-1.7852163009643556,-1.889968181705475,-1.6797189753532409,-0.266473257312096,0.068,0.362,-0.012808667208766182,0.2650945572355076,0.14204301323739094,7
Qwen2-5-7B-Instruct,suffix,region_oceania,region,False,500,-2.0872034416198733,-2.21351617641449,-1.964784596538544,-0.32192336124597043,0.058,0.438,0.016814974967950445,0.20964445330163317,0.147722644540691,8
Qwen2-5-7B-Instruct,suffix,region_sinosphere,region,False,500,-1.8174602966308593,-1.9316783970832823,-1.6929811429977417,-0.28123191754047433,0.058,0.378,-0.00042487166912460284,0.25033589700712927,0.15965337936126406,9
Qwen2-5-7B-Instruct,suffix,region_sub_saharan_africa,region,False,500,-2.432131538391113,-2.5929928156852724,-2.2709655711174013,-0.37560191224635764,0.094,0.506,0.08317283652516033,0.155965902301246,0.16391404851326735,9
Qwen2-5-7B-Instruct,suffix,region_western_europe,region,False,500,-1.539684944152832,-1.6651328203201294,-1.4152766974449158,-0.23959692870997318,0.124,0.358,-0.03482083384283447,0.2919708858376305,0.1483720604395199,7
Qwen2-5-7B-Instruct,suffix,religion_christian,religion,False,500,-0.8250314903259277,-1.22378627243042,-0.41180279741287246,-0.20397193701673472,0.274,0.462,0.13436756047958595,0.32759587753086894,0.14248733078223397,5
Qwen2-5-7B-Instruct,suffix,religion_muslim,religion,False,500,-2.944308433532715,-3.3037905673980714,-2.5369074014663697,-0.36395819687704395,0.146,0.512,0.22358359742757772,0.16760961767055965,0.1467628343897179,5
Qwen2-5-7B-Instruct,target,gender_man,gender,False,500,-0.7647653160095215,-1.0009759631156923,-0.5354396753311158,-0.1373669835615442,0.376,0.386,-0.03947874453945168,0.3942008309860595,0.020926870940463013,2
Qwen2-5-7B-Instruct,target,gender_woman,gender,False,500,-0.9053817901611328,-1.2908647048950195,-0.5065893893241884,-0.18856660344157294,0.336,0.466,0.0835189639343952,0.34300121110603077,0.025709451080834226,2
Qwen2-5-7B-Instruct,target,identity_arab,identity,False,500,-3.359903980255127,-3.7337057469367982,-2.940369373035431,-0.36497027134663274,0.16,0.51,0.24434692778072695,0.16659754320097095,0.023332824224516564,2
Qwen2-5-7B-Instruct,target,identity_european,identity,False,500,0.5285408210754394,0.26829191083908077,0.7920633947372436,0.029423823930334027,0.534,0.326,-0.015439980075207794,0.5609916384779379,0.021248616880449076,2
Qwen2-5-7B-Instruct,target,placebo_chess,placebo,True,500,-5.076178447723389,-5.385295750427246,-4.7927004838943486,-0.45640592930007345,0.082,0.508,0.2751696139873723,0.07516188524753017,0.02639150331305395,4
Qwen2-5-7B-Instruct,target,placebo_crossword,placebo,True,500,-3.588281322479248,-3.909253421020508,-3.2262355474472053,-0.38104810657644134,0.136,0.502,0.18280147725621812,0.1505197079711623,0.037360784335437595,5
Qwen2-5-7B-Instruct,target,placebo_cyclist,placebo,True,500,-4.317946655273437,-4.633705781078339,-4.002740950965881,-0.4281790717914812,0.106,0.52,0.23579878103495855,0.1033887427561225,0.021080250627820377,2
Qwen2-5-7B-Instruct,target,placebo_early_riser,placebo,True,500,-1.5913329086303711,-1.8749394765853882,-1.3048731565475467,-0.22418657219626523,0.288,0.46,0.05731817115162379,0.3073812423513385,0.03014465009316406,4
Qwen2-5-7B-Instruct,target,placebo_maps,placebo,True,500,-6.597839859008789,-6.90546879529953,-6.301785990810394,-0.49694441370379716,0.036,0.522,0.30763831731748986,0.03462340084380649,0.026535878517919664,5
Qwen2-5-7B-Instruct,target,placebo_runner,placebo,True,500,-0.5201477813720703,-0.8103624435424804,-0.22103552904129037,-0.09618060260572252,0.41,0.37,0.028977110490791096,0.4353872119418812,0.017729087441999965,2
Qwen2-5-7B-Instruct,target,placebo_stairs,placebo,True,500,-4.370280029296875,-4.610319789886475,-4.117156606292725,-0.4473467395826101,0.074,0.526,0.24149274433725268,0.08422107496499355,0.03125800028073815,6
Qwen2-5-7B-Instruct,target,placebo_tea,placebo,True,500,-7.4192529296875,-7.681082088851929,-7.1505377219200135,-0.5146471409136782,0.012,0.536,0.33441079091303905,0.016920673633925323,0.03360367466904414,6
Qwen2-5-7B-Instruct,target,region_arab_culture,region,False,500,2.168680961608887,1.6713328902244566,2.704025391960144,0.04320035955483002,0.566,0.41,0.04882624885394689,0.5747681741024337,0.061274306096742455,6
Qwen2-5-7B-Instruct,target,region_indian_cultural_sphere,region,False,500,1.2351971588134765,0.8072704822540283,1.6889233839035034,0.006998418039335018,0.55,0.37,0.033168229524997705,0.5385662325869388,0.05694144653159611,6
Qwen2-5-7B-Instruct,target,region_latin_america,region,False,500,0.1251694450378418,-0.19209890546798705,0.4611650216102598,-0.04921656816315726,0.462,0.438,0.021170955409893794,0.48235124638444643,0.03940090167535326,4
Qwen2-5-7B-Instruct,target,region_north_america,region,False,500,5.973845283508301,5.598805824565887,6.331395818424225,0.37227696961099777,0.958,0.4,0.23278155864490843,0.9038447841586015,0.03552922751501941,4
Qwen2-5-7B-Instruct,target,region_oceania,region,False,500,-0.9276635780334472,-1.180033843612671,-0.6733267033576967,-0.1478727779854839,0.352,0.422,0.02032330951162401,0.38369503656211973,0.03938384308907276,5
Qwen2-5-7B-Instruct,target,region_sinosphere,region,False,500,3.017045223236084,2.6491065388679504,3.3762937723159787,0.21559765798479127,0.768,0.35,0.0799235036777728,0.747165472532395,0.051680056115744305,6
Qwen2-5-7B-Instruct,target,region_sub_saharan_africa,region,False,500,-0.7555348205566407,-1.0963778529167176,-0.39955331649780285,-0.1586735736642047,0.352,0.47,0.08294721432868075,0.372894240883399,0.04497290227200478,6
Qwen2-5-7B-Instruct,target,region_western_europe,region,False,500,5.623558177947998,5.206061477661133,6.0423335711479185,0.3610660773785078,0.946,0.404,0.2099283945815036,0.8926338919261115,0.03459775175893756,4
Qwen2-5-7B-Instruct,target,religion_christian,religion,False,500,0.7015970420837402,0.22380042219161986,1.1554608705520626,-0.05919607610107421,0.478,0.432,0.0705520862262246,0.4723717384465295,0.02710443790084742,2
Qwen2-5-7B-Instruct,target,religion_muslim,religion,False,500,-2.1927376441955566,-2.7015656524658205,-1.6374898586273194,-0.28046574537953844,0.24,0.508,0.21723780337954868,0.25110206916806527,0.026996910784080272,2
