model,condition,axis,is_placebo,delta_logodds_yes
Llama-3-1-8B-Instruct,gender_man,gender,False,0.5234736146926879
Llama-3-1-8B-Instruct,gender_woman,gender,False,0.4530753030776978
Llama-3-1-8B-Instruct,identity_arab,identity,False,1.1771434154510498
Llama-3-1-8B-Instruct,identity_european,identity,False,0.8232647829055786
Llama-3-1-8B-Instruct,placebo_chess,placebo,True,-0.6879924745559692
Llama-3-1-8B-Instruct,placebo_crossword,placebo,True,-0.803838906288147
Llama-3-1-8B-Instruct,placebo_cyclist,placebo,True,0.564464635848999
Llama-3-1-8B-Instruct,placebo_early_riser,placebo,True,-0.47808032131195066
Llama-3-1-8B-Instruct,placebo_maps,placebo,True,-0.7590091681480408
Llama-3-1-8B-Instruct,placebo_runner,placebo,True,0.31557305908203126
Llama-3-1-8B-Instruct,placebo_stairs,placebo,True,0.04244619560241699
Llama-3-1-8B-Instruct,placebo_tea,placebo,True,-0.8305586757659912
Llama-3-1-8B-Instruct,region_arab_culture,region,False,1.3724793996810913
Llama-3-1-8B-Instruct,region_indian_cultural_sphere,region,False,1.0282606401443481
Llama-3-1-8B-Instruct,region_latin_america,region,False,2.0610832290649412
Llama-3-1-8B-Instruct,region_north_america,region,False,0.8468500413894653
Llama-3-1-8B-Instruct,region_oceania,region,False,0.7178058996200561
Llama-3-1-8B-Instruct,region_sinosphere,region,False,0.8993191890716553
Llama-3-1-8B-Instruct,region_sub_saharan_africa,region,False,2.4239273405075075
Llama-3-1-8B-Instruct,region_western_europe,region,False,1.0910680046081542
Llama-3-1-8B-Instruct,religion_christian,religion,False,0.07315072917938233
Llama-3-1-8B-Instruct,religion_muslim,religion,False,0.07571112537384034
Qwen2-5-7B-Instruct,gender_man,gender,False,4.401991879463195
Qwen2-5-7B-Instruct,gender_woman,gender,False,5.940246965408325
Qwen2-5-7B-Instruct,identity_arab,identity,False,5.327480209350586
Qwen2-5-7B-Instruct,identity_european,identity,False,5.742126315116883
Qwen2-5-7B-Instruct,placebo_chess,placebo,True,2.5368618535995484
Qwen2-5-7B-Instruct,placebo_crossword,placebo,True,3.228289631843567
Qwen2-5-7B-Instruct,placebo_cyclist,placebo,True,3.726825505256653
Qwen2-5-7B-Instruct,placebo_early_riser,placebo,True,2.371764513015747
Qwen2-5-7B-Instruct,placebo_maps,placebo,True,3.07628613948822
Qwen2-5-7B-Instruct,placebo_runner,placebo,True,3.817218620300293
Qwen2-5-7B-Instruct,placebo_stairs,placebo,True,0.678104395866394
Qwen2-5-7B-Instruct,placebo_tea,placebo,True,-0.9591519088745117
Qwen2-5-7B-Instruct,region_arab_culture,region,False,4.992388542175293
Qwen2-5-7B-Instruct,region_indian_cultural_sphere,region,False,4.788320502281189
Qwen2-5-7B-Instruct,region_latin_america,region,False,4.107955484390259
Qwen2-5-7B-Instruct,region_north_america,region,False,4.4212691774368285
Qwen2-5-7B-Instruct,region_oceania,region,False,3.3882924127578735
Qwen2-5-7B-Instruct,region_sinosphere,region,False,4.618717399597168
Qwen2-5-7B-Instruct,region_sub_saharan_africa,region,False,6.586378707885742
Qwen2-5-7B-Instruct,region_western_europe,region,False,5.010235515594482
Qwen2-5-7B-Instruct,religion_christian,religion,False,4.592343906402588
Qwen2-5-7B-Instruct,religion_muslim,religion,False,7.1973078842163085
