model,variant,condition,n_items,group_rate_mean,mae_baseline,mae_framed,mae_matched_placebo,rho_framed_vs_rate,rho_baseline_vs_rate
Llama-3-1-8B-Instruct,consider,region_western_europe,192,0.18583904521404523,0.3596850171549811,0.4910948268767031,0.28069009403806355,0.031815927773728325,0.028057637841822733
Llama-3-1-8B-Instruct,consider,region_north_america,186,0.14284026904994646,0.3661316778926188,0.4739340342635485,0.27943939883213625,0.18627410888436072,0.19444275163114955
Llama-3-1-8B-Instruct,consider,region_latin_america,194,0.25533155990630213,0.3189580286590461,0.5604706271851979,0.25827854536181843,0.15186996357762464,0.23610262939011833
Llama-3-1-8B-Instruct,consider,region_arab_culture,194,0.1979115529373261,0.358716177484981,0.5092914651376672,0.286810037922008,0.13636079314095997,0.0812889861077169
Llama-3-1-8B-Instruct,consider,region_indian_cultural_sphere,218,0.23320078239803008,0.3397783890096339,0.45514863040183473,0.2494516968649259,0.13622232875014736,0.1763511229449156
Llama-3-1-8B-Instruct,consider,region_sinosphere,244,0.15894690464362596,0.3606917217517046,0.4946498224296001,0.2773351838793005,0.1431271919265464,0.08904063460593589
Llama-3-1-8B-Instruct,consider,region_sub_saharan_africa,197,0.2171047367747875,0.3349234503099802,0.6389717868322858,0.26868671658499654,0.14512096587298096,0.13762880709192246
Llama-3-1-8B-Instruct,consider,region_oceania,188,0.13237216388812134,0.3808028300494069,0.4551353715598845,0.23335410373689955,0.12092474309832493,0.0999190365507286
Llama-3-1-8B-Instruct,consider,gender_man,500,0.19884763338435607,0.34476601954163116,0.37440082618073245,0.35744623457143554,0.09520686888623323,0.11076797579425117
Llama-3-1-8B-Instruct,consider,gender_woman,500,0.21371019122487825,0.3394352074000295,0.3623076659324113,0.35145732300386895,0.16654470219844822,0.12385952248756779
Llama-3-1-8B-Instruct,context,region_western_europe,192,0.18583904521404523,0.3596850171549811,0.5275802290487884,0.34885593946821425,0.04066673510647197,0.028057637841822733
Llama-3-1-8B-Instruct,context,region_north_america,186,0.14284026904994646,0.3661316778926188,0.5286648141275636,0.37583677302238483,0.16305364039530246,0.19444275163114955
Llama-3-1-8B-Instruct,context,region_latin_america,194,0.25533155990630213,0.3189580286590461,0.652222852967902,0.3048622867798469,0.20857753842375562,0.23610262939011833
Llama-3-1-8B-Instruct,context,region_arab_culture,194,0.1979115529373261,0.358716177484981,0.6060139209795392,0.3856831282589042,0.11907345368996322,0.0812889861077169
Llama-3-1-8B-Instruct,context,region_indian_cultural_sphere,218,0.23320078239803008,0.3397783890096339,0.5403438875779922,0.35044110783809845,0.14463206342663573,0.1763511229449156
Llama-3-1-8B-Instruct,context,region_sinosphere,244,0.15894690464362596,0.3606917217517046,0.5713103593871683,0.4066343431658908,0.08601819187288659,0.08904063460593589
Llama-3-1-8B-Instruct,context,region_sub_saharan_africa,197,0.2171047367747875,0.3349234503099802,0.6759902615033038,0.36241881614618343,0.1208944613681937,0.13762880709192246
Llama-3-1-8B-Instruct,context,region_oceania,188,0.13237216388812134,0.3808028300494069,0.5425805756027504,0.4146983539692558,0.051561838351630085,0.0999190365507286
Llama-3-1-8B-Instruct,context,gender_man,500,0.19884763338435607,0.34476601954163116,0.49745145291487586,0.39785765365661574,0.05695402587946286,0.11076797579425117
Llama-3-1-8B-Instruct,context,gender_woman,500,0.21371019122487825,0.3394352074000295,0.5529400060618038,0.38589374666926857,0.1479885517896185,0.12385952248756779
Llama-3-1-8B-Instruct,context_long,region_western_europe,192,0.18583904521404523,0.3596850171549811,0.4599732708053847,0.30883599505965753,0.06924683742642036,0.028057637841822733
Llama-3-1-8B-Instruct,context_long,region_north_america,186,0.14284026904994646,0.3661316778926188,0.4809592010598493,0.33302295216569255,0.19560492193419096,0.19444275163114955
Llama-3-1-8B-Instruct,context_long,region_latin_america,194,0.25533155990630213,0.3189580286590461,0.6163820365354532,0.26678588075179416,0.1862134535494352,0.23610262939011833
Llama-3-1-8B-Instruct,context_long,region_arab_culture,194,0.1979115529373261,0.358716177484981,0.4838265254112181,0.30828670633406097,0.17697014252313684,0.0812889861077169
Llama-3-1-8B-Instruct,context_long,region_indian_cultural_sphere,218,0.23320078239803008,0.3397783890096339,0.43656629224346893,0.274381170704758,0.12643018788878274,0.1763511229449156
Llama-3-1-8B-Instruct,context_long,region_sinosphere,244,0.15894690464362596,0.3606917217517046,0.44032657818731596,0.3286545099192375,0.0683445282906549,0.08904063460593589
Llama-3-1-8B-Instruct,context_long,region_sub_saharan_africa,197,0.2171047367747875,0.3349234503099802,0.5883300670030202,0.30003322698560453,0.09317745483405891,0.13762880709192246
Llama-3-1-8B-Instruct,context_long,region_oceania,188,0.13237216388812134,0.3808028300494069,0.42475618961964495,0.41252259731932955,0.1107711134308924,0.0999190365507286
Llama-3-1-8B-Instruct,context_long,gender_man,500,0.19884763338435607,0.34476601954163116,0.42420538124197915,0.3560094306166847,0.07020200176401101,0.11076797579425117
Llama-3-1-8B-Instruct,context_long,gender_woman,500,0.21371019122487825,0.3394352074000295,0.5858575367754998,0.34392066184999853,0.15553676995158733,0.12385952248756779
Llama-3-1-8B-Instruct,embedded,region_western_europe,192,0.18583904521404523,0.3596850171549811,0.4211884517569331,0.2544490523270211,0.0367970436577429,0.028057637841822733
Llama-3-1-8B-Instruct,embedded,region_north_america,186,0.14284026904994646,0.3661316778926188,0.3998908705399239,0.2537879422330638,0.18219026537704489,0.19444275163114955
Llama-3-1-8B-Instruct,embedded,region_latin_america,194,0.25533155990630213,0.3189580286590461,0.42634838264904373,0.24382301781865315,0.12958091489988127,0.23610262939011833
Llama-3-1-8B-Instruct,embedded,region_arab_culture,194,0.1979115529373261,0.358716177484981,0.40395541202976726,0.17315152734733477,0.11504699302015702,0.0812889861077169
Llama-3-1-8B-Instruct,embedded,region_indian_cultural_sphere,218,0.23320078239803008,0.3397783890096339,0.4173794290870679,0.18950226986347507,0.07415205812482374,0.1763511229449156
Llama-3-1-8B-Instruct,embedded,region_sinosphere,244,0.15894690464362596,0.3606917217517046,0.5868050503670444,0.15786918809830186,0.001166541894994222,0.08904063460593589
Llama-3-1-8B-Instruct,embedded,region_sub_saharan_africa,197,0.2171047367747875,0.3349234503099802,0.5207600849576716,0.18245462156309647,-0.0018001882044604946,0.13762880709192246
Llama-3-1-8B-Instruct,embedded,region_oceania,188,0.13237216388812134,0.3808028300494069,0.47753051684677833,0.23125192247345533,0.14792701114346146,0.0999190365507286
Llama-3-1-8B-Instruct,embedded,gender_man,500,0.19884763338435607,0.34476601954163116,0.24890624059869118,0.24157010411359187,0.13934144723415157,0.11076797579425117
Llama-3-1-8B-Instruct,embedded,gender_woman,500,0.21371019122487825,0.3394352074000295,0.29354255491850667,0.2361910843053405,0.17912271186257323,0.12385952248756779
Llama-3-1-8B-Instruct,imagine,region_western_europe,192,0.18583904521404523,0.3596850171549811,0.4676777905511249,0.27445734287325657,0.05601510067626932,0.028057637841822733
Llama-3-1-8B-Instruct,imagine,region_north_america,186,0.14284026904994646,0.3661316778926188,0.46171150109873255,0.269120203264454,0.20970579418013943,0.19444275163114955
Llama-3-1-8B-Instruct,imagine,region_latin_america,194,0.25533155990630213,0.3189580286590461,0.5345031760692492,0.2538159145598788,0.16790956902616386,0.23610262939011833
Llama-3-1-8B-Instruct,imagine,region_arab_culture,194,0.1979115529373261,0.358716177484981,0.4993552825200228,0.2913595185615897,0.13988771162043487,0.0812889861077169
Llama-3-1-8B-Instruct,imagine,region_indian_cultural_sphere,218,0.23320078239803008,0.3397783890096339,0.43691438524554477,0.2524241414662853,0.14885905858081308,0.1763511229449156
Llama-3-1-8B-Instruct,imagine,region_sinosphere,244,0.15894690464362596,0.3606917217517046,0.4598953748788485,0.28850698705716005,0.14894243309702707,0.08904063460593589
Llama-3-1-8B-Instruct,imagine,region_sub_saharan_africa,197,0.2171047367747875,0.3349234503099802,0.6023269211137191,0.27085503967204283,0.14867357081252217,0.13762880709192246
Llama-3-1-8B-Instruct,imagine,region_oceania,188,0.13237216388812134,0.3808028300494069,0.45509920180122737,0.2351628961468361,0.13638489082719019,0.0999190365507286
Llama-3-1-8B-Instruct,imagine,gender_man,500,0.19884763338435607,0.34476601954163116,0.3806425122648815,0.3737687939396379,0.10839817510177495,0.11076797579425117
Llama-3-1-8B-Instruct,imagine,gender_woman,500,0.21371019122487825,0.3394352074000295,0.3571975552639314,0.3655369410070695,0.16375509213991285,0.12385952248756779
Llama-3-1-8B-Instruct,infix,region_western_europe,192,0.18583904521404523,0.3596850171549811,0.5223105126264548,0.2967685410383548,0.0732642006532643,0.028057637841822733
Llama-3-1-8B-Instruct,infix,region_north_america,186,0.14284026904994646,0.3661316778926188,0.47039545117127035,0.3138219324057996,0.2199875607262906,0.19444275163114955
Llama-3-1-8B-Instruct,infix,region_latin_america,194,0.25533155990630213,0.3189580286590461,0.5365615238899251,0.2714775669693696,0.14334552181703453,0.23610262939011833
Llama-3-1-8B-Instruct,infix,region_arab_culture,194,0.1979115529373261,0.358716177484981,0.5659523475374909,0.20268341126312636,0.12078963632374803,0.0812889861077169
Llama-3-1-8B-Instruct,infix,region_indian_cultural_sphere,218,0.23320078239803008,0.3397783890096339,0.5596459694331599,0.20888699619808573,0.08609933179588812,0.1763511229449156
Llama-3-1-8B-Instruct,infix,region_sinosphere,244,0.15894690464362596,0.3606917217517046,0.6739872626288412,0.201022475352039,0.050661065415660324,0.08904063460593589
Llama-3-1-8B-Instruct,infix,region_sub_saharan_africa,197,0.2171047367747875,0.3349234503099802,0.618102739311371,0.20015375725439544,0.01897801240226464,0.13762880709192246
Llama-3-1-8B-Instruct,infix,region_oceania,188,0.13237216388812134,0.3808028300494069,0.5500716658030776,0.26771680792938646,0.1436681639011256,0.0999190365507286
Llama-3-1-8B-Instruct,infix,gender_man,500,0.19884763338435607,0.34476601954163116,0.38001796095592233,0.3812352366188981,0.09764765074039715,0.11076797579425117
Llama-3-1-8B-Instruct,infix,gender_woman,500,0.21371019122487825,0.3394352074000295,0.3957516612738774,0.36663902596319,0.16232221574775985,0.12385952248756779
Llama-3-1-8B-Instruct,prefix,region_western_europe,192,0.18583904521404523,0.3596850171549811,0.5303884467377714,0.3358091610072714,0.06639098613855002,0.028057637841822733
Llama-3-1-8B-Instruct,prefix,region_north_america,186,0.14284026904994646,0.3661316778926188,0.5118537423841532,0.3447903525305453,0.1982685474560466,0.19444275163114955
Llama-3-1-8B-Instruct,prefix,region_latin_america,194,0.25533155990630213,0.3189580286590461,0.5626369617581769,0.29749806934843426,0.19157977846507848,0.23610262939011833
Llama-3-1-8B-Instruct,prefix,region_arab_culture,194,0.1979115529373261,0.358716177484981,0.542438414395288,0.34590092825783636,0.0918145157763562,0.0812889861077169
Llama-3-1-8B-Instruct,prefix,region_indian_cultural_sphere,218,0.23320078239803008,0.3397783890096339,0.4607214144814186,0.30068654634827174,0.14731069377643816,0.1763511229449156
Llama-3-1-8B-Instruct,prefix,region_sinosphere,244,0.15894690464362596,0.3606917217517046,0.4891017364007545,0.34250879424694286,0.14170331208247383,0.08904063460593589
Llama-3-1-8B-Instruct,prefix,region_sub_saharan_africa,197,0.2171047367747875,0.3349234503099802,0.6364642076631603,0.317655670577255,0.12762386902148876,0.13762880709192246
Llama-3-1-8B-Instruct,prefix,region_oceania,188,0.13237216388812134,0.3808028300494069,0.5248634755257439,0.29006555442601806,0.15134267946454555,0.0999190365507286
Llama-3-1-8B-Instruct,prefix,gender_man,500,0.19884763338435607,0.34476601954163116,0.4347289490797946,0.42208174604882126,0.10262829031919979,0.11076797579425117
Llama-3-1-8B-Instruct,prefix,gender_woman,500,0.21371019122487825,0.3394352074000295,0.4044930434692085,0.40853783191970544,0.17502392731652808,0.12385952248756779
Llama-3-1-8B-Instruct,reworded,region_western_europe,192,0.18583904521404523,0.3596850171549811,0.49728213173333996,0.28264347126814826,0.05422576778589515,0.028057637841822733
Llama-3-1-8B-Instruct,reworded,region_north_america,186,0.14284026904994646,0.3661316778926188,0.48950540192736275,0.2861492809601551,0.2090272243485939,0.19444275163114955
Llama-3-1-8B-Instruct,reworded,region_latin_america,194,0.25533155990630213,0.3189580286590461,0.5464226800868633,0.26265878071391263,0.18208811188487412,0.23610262939011833
Llama-3-1-8B-Instruct,reworded,region_arab_culture,194,0.1979115529373261,0.358716177484981,0.5184277392715018,0.31371979299223895,0.12107245920537614,0.0812889861077169
Llama-3-1-8B-Instruct,reworded,region_indian_cultural_sphere,218,0.23320078239803008,0.3397783890096339,0.4319483552989422,0.269326540909926,0.1559230726619985,0.1763511229449156
Llama-3-1-8B-Instruct,reworded,region_sinosphere,244,0.15894690464362596,0.3606917217517046,0.4800679883202935,0.3109605505179012,0.1565509448431216,0.08904063460593589
Llama-3-1-8B-Instruct,reworded,region_sub_saharan_africa,197,0.2171047367747875,0.3349234503099802,0.6243707715746788,0.28831900769894964,0.13690188456619382,0.13762880709192246
Llama-3-1-8B-Instruct,reworded,region_oceania,188,0.13237216388812134,0.3808028300494069,0.48489261889972,0.22168254586106922,0.15351365509235324,0.0999190365507286
Llama-3-1-8B-Instruct,reworded,gender_man,500,0.19884763338435607,0.34476601954163116,0.40788875945685127,0.38270270185520533,0.12166041445386115,0.11076797579425117
Llama-3-1-8B-Instruct,reworded,gender_woman,500,0.21371019122487825,0.3394352074000295,0.3634822868813763,0.37270064674765285,0.16799775521194107,0.12385952248756779
Llama-3-1-8B-Instruct,suffix,region_western_europe,192,0.18583904521404523,0.3596850171549811,0.2284688615147429,0.1833977127156423,0.10592470736849163,0.028057637841822733
Llama-3-1-8B-Instruct,suffix,region_north_america,186,0.14284026904994646,0.3661316778926188,0.24707057990870437,0.15130019590459637,0.21009286570376762,0.19444275163114955
Llama-3-1-8B-Instruct,suffix,region_latin_america,194,0.25533155990630213,0.3189580286590461,0.21428791067142475,0.2040432636785004,0.21335841609138,0.23610262939011833
Llama-3-1-8B-Instruct,suffix,region_arab_culture,194,0.1979115529373261,0.358716177484981,0.20588000116629415,0.18572035853400704,0.14363636993313889,0.0812889861077169
Llama-3-1-8B-Instruct,suffix,region_indian_cultural_sphere,218,0.23320078239803008,0.3397783890096339,0.25625014291661324,0.20676359106629938,0.14517768878267157,0.1763511229449156
Llama-3-1-8B-Instruct,suffix,region_sinosphere,244,0.15894690464362596,0.3606917217517046,0.21825018989717868,0.16254731392999275,0.02963817398954641,0.08904063460593589
Llama-3-1-8B-Instruct,suffix,region_sub_saharan_africa,197,0.2171047367747875,0.3349234503099802,0.22733882915148784,0.19909720141411427,0.0863126946841879,0.13762880709192246
Llama-3-1-8B-Instruct,suffix,region_oceania,188,0.13237216388812134,0.3808028300494069,0.1577260714937095,0.17184691189935714,0.15090194806827661,0.0999190365507286
Llama-3-1-8B-Instruct,suffix,gender_man,500,0.19884763338435607,0.34476601954163116,0.20310251333187448,0.18123843129510897,0.1114323076004934,0.11076797579425117
Llama-3-1-8B-Instruct,suffix,gender_woman,500,0.21371019122487825,0.3394352074000295,0.20025253748513314,0.18950940107215333,0.15691766752400288,0.12385952248756779
Llama-3-1-8B-Instruct,target,region_western_europe,192,0.18583904521404523,0.3596850171549811,0.4401635763083782,0.18808719984809205,0.015106563827854882,0.028057637841822733
Llama-3-1-8B-Instruct,target,region_north_america,186,0.14284026904994646,0.3661316778926188,0.5239517819283399,0.1736840134556765,0.1843769805525044,0.19444275163114955
Llama-3-1-8B-Instruct,target,region_latin_america,194,0.25533155990630213,0.3189580286590461,0.34913663267161177,0.19508925986936165,0.060639966290922435,0.23610262939011833
Llama-3-1-8B-Instruct,target,region_arab_culture,194,0.1979115529373261,0.358716177484981,0.40671065264720685,0.1731502006347787,0.0722022847601458,0.0812889861077169
Llama-3-1-8B-Instruct,target,region_indian_cultural_sphere,218,0.23320078239803008,0.3397783890096339,0.4112119849528349,0.20112242983053258,0.10178329480492686,0.1763511229449156
Llama-3-1-8B-Instruct,target,region_sinosphere,244,0.15894690464362596,0.3606917217517046,0.5506241225074661,0.1507495108930476,0.04950602703825735,0.08904063460593589
Llama-3-1-8B-Instruct,target,region_sub_saharan_africa,197,0.2171047367747875,0.3349234503099802,0.4593797037615523,0.1955210406107954,-0.10414658039480737,0.13762880709192246
Llama-3-1-8B-Instruct,target,region_oceania,188,0.13237216388812134,0.3808028300494069,0.41430127160843816,0.17150948154016432,0.10528718230740228,0.0999190365507286
Llama-3-1-8B-Instruct,target,gender_man,500,0.19884763338435607,0.34476601954163116,0.36145233766353124,0.22270543383968724,0.08102100997962877,0.11076797579425117
Llama-3-1-8B-Instruct,target,gender_woman,500,0.21371019122487825,0.3394352074000295,0.26099793427080076,0.21989780407687584,0.1142764920634732,0.12385952248756779
Qwen2-5-7B-Instruct,consider,region_western_europe,192,0.18583904521404523,0.40311144823316186,0.6689159662253128,0.5542287427808742,0.032353073071900496,-0.008601233391953044
Qwen2-5-7B-Instruct,consider,region_north_america,186,0.14284026904994646,0.4124351499888004,0.6829641314588105,0.5839520975237662,0.044190187748130785,-0.0524802084788721
Qwen2-5-7B-Instruct,consider,region_latin_america,194,0.25533155990630213,0.3970773133547642,0.5934209771215007,0.5073916421666255,-0.022994059096132263,-0.08104568889194033
Qwen2-5-7B-Instruct,consider,region_arab_culture,194,0.1979115529373261,0.39515853247131894,0.6624596753072968,0.33705503073736826,0.14608805940997435,0.07341596689695078
Qwen2-5-7B-Instruct,consider,region_indian_cultural_sphere,218,0.23320078239803008,0.4026691747320235,0.632127815174803,0.34121253736616025,-0.00760439863871081,0.01576432191953282
Qwen2-5-7B-Instruct,consider,region_sinosphere,244,0.15894690464362596,0.3991470698015226,0.7183576778887021,0.3646943599767018,0.01623103726504744,0.06939220050387288
Qwen2-5-7B-Instruct,consider,region_sub_saharan_africa,197,0.2171047367747875,0.39448166002739304,0.7122929992685552,0.35773866341121807,0.11372237143197958,-0.014130800642532002
Qwen2-5-7B-Instruct,consider,region_oceania,188,0.13237216388812134,0.41514915887277953,0.6256062300884615,0.6206886789087166,-0.0012895128352698507,-0.04695096624405404
Qwen2-5-7B-Instruct,consider,gender_man,500,0.19884763338435607,0.4043697000244888,0.6769636875871607,0.6398638796504049,0.06989588950108987,0.022662248660811783
Qwen2-5-7B-Instruct,consider,gender_woman,500,0.21371019122487825,0.4026636661672766,0.7174548576950217,0.6251922259332503,0.11913449404679283,0.02467029118928001
Qwen2-5-7B-Instruct,context,region_western_europe,192,0.18583904521404523,0.40311144823316186,0.5855466981384113,0.48402096778334314,0.07621504548261204,-0.008601233391953044
Qwen2-5-7B-Instruct,context,region_north_america,186,0.14284026904994646,0.4124351499888004,0.612284867062558,0.5144884614395303,0.025108995231500574,-0.0524802084788721
Qwen2-5-7B-Instruct,context,region_latin_america,194,0.25533155990630213,0.3970773133547642,0.5325569229566185,0.45096845191285145,-0.011283464988577562,-0.08104568889194033
Qwen2-5-7B-Instruct,context,region_arab_culture,194,0.1979115529373261,0.39515853247131894,0.519393162882512,0.3125545416235895,0.16925778009720086,0.07341596689695078
Qwen2-5-7B-Instruct,context,region_indian_cultural_sphere,218,0.23320078239803008,0.4026691747320235,0.5373009285005298,0.3339960576633989,0.0016863724984843027,0.01576432191953282
Qwen2-5-7B-Instruct,context,region_sinosphere,244,0.15894690464362596,0.3991470698015226,0.6006018093425556,0.3572490124858405,0.05518109571660762,0.06939220050387288
Qwen2-5-7B-Instruct,context,region_sub_saharan_africa,197,0.2171047367747875,0.39448166002739304,0.6189802823568819,0.3430686276748001,0.13710252473758883,-0.014130800642532002
Qwen2-5-7B-Instruct,context,region_oceania,188,0.13237216388812134,0.41514915887277953,0.5673853720003914,0.5253200805258491,0.0887690924769,-0.04695096624405404
Qwen2-5-7B-Instruct,context,gender_man,500,0.19884763338435607,0.4043697000244888,0.5588401794352305,0.5507719418457998,0.04363838256810958,0.022662248660811783
Qwen2-5-7B-Instruct,context,gender_woman,500,0.21371019122487825,0.4026636661672766,0.6336642365464696,0.5388029592230792,0.05120043450992436,0.02467029118928001
Qwen2-5-7B-Instruct,context_long,region_western_europe,192,0.18583904521404523,0.40311144823316186,0.6616875428713741,0.5901965502107598,0.05326028797342491,-0.008601233391953044
Qwen2-5-7B-Instruct,context_long,region_north_america,186,0.14284026904994646,0.4124351499888004,0.7051257610526659,0.6272250706893131,0.05110299844048172,-0.0524802084788721
Qwen2-5-7B-Instruct,context_long,region_latin_america,194,0.25533155990630213,0.3970773133547642,0.5890089376963525,0.5429933666574736,-0.004787474256334502,-0.08104568889194033
Qwen2-5-7B-Instruct,context_long,region_arab_culture,194,0.1979115529373261,0.39515853247131894,0.6332247590149552,0.4502958882487299,0.12732886951878866,0.07341596689695078
Qwen2-5-7B-Instruct,context_long,region_indian_cultural_sphere,218,0.23320078239803008,0.4026691747320235,0.6223757053425747,0.45059484273173983,-0.08427728084707686,0.01576432191953282
Qwen2-5-7B-Instruct,context_long,region_sinosphere,244,0.15894690464362596,0.3991470698015226,0.6925225716410887,0.48537343595368565,0.07521681491090941,0.06939220050387288
Qwen2-5-7B-Instruct,context_long,region_sub_saharan_africa,197,0.2171047367747875,0.39448166002739304,0.6837543961482123,0.4479830558535935,0.06468814287828475,-0.014130800642532002
Qwen2-5-7B-Instruct,context_long,region_oceania,188,0.13237216388812134,0.41514915887277953,0.6675882580828671,0.6284902803885495,0.0847035320969109,-0.04695096624405404
Qwen2-5-7B-Instruct,context_long,gender_man,500,0.19884763338435607,0.4043697000244888,0.6697399973490755,0.6514696883328396,0.006996254839988725,0.022662248660811783
Qwen2-5-7B-Instruct,context_long,gender_woman,500,0.21371019122487825,0.4026636661672766,0.7164133559537494,0.637292043152594,0.07571723925829751,0.02467029118928001
Qwen2-5-7B-Instruct,embedded,region_western_europe,192,0.18583904521404523,0.40311144823316186,0.5576145642381154,0.33891388425540175,0.023974642713594417,-0.008601233391953044
Qwen2-5-7B-Instruct,embedded,region_north_america,186,0.14284026904994646,0.4124351499888004,0.5868320056049688,0.35925918645739424,-0.18318613828474978,-0.0524802084788721
Qwen2-5-7B-Instruct,embedded,region_latin_america,194,0.25533155990630213,0.3970773133547642,0.39179924106956604,0.3047665001887667,-0.047201890514917716,-0.08104568889194033
Qwen2-5-7B-Instruct,embedded,region_arab_culture,194,0.1979115529373261,0.39515853247131894,0.5223145720164196,0.22455061353839026,0.07135671508722653,0.07341596689695078
Qwen2-5-7B-Instruct,embedded,region_indian_cultural_sphere,218,0.23320078239803008,0.4026691747320235,0.3694687914431349,0.22479931640668807,0.01276658517153655,0.01576432191953282
Qwen2-5-7B-Instruct,embedded,region_sinosphere,244,0.15894690464362596,0.3991470698015226,0.5218249162703279,0.2262296402928136,0.09349164380133569,0.06939220050387288
Qwen2-5-7B-Instruct,embedded,region_sub_saharan_africa,197,0.2171047367747875,0.39448166002739304,0.5521183390502118,0.22671615956205587,-0.07243110187358696,-0.014130800642532002
Qwen2-5-7B-Instruct,embedded,region_oceania,188,0.13237216388812134,0.41514915887277953,0.41281160617358426,0.5195931157450716,7.656774257214174e-05,-0.04695096624405404
Qwen2-5-7B-Instruct,embedded,gender_man,500,0.19884763338435607,0.4043697000244888,0.5044683578623651,0.36802864934199037,0.017161304680301016,0.022662248660811783
Qwen2-5-7B-Instruct,embedded,gender_woman,500,0.21371019122487825,0.4026636661672766,0.49154545110632547,0.3605880286819017,0.08698035772553314,0.02467029118928001
Qwen2-5-7B-Instruct,imagine,region_western_europe,192,0.18583904521404523,0.40311144823316186,0.6736543833659446,0.5377170239846709,0.04388183469665683,-0.008601233391953044
Qwen2-5-7B-Instruct,imagine,region_north_america,186,0.14284026904994646,0.4124351499888004,0.6641605425882544,0.5674289335052864,0.04450844655644723,-0.0524802084788721
Qwen2-5-7B-Instruct,imagine,region_latin_america,194,0.25533155990630213,0.3970773133547642,0.621122579565384,0.49910963342004233,-0.05362944163929378,-0.08104568889194033
Qwen2-5-7B-Instruct,imagine,region_arab_culture,194,0.1979115529373261,0.39515853247131894,0.6778672625676974,0.33112267826803443,0.08487866114376608,0.07341596689695078
Qwen2-5-7B-Instruct,imagine,region_indian_cultural_sphere,218,0.23320078239803008,0.4026691747320235,0.6498241647981389,0.33389042405654545,-0.01924770599616717,0.01576432191953282
Qwen2-5-7B-Instruct,imagine,region_sinosphere,244,0.15894690464362596,0.3991470698015226,0.6923777525634238,0.3584787403439601,0.07140787241958423,0.06939220050387288
Qwen2-5-7B-Instruct,imagine,region_sub_saharan_africa,197,0.2171047367747875,0.39448166002739304,0.7329364260458138,0.3481476295055759,0.10930510289666476,-0.014130800642532002
Qwen2-5-7B-Instruct,imagine,region_oceania,188,0.13237216388812134,0.41514915887277953,0.6773374302172581,0.551722287767396,0.025596036090092072,-0.04695096624405404
Qwen2-5-7B-Instruct,imagine,gender_man,500,0.19884763338435607,0.4043697000244888,0.6352798487001153,0.6307460262403627,0.08638988481626864,0.022662248660811783
Qwen2-5-7B-Instruct,imagine,gender_woman,500,0.21371019122487825,0.4026636661672766,0.6618192460730218,0.6151407832356144,0.1050025963020502,0.02467029118928001
Qwen2-5-7B-Instruct,infix,region_western_europe,192,0.18583904521404523,0.40311144823316186,0.6608100447226949,0.40561190317242835,-0.026624098943163896,-0.008601233391953044
Qwen2-5-7B-Instruct,infix,region_north_america,186,0.14284026904994646,0.4124351499888004,0.6145362333931137,0.41308169611744555,-0.05676093281055188,-0.0524802084788721
Qwen2-5-7B-Instruct,infix,region_latin_america,194,0.25533155990630213,0.3970773133547642,0.5580274837243049,0.3653463838648881,-0.03202973648175291,-0.08104568889194033
Qwen2-5-7B-Instruct,infix,region_arab_culture,194,0.1979115529373261,0.39515853247131894,0.6776530769124816,0.306816145962321,-0.0010944743466555534,0.07341596689695078
Qwen2-5-7B-Instruct,infix,region_indian_cultural_sphere,218,0.23320078239803008,0.4026691747320235,0.5898539899213839,0.3004193537661324,-0.009555140306501697,0.01576432191953282
Qwen2-5-7B-Instruct,infix,region_sinosphere,244,0.15894690464362596,0.3991470698015226,0.5987233659616277,0.3217385988860107,0.10470544317176955,0.06939220050387288
Qwen2-5-7B-Instruct,infix,region_sub_saharan_africa,197,0.2171047367747875,0.39448166002739304,0.7086890349428514,0.2953960897205189,-0.04630170050517276,-0.014130800642532002
Qwen2-5-7B-Instruct,infix,region_oceania,188,0.13237216388812134,0.41514915887277953,0.4922792376674317,0.5454731916210154,-0.05129665251150218,-0.04695096624405404
Qwen2-5-7B-Instruct,infix,gender_man,500,0.19884763338435607,0.4043697000244888,0.39725673589154936,0.41323178755368883,0.009277257042640477,0.022662248660811783
Qwen2-5-7B-Instruct,infix,gender_woman,500,0.21371019122487825,0.4026636661672766,0.4947653477448887,0.4086888775553134,0.06297243619109624,0.02467029118928001
Qwen2-5-7B-Instruct,prefix,region_western_europe,192,0.18583904521404523,0.40311144823316186,0.6786508613422386,0.5735030664364702,0.0615886308280429,-0.008601233391953044
Qwen2-5-7B-Instruct,prefix,region_north_america,186,0.14284026904994646,0.4124351499888004,0.6779823950463083,0.5990670769345928,0.031301183877393245,-0.0524802084788721
Qwen2-5-7B-Instruct,prefix,region_latin_america,194,0.25533155990630213,0.3970773133547642,0.5886941363465027,0.519466829935033,-0.04657026714592836,-0.08104568889194033
Qwen2-5-7B-Instruct,prefix,region_arab_culture,194,0.1979115529373261,0.39515853247131894,0.6828699516231929,0.32646679525139777,0.10488712488782388,0.07341596689695078
Qwen2-5-7B-Instruct,prefix,region_indian_cultural_sphere,218,0.23320078239803008,0.4026691747320235,0.6426819738960301,0.3334906659524848,-0.003975436825674149,0.01576432191953282
Qwen2-5-7B-Instruct,prefix,region_sinosphere,244,0.15894690464362596,0.3991470698015226,0.726695571321008,0.35790233640632013,0.017578653048052083,0.06939220050387288
Qwen2-5-7B-Instruct,prefix,region_sub_saharan_africa,197,0.2171047367747875,0.39448166002739304,0.7312570217003025,0.3576443948011166,0.07399004415767968,-0.014130800642532002
Qwen2-5-7B-Instruct,prefix,region_oceania,188,0.13237216388812134,0.41514915887277953,0.7064114063904415,0.5914250902992624,0.06119443386838879,-0.04695096624405404
Qwen2-5-7B-Instruct,prefix,gender_man,500,0.19884763338435607,0.4043697000244888,0.6579794903580681,0.650079460298523,0.017388319532329284,0.022662248660811783
Qwen2-5-7B-Instruct,prefix,gender_woman,500,0.21371019122487825,0.4026636661672766,0.6702572269727843,0.6367355508632049,0.052282814165659094,0.02467029118928001
Qwen2-5-7B-Instruct,reworded,region_western_europe,192,0.18583904521404523,0.40311144823316186,0.6983723847179922,0.5229090017570759,0.03552499377959563,-0.008601233391953044
Qwen2-5-7B-Instruct,reworded,region_north_america,186,0.14284026904994646,0.4124351499888004,0.6983719739460938,0.5500999323102032,0.027711453895301427,-0.0524802084788721
Qwen2-5-7B-Instruct,reworded,region_latin_america,194,0.25533155990630213,0.3970773133547642,0.6259265483326257,0.4890912639505429,-0.0023302449618328113,-0.08104568889194033
Qwen2-5-7B-Instruct,reworded,region_arab_culture,194,0.1979115529373261,0.39515853247131894,0.7084554875592071,0.3202184519274863,0.11912700595157327,0.07341596689695078
Qwen2-5-7B-Instruct,reworded,region_indian_cultural_sphere,218,0.23320078239803008,0.4026691747320235,0.6591590389263913,0.32932691079356907,0.012013657118863827,0.01576432191953282
Qwen2-5-7B-Instruct,reworded,region_sinosphere,244,0.15894690464362596,0.3991470698015226,0.7381737579588347,0.3504816281647239,0.016001392969429512,0.06939220050387288
Qwen2-5-7B-Instruct,reworded,region_sub_saharan_africa,197,0.2171047367747875,0.39448166002739304,0.7287713595780788,0.34433814026412096,0.13153157521675285,-0.014130800642532002
Qwen2-5-7B-Instruct,reworded,region_oceania,188,0.13237216388812134,0.41514915887277953,0.6728610888844162,0.6095261897999399,-0.01774410746461475,-0.04695096624405404
Qwen2-5-7B-Instruct,reworded,gender_man,500,0.19884763338435607,0.4043697000244888,0.6526437533335522,0.652700566096679,0.0720822341464436,0.022662248660811783
Qwen2-5-7B-Instruct,reworded,gender_woman,500,0.21371019122487825,0.4026636661672766,0.6930147798928166,0.6396814551206348,0.11812422179256082,0.02467029118928001
Qwen2-5-7B-Instruct,suffix,region_western_europe,192,0.18583904521404523,0.40311144823316186,0.2158466062170787,0.34693122876395327,0.10501713177183739,-0.008601233391953044
Qwen2-5-7B-Instruct,suffix,region_north_america,186,0.14284026904994646,0.4124351499888004,0.21949177300858602,0.3556278409403654,-0.04668656014249283,-0.0524802084788721
Qwen2-5-7B-Instruct,suffix,region_latin_america,194,0.25533155990630213,0.3970773133547642,0.22710101911404987,0.3337601368644677,-0.08836460406576484,-0.08104568889194033
Qwen2-5-7B-Instruct,suffix,region_arab_culture,194,0.1979115529373261,0.39515853247131894,0.1863477693967498,0.3243313118737309,0.10854206674271032,0.07341596689695078
Qwen2-5-7B-Instruct,suffix,region_indian_cultural_sphere,218,0.23320078239803008,0.4026691747320235,0.20066176015078624,0.31505653510797665,0.11828889855822022,0.01576432191953282
Qwen2-5-7B-Instruct,suffix,region_sinosphere,244,0.15894690464362596,0.3991470698015226,0.20468466587674264,0.3484235353401301,0.09032817646374179,0.06939220050387288
Qwen2-5-7B-Instruct,suffix,region_sub_saharan_africa,197,0.2171047367747875,0.39448166002739304,0.19746143934794272,0.32738790096899106,-0.007496139736840141,-0.014130800642532002
Qwen2-5-7B-Instruct,suffix,region_oceania,188,0.13237216388812134,0.41514915887277953,0.17998735786921427,0.24421815379263506,-0.005929331284550001,-0.04695096624405404
Qwen2-5-7B-Instruct,suffix,gender_man,500,0.19884763338435607,0.4043697000244888,0.24441391045362262,0.49886548956010934,0.08348854183856946,0.022662248660811783
Qwen2-5-7B-Instruct,suffix,gender_woman,500,0.21371019122487825,0.4026636661672766,0.24540273866217224,0.48767397678376334,0.11346375854007346,0.02467029118928001
Qwen2-5-7B-Instruct,target,region_western_europe,192,0.18583904521404523,0.40311144823316186,0.6830613127093237,0.19897851359748187,0.026638779763210402,-0.008601233391953044
Qwen2-5-7B-Instruct,target,region_north_america,186,0.14284026904994646,0.4124351499888004,0.7187672722031905,0.18663608203755433,-0.15930048021434545,-0.0524802084788721
Qwen2-5-7B-Instruct,target,region_latin_america,194,0.25533155990630213,0.3970773133547642,0.3376650730989762,0.21837869584696898,-0.04998812467133423,-0.08104568889194033
Qwen2-5-7B-Instruct,target,region_arab_culture,194,0.1979115529373261,0.39515853247131894,0.3753845077495654,0.18864174514618987,-0.009746511613030496,0.07341596689695078
Qwen2-5-7B-Instruct,target,region_indian_cultural_sphere,218,0.23320078239803008,0.4026691747320235,0.38632085431269736,0.2158627071691896,-0.031501275224622,0.01576432191953282
Qwen2-5-7B-Instruct,target,region_sinosphere,244,0.15894690464362596,0.3991470698015226,0.6017037655930078,0.16138947811240753,0.07942625023689294,0.06939220050387288
Qwen2-5-7B-Instruct,target,region_sub_saharan_africa,197,0.2171047367747875,0.39448166002739304,0.32226150597524905,0.2074522751740586,-0.0988933111453468,-0.014130800642532002
Qwen2-5-7B-Instruct,target,region_oceania,188,0.13237216388812134,0.41514915887277953,0.324355052467633,0.1616133008173508,-0.22851082518880783,-0.04695096624405404
Qwen2-5-7B-Instruct,target,gender_man,500,0.19884763338435607,0.4043697000244888,0.29930719994949473,0.2183107332634126,0.07564353864235147,0.022662248660811783
Qwen2-5-7B-Instruct,target,gender_woman,500,0.21371019122487825,0.4026636661672766,0.31083971823572587,0.22440062649656253,0.030748114051318557,0.02467029118928001
