item_id,variant,condition,d_prob,d_logodds
3,none,baseline,0.0,0.0
3,prefix,region_western_europe,0.0,0.0
3,prefix,region_north_america,0.0,0.0
3,prefix,region_latin_america,0.0,0.0
3,prefix,region_arab_culture,0.0,0.0
3,prefix,region_indian_cultural_sphere,0.0,0.0
3,prefix,region_sinosphere,0.0,0.0
3,prefix,region_sub_saharan_africa,0.0,0.0
3,prefix,region_oceania,0.0,0.0
3,prefix,gender_man,0.0,0.0
3,prefix,gender_woman,0.0,0.0
3,prefix,religion_christian,0.0,0.0
3,prefix,religion_muslim,0.0,0.0
3,prefix,identity_arab,0.0,0.0
3,prefix,identity_european,0.0,0.0
3,prefix,placebo_runner,0.0,0.0
3,prefix,placebo_cyclist,0.0,0.0
3,prefix,placebo_early_riser,0.0,0.0
3,prefix,placebo_chess,0.0,0.0
3,prefix,placebo_maps,0.0,0.0
3,prefix,placebo_crossword,0.0,0.0
3,prefix,placebo_stairs,0.0,0.0
3,prefix,placebo_tea,0.0,0.0
3,reworded,region_western_europe,0.0,0.0
3,reworded,region_north_america,0.0,0.0
3,reworded,region_latin_america,0.0,0.0
3,reworded,region_arab_culture,0.0,0.0
3,reworded,region_indian_cultural_sphere,0.0,0.0
3,reworded,region_sinosphere,0.0,0.0
3,reworded,region_sub_saharan_africa,0.0,0.0
3,reworded,region_oceania,0.0,0.0
3,reworded,gender_man,0.0,0.0
3,reworded,gender_woman,0.0,0.0
3,reworded,religion_christian,0.0,0.0
3,reworded,religion_muslim,0.0,0.0
3,reworded,identity_arab,0.0,0.0
3,reworded,identity_european,0.0,0.0
3,reworded,placebo_runner,0.0,0.0
3,reworded,placebo_cyclist,0.0,0.0
3,reworded,placebo_early_riser,0.0,0.0
3,reworded,placebo_chess,0.0,0.0
3,reworded,placebo_maps,0.0,0.0
3,reworded,placebo_crossword,0.0,0.0
3,reworded,placebo_stairs,0.0,0.0
3,reworded,placebo_tea,0.0,0.0
3,imagine,region_western_europe,0.0,0.0
3,imagine,region_north_america,0.0,0.0
3,imagine,region_latin_america,0.0,0.0
3,imagine,region_arab_culture,0.0,0.0
3,imagine,region_indian_cultural_sphere,0.0,0.0
3,imagine,region_sinosphere,0.0,0.0
3,imagine,region_sub_saharan_africa,0.0,0.0
3,imagine,region_oceania,0.0,0.0
3,imagine,gender_man,0.0,0.0
3,imagine,gender_woman,0.0,0.0
3,imagine,religion_christian,0.0,0.0
3,imagine,religion_muslim,0.0,0.0
3,imagine,identity_arab,0.0,0.0
3,imagine,identity_european,0.0,0.0
3,imagine,placebo_runner,0.0,0.0
3,imagine,placebo_cyclist,0.0,0.0
3,imagine,placebo_early_riser,0.0,0.0
3,imagine,placebo_chess,0.0,0.0
3,imagine,placebo_maps,0.0,0.0
3,imagine,placebo_crossword,0.0,0.0
3,imagine,placebo_stairs,0.0,0.0
3,imagine,placebo_tea,0.0,0.0
3,consider,region_western_europe,0.0,0.0
3,consider,region_north_america,0.0,0.0
3,consider,region_latin_america,0.0,0.0
3,consider,region_arab_culture,0.0,0.0
3,consider,region_indian_cultural_sphere,0.0,0.0
3,consider,region_sinosphere,0.0,0.0
3,consider,region_sub_saharan_africa,0.0,0.0
3,consider,region_oceania,0.0,0.0
3,consider,gender_man,0.0,0.0
3,consider,gender_woman,0.0,0.0
3,consider,religion_christian,0.0,0.0
3,consider,religion_muslim,0.0,0.0
3,consider,identity_arab,0.0,0.0
3,consider,identity_european,0.0,0.0
3,consider,placebo_runner,0.0,0.0
3,consider,placebo_cyclist,0.0,0.0
3,consider,placebo_early_riser,0.0,0.0
3,consider,placebo_chess,0.0,0.0
3,consider,placebo_maps,0.0,0.0
3,consider,placebo_crossword,0.0,0.0
3,consider,placebo_stairs,0.0,0.0
3,consider,placebo_tea,0.0,0.0
3,infix,region_western_europe,0.0,0.0
3,infix,region_north_america,0.0,0.0
3,infix,region_latin_america,0.0,0.0
3,infix,region_arab_culture,0.0,0.0
3,infix,region_indian_cultural_sphere,0.0,0.0
3,infix,region_sinosphere,0.0,0.0
3,infix,region_sub_saharan_africa,0.0,0.0
3,infix,region_oceania,0.0,0.0
3,infix,gender_man,0.0,0.0
3,infix,gender_woman,0.0,0.0
3,infix,religion_christian,0.0,0.0
3,infix,religion_muslim,0.0,0.0
3,infix,identity_arab,0.0,0.0
3,infix,identity_european,0.0,0.0
3,infix,placebo_runner,0.0,0.0
3,infix,placebo_cyclist,0.0,0.0
3,infix,placebo_early_riser,0.0,0.0
3,infix,placebo_chess,0.0,0.0
3,infix,placebo_maps,0.0,0.0
3,infix,placebo_crossword,0.0,0.0
3,infix,placebo_stairs,0.0,0.0
3,infix,placebo_tea,0.0,0.0
3,suffix,region_western_europe,0.0,0.0
3,suffix,region_north_america,0.0,0.0
3,suffix,region_latin_america,0.0,0.0
3,suffix,region_arab_culture,0.0,0.0
3,suffix,region_indian_cultural_sphere,0.0,0.0
3,suffix,region_sinosphere,0.0,0.0
3,suffix,region_sub_saharan_africa,0.0,0.0
3,suffix,region_oceania,0.0,0.0
3,suffix,gender_man,0.0,0.0
3,suffix,gender_woman,0.0,0.0
3,suffix,religion_christian,0.0,0.0
3,suffix,religion_muslim,0.0,0.0
3,suffix,identity_arab,0.0,0.0
3,suffix,identity_european,0.0,0.0
3,suffix,placebo_runner,0.0,0.0
3,suffix,placebo_cyclist,0.0,0.0
3,suffix,placebo_early_riser,0.0,0.0
3,suffix,placebo_chess,0.0,0.0
3,suffix,placebo_maps,0.0,0.0
3,suffix,placebo_crossword,0.0,0.0
3,suffix,placebo_stairs,0.0,0.0
3,suffix,placebo_tea,0.0,0.0
3,embedded,region_western_europe,0.0,0.0
3,embedded,region_north_america,0.0,0.0
3,embedded,region_latin_america,0.0,0.0
3,embedded,region_arab_culture,0.0,0.0
3,embedded,region_indian_cultural_sphere,0.0,0.0
3,embedded,region_sinosphere,0.0,0.0
3,embedded,region_sub_saharan_africa,0.0,0.0
3,embedded,region_oceania,0.0,0.0
3,embedded,gender_man,0.0,0.0
3,embedded,gender_woman,0.0,0.0
3,embedded,religion_christian,0.0,0.0
3,embedded,religion_muslim,0.0,0.0
3,embedded,identity_arab,0.0,0.0
3,embedded,identity_european,0.0,0.0
3,embedded,placebo_runner,0.0,0.0
3,embedded,placebo_cyclist,0.0,0.0
3,embedded,placebo_early_riser,0.0,0.0
3,embedded,placebo_chess,0.0,0.0
3,embedded,placebo_maps,0.0,0.0
3,embedded,placebo_crossword,0.0,0.0
3,embedded,placebo_stairs,0.0,0.0
3,embedded,placebo_tea,0.0,0.0
3,target,region_western_europe,0.0,0.0
3,target,region_north_america,0.0,0.0
3,target,region_latin_america,0.0,0.0
3,target,region_arab_culture,0.0,0.0
3,target,region_indian_cultural_sphere,0.0,0.0
3,target,region_sinosphere,0.0,0.0
3,target,region_sub_saharan_africa,0.0,0.0
3,target,region_oceania,0.0,0.0
3,target,gender_man,0.0,0.0
3,target,gender_woman,0.0,0.0
3,target,religion_christian,0.0,0.0
3,target,religion_muslim,0.0,0.0
3,target,identity_arab,0.0,0.0
3,target,identity_european,0.0,0.0
3,target,placebo_runner,0.0,0.0
3,target,placebo_cyclist,0.0,0.0
3,target,placebo_early_riser,0.0,0.0
3,target,placebo_chess,0.0,0.0
3,target,placebo_maps,0.0,0.0
3,target,placebo_crossword,0.0,0.0
3,target,placebo_stairs,0.0,0.0
3,target,placebo_tea,0.0,0.0
3,context,region_western_europe,0.0,0.0
3,context,region_north_america,0.0,0.0
3,context,region_latin_america,0.0,0.0
3,context,region_arab_culture,0.0,0.0
3,context,region_indian_cultural_sphere,0.0,0.0
3,context,region_sinosphere,0.0,0.0
3,context,region_sub_saharan_africa,0.0,0.0
3,context,region_oceania,0.0,0.0
3,context,gender_man,0.0,0.0
3,context,gender_woman,0.0,0.0
3,context,religion_christian,0.0,0.0
3,context,religion_muslim,0.0,0.0
3,context,identity_arab,0.0,0.0
3,context,identity_european,0.0,0.0
3,context,placebo_runner,0.0,0.0
3,context,placebo_cyclist,0.0,0.0
3,context,placebo_early_riser,0.0,0.0
3,context,placebo_chess,0.0,0.0
3,context,placebo_maps,0.0,0.0
3,context,placebo_crossword,0.0,0.0
3,context,placebo_stairs,0.0,0.0
3,context,placebo_tea,0.0,0.0
3,context_long,region_western_europe,0.0,0.0
3,context_long,region_north_america,0.0,0.0
3,context_long,region_latin_america,0.0,0.0
3,context_long,region_arab_culture,0.0,0.0
3,context_long,region_indian_cultural_sphere,0.0,0.0
3,context_long,region_sinosphere,0.0,0.0
3,context_long,region_sub_saharan_africa,0.0,0.0
3,context_long,region_oceania,0.0,0.0
3,context_long,gender_man,0.0,0.0
3,context_long,gender_woman,0.0,0.0
3,context_long,religion_christian,0.0,0.0
3,context_long,religion_muslim,0.0,0.0
3,context_long,identity_arab,0.0,0.0
3,context_long,identity_european,0.0,0.0
3,context_long,placebo_runner,0.0,0.0
3,context_long,placebo_cyclist,0.0,0.0
3,context_long,placebo_early_riser,0.0,0.0
3,context_long,placebo_chess,0.0,0.0
3,context_long,placebo_maps,0.0,0.0
3,context_long,placebo_crossword,0.0,0.0
3,context_long,placebo_stairs,0.0,0.0
3,context_long,placebo_tea,0.0,0.0
