item_id,category,condition,predicted,pct_demographic,pct_instruction,pct_item_text,pct_other_scaffolding,pct_demographic_norm,pct_instruction_norm,pct_item_text_norm
3972,moral,baseline,1,,0.17656323313713074,0.02850261516869068,0.7949341516941786,,0.8610074987904188,0.1389925012095812
3972,moral,gender_man,1,0.012007767334580421,0.17285865545272827,0.02927747555077076,0.7858561016619205,0.056073357344149824,0.8072079419224351,0.13671870073341513
3972,moral,gender_woman,1,0.012996986508369446,0.1731003224849701,0.029296841472387314,0.7846058495342731,0.060340480371761554,0.8036444913229597,0.13601502830527878
3972,moral,region_western_europe,1,0.014481223188340664,0.17262890934944153,0.03019496612250805,0.7826949013397098,0.06664005252347502,0.7944080024523938,0.13895194502413116
3972,moral,region_arab_culture,1,0.02209128439426422,0.16634529829025269,0.034007392823696136,0.777556024491787,0.09931167766532104,0.7478076127267871,0.1528807096078919
3972,moral,religion_christian,1,0.012085119262337685,0.17113521695137024,0.029398340731859207,0.7873813230544329,0.05683940581302562,0.8048926811598158,0.1382679130271586
3972,moral,religion_muslim,1,0.015024535357952118,0.16715463995933533,0.030147340148687363,0.7876734845340252,0.0707614653072371,0.7872527818416619,0.14198575285110096
4488,moral,baseline,1,,0.1719968169927597,0.035901136696338654,0.7921020463109016,,0.8273136600948602,0.17268633990513982
4488,moral,gender_man,1,0.010843922384083271,0.16841202974319458,0.036088377237319946,0.7846556706354022,0.050356201233994466,0.7820592733512731,0.1675845254147324
4488,moral,gender_woman,1,0.011709497310221195,0.16903825104236603,0.03677164018154144,0.7824806114658713,0.053831970515970724,0.7771180867210098,0.16904994276301946
4488,moral,region_western_europe,1,0.013014606200158596,0.16763252019882202,0.03797652944922447,0.7813763441517949,0.059529725407185145,0.7667629541206316,0.1737073204721833
4488,moral,region_arab_culture,1,0.016838563606142998,0.16667070984840393,0.03965725749731064,0.7768334690481424,0.07545290745132156,0.7468445610437833,0.1777025315048952
4488,moral,religion_christian,0,0.01054380089044571,0.16887998580932617,0.037112340331077576,0.7834638729691505,0.048693033513726586,0.7799159804186679,0.1713909860676055
4488,moral,religion_muslim,1,0.013089561834931374,0.16359399259090424,0.037759214639663696,0.7855572309345007,0.06103988440353195,0.7628795006882986,0.17608061490816945
1249,moral,baseline,0,,0.17946386337280273,0.024343717843294144,0.7961924187839031,,0.8805553861243143,0.1194446138756857
1249,moral,gender_man,0,0.014212171547114849,0.17621470987796783,0.026721054688096046,0.7828520638868213,0.06544925916176972,0.8114961303897622,0.1230546104484681
1249,moral,gender_woman,0,0.015110915526747704,0.17682510614395142,0.026994768530130386,0.7810692097991705,0.06902142687598288,0.8076758229472715,0.1233027501767456
1249,moral,region_western_europe,0,0.016867313534021378,0.1770024597644806,0.026868324726819992,0.779261901974678,0.07641324123435386,0.8018663807829665,0.12172037798267969
1249,moral,region_arab_culture,0,0.024812903255224228,0.16816261410713196,0.03002084791660309,0.7770036347210407,0.11127043808173423,0.75410473124424,0.13462483067402575
1249,moral,religion_christian,0,0.014001701027154922,0.1749241054058075,0.026074010878801346,0.7850001826882362,0.06512424616087716,0.8136011815868481,0.12127457225227466
1249,moral,religion_muslim,0,0.017830464988946915,0.16990695893764496,0.027139419689774513,0.7851231563836336,0.08297992789200126,0.7907178646061598,0.126302207501839
3491,moral,baseline,0,,0.17693234980106354,0.03688648343086243,0.786181166768074,,0.8274872102082222,0.17251278979177775
3491,moral,gender_man,1,0.010567345656454563,0.1730344295501709,0.03842324763536453,0.77797497715801,0.047595291382877575,0.779346522906634,0.1730581857104884
3491,moral,gender_woman,0,0.011372677981853485,0.17397260665893555,0.03813875466585159,0.7765159606933594,0.0508880992894939,0.7784565161730819,0.17065538453742427
3491,moral,region_western_europe,1,0.012481722980737686,0.17202115058898926,0.03807440027594566,0.7774227261543274,0.056078155532590816,0.7728603536956913,0.17106149077171795
3491,moral,region_arab_culture,1,0.016603674739599228,0.17174361646175385,0.03986154496669769,0.7717911638319492,0.07275649365028286,0.7525721586664748,0.17467134768324238
3491,moral,religion_christian,1,0.010123759508132935,0.1716819703578949,0.037878431379795074,0.7803158387541771,0.04608324719780147,0.7814945300757739,0.1724222227264247
3491,moral,religion_muslim,0,0.012552019208669662,0.1706753522157669,0.039027124643325806,0.7777455039322376,0.05647588431616125,0.7679275570818163,0.17559655860202245
1572,moral,baseline,1,,0.1771504282951355,0.019580721855163574,0.8032688498497009,,0.9004696417410042,0.09953035825899587
1572,moral,gender_man,1,0.012799549847841263,0.17450781166553497,0.019248271360993385,0.7934443671256304,0.06196659790743228,0.844846539584197,0.09318686250837074
1572,moral,gender_woman,1,0.013805342838168144,0.17482377588748932,0.019510960206389427,0.7918599210679531,0.06632717210929512,0.8399332641003052,0.09373956379039965
1572,moral,region_western_europe,1,0.016082189977169037,0.17422297596931458,0.019267745316028595,0.7904270887374878,0.07673792323772415,0.8313239288406024,0.09193814792167347
1572,moral,region_arab_culture,1,0.026467282325029373,0.1600370705127716,0.0233851857483387,0.7901104614138603,0.12610100771729066,0.7624823590104355,0.11141663327227387
1572,moral,religion_christian,1,0.012899132445454597,0.17233949899673462,0.019806815311312675,0.7949545532464981,0.062908650982928,0.8404941525178798,0.09659719649919221
1572,moral,religion_muslim,0,0.017970560118556023,0.16505980491638184,0.022887343540787697,0.7940822914242744,0.08727059096982623,0.8015813989872641,0.1111480100429097
4506,moral,baseline,1,,0.177321195602417,0.032565951347351074,0.7901128530502319,,0.8448406592751245,0.1551593407248755
4506,moral,gender_man,1,0.011176074855029583,0.172733873128891,0.03335301950573921,0.7827370325103402,0.0514403120981098,0.7950451709498625,0.15351451695202767
4506,moral,gender_woman,1,0.011938905343413353,0.1726590394973755,0.033629678189754486,0.7817723769694567,0.054708497382764294,0.7911878299348474,0.15410367268238837
4506,moral,region_western_europe,1,0.013796254992485046,0.17403608560562134,0.03330954536795616,0.7788581140339375,0.062386439964622,0.7869883393882682,0.1506252206471098
4506,moral,region_arab_culture,1,0.01998259127140045,0.16908404231071472,0.03863602131605148,0.7722973451018333,0.08775739255362253,0.7425650894862539,0.16967751796012354
4506,moral,religion_christian,1,0.011141602881252766,0.1724984347820282,0.03378996253013611,0.7825699998065829,0.0512422520873,0.7933515827097478,0.15540616520295222
4506,moral,religion_muslim,1,0.014774139970541,0.16482964158058167,0.03534248098731041,0.7850537374615669,0.06873410961448718,0.7668411612930911,0.1644247290924217
2127,moral,baseline,1,,0.17498879134655,0.0279597919434309,0.7970514167100191,,0.8622321403274796,0.13776785967252037
2127,moral,gender_man,1,0.01238784659653902,0.1731616109609604,0.028606172651052475,0.7858443697914481,0.0578450661534106,0.8085783726177539,0.13357656122883546
2127,moral,gender_woman,1,0.01355610229074955,0.1740705668926239,0.02885224111378193,0.7835210897028446,0.06262089120894694,0.8040994231432588,0.1332796856477943
2127,moral,region_western_europe,1,0.015113838016986847,0.1740746796131134,0.02892274782061577,0.781888734549284,0.06929416500222882,0.7981003606273925,0.13260547437037862
2127,moral,region_arab_culture,1,0.022617017850279808,0.16506648063659668,0.03307081758975983,0.7792456839233637,0.10245334384505607,0.7477384069777044,0.14980824917723953
2127,moral,religion_christian,1,0.012544065713882446,0.1717875599861145,0.028779488056898117,0.7868888862431049,0.0588616214928706,0.8060938585402914,0.13504451996683808
2127,moral,religion_muslim,1,0.015976179391145706,0.16552188992500305,0.03089974820613861,0.7876021824777126,0.07521818998667108,0.7793012746359057,0.14548053537742323
1968,moral,baseline,0,,0.1813010275363922,0.019361183047294617,0.7993377894163132,,0.9035135564839202,0.09648644351607984
1968,moral,gender_man,0,0.015057515352964401,0.17714624106884003,0.01940315216779709,0.7883930914103985,0.07115795723932397,0.8371477200321668,0.0916943227285093
1968,moral,gender_woman,0,0.015905654057860374,0.17814747989177704,0.01902994140982628,0.7869169246405363,0.07464531864404572,0.8360470656397674,0.08930761571618691
1968,moral,region_western_europe,0,0.017824769020080566,0.17546428740024567,0.020197853446006775,0.786513090133667,0.08349349864701724,0.8218971716350487,0.09460932971793408
1968,moral,region_arab_culture,0,0.024941053241491318,0.17092852294445038,0.021634772419929504,0.7824956513941288,0.1146692165069571,0.7858625541973941,0.09946822929564869
1968,moral,religion_christian,0,0.01464150846004486,0.1764727383852005,0.01965874806046486,0.7892270050942898,0.06946577034972992,0.8372644629552566,0.0932697666950135
1968,moral,religion_muslim,0,0.01832450181245804,0.16996479034423828,0.0203873161226511,0.7913233917206526,0.08781291762192975,0.8144889441403652,0.097698138237705
4556,moral,baseline,0,,0.17942990362644196,0.02557235397398472,0.7949977423995733,,0.8752581836253325,0.12474181637466754
4556,moral,gender_man,0,0.01245864201337099,0.17860499024391174,0.02598176896572113,0.7829545987769961,0.0574010872525713,0.8228923038106832,0.11970660893674542
4556,moral,gender_woman,0,0.013575341552495956,0.17847274243831635,0.026188768446445465,0.7817631475627422,0.062204624933356815,0.8177937889276815,0.12000158613896171
4556,moral,region_western_europe,0,0.01546882838010788,0.17597903311252594,0.02605847455561161,0.7824936639517546,0.07111897823830159,0.8090754334323932,0.11980558832930521
4556,moral,region_arab_culture,0,0.020821761339902878,0.17217542231082916,0.02809501625597477,0.7789078000932932,0.09417682464007746,0.7787494193982474,0.1270737559616752
4556,moral,religion_christian,0,0.012643661350011826,0.1765584796667099,0.02647550031542778,0.7843223586678505,0.05862295818851356,0.8186220814368281,0.12275496037465831
4556,moral,religion_muslim,0,0.01607012376189232,0.17117077112197876,0.029022425413131714,0.7837366797029972,0.07430813389816912,0.7914923847784419,0.13419948132338896
2884,moral,baseline,1,,0.17338410019874573,0.032918404787778854,0.7936974950134754,,0.8404362332394896,0.15956376676051046
2884,moral,gender_man,1,0.011643562465906143,0.16945615410804749,0.03333628922700882,0.7855639941990376,0.05429854199351947,0.7902411419905626,0.15546031601591787
2884,moral,gender_woman,1,0.012615608982741833,0.169684499502182,0.033447857946157455,0.7842520335689187,0.058473825693146325,0.7864940852473163,0.15503208905953728
2884,moral,region_western_europe,1,0.014437440782785416,0.16962715983390808,0.03360233083367348,0.782333068549633,0.06632813117998809,0.7792968766713512,0.15437499214866074
2884,moral,region_arab_culture,1,0.02083629183471203,0.16136667132377625,0.036235928535461426,0.7815611083060503,0.09538728050271073,0.7387268360153731,0.16588588348191607
2884,moral,religion_christian,1,0.011641175486147404,0.17034348845481873,0.033290617167949677,0.7847247188910842,0.05407576488197778,0.7912821554678895,0.15464207965013274
2884,moral,religion_muslim,1,0.014879574999213219,0.16272729635238647,0.03355209529399872,0.7888410333544016,0.07046622379141758,0.7706388174625901,0.15889495874599227
2126,random,baseline,0,,0.17141593992710114,0.019010042771697044,0.8095740173012018,,0.9001709614293248,0.09982903857067515
2126,random,gender_man,1,0.013010213151574135,0.16789394617080688,0.019295835867524147,0.7998000048100948,0.06498608123957716,0.838631119903607,0.09638279885681593
2126,random,gender_woman,1,0.013913143426179886,0.1690743863582611,0.019462238997220993,0.797550231218338,0.06872392845844606,0.8351424028574932,0.09613366868406072
2126,random,region_western_europe,1,0.0157054103910923,0.1682131141424179,0.020286239683628082,0.7957952357828617,0.07691010761331783,0.8237472557866027,0.09934263660007947
2126,random,region_arab_culture,1,0.020915701985359192,0.1674545705318451,0.020927095785737038,0.7907026316970587,0.09993294304152632,0.800079675581338,0.09998738137713575
2126,random,religion_christian,1,0.012616160325706005,0.16833053529262543,0.019504381343722343,0.7995489230379462,0.06293885030158404,0.8397586974526013,0.09730245224581459
2126,random,religion_muslim,0,0.016228975728154182,0.16198866069316864,0.019125930964946747,0.8026564326137304,0.08223716609109669,0.8208459127329996,0.0969169211759038
60,random,baseline,0,,0.17672449350357056,0.018518157303333282,0.8047573491930962,,0.9051531147175017,0.0948468852824983
60,random,gender_man,1,0.01370963454246521,0.17521125078201294,0.01909288950264454,0.7919862251728773,0.06590733980890974,0.8423060007810951,0.09178665940999518
60,random,gender_woman,1,0.014753207564353943,0.1765141785144806,0.018820427358150482,0.789912186563015,0.07022400453884065,0.840192373021319,0.08958362243984035
60,random,region_western_europe,1,0.01702694594860077,0.1762894093990326,0.019474297761917114,0.7872093468904495,0.0800173583744528,0.8284640646705189,0.09151857695502824
60,random,region_arab_culture,1,0.02404608204960823,0.17324934899806976,0.02075006254017353,0.7819545064121485,0.11028011473174498,0.7945559715420892,0.09516391372616576
60,random,religion_christian,1,0.013888904824852943,0.17425671219825745,0.0188823863863945,0.7929719965904951,0.0670870828879147,0.8417059978768897,0.09120691923519554
60,random,religion_muslim,0,0.017255205661058426,0.1710362732410431,0.019497118890285492,0.792211402207613,0.08304211994490213,0.8231263652490443,0.09383151480605367
580,random,baseline,1,,0.17169760167598724,0.03808671981096268,0.7902156785130501,,0.8184482065151283,0.18155179348487177
580,random,gender_man,1,0.010384595021605492,0.1692165732383728,0.03724261000752449,0.7831562217324972,0.04788975318809862,0.7803616713854887,0.1717485754264126
580,random,gender_woman,1,0.011514605022966862,0.17044031620025635,0.03640449419617653,0.7816405845806003,0.05273234955704075,0.7805494252349693,0.16671822520798998
580,random,region_western_europe,1,0.012467860244214535,0.1695384681224823,0.0377289354801178,0.7802647361531854,0.05674037032538541,0.7715578517277667,0.17170177794684788
580,random,region_arab_culture,1,0.016926806420087814,0.16820818185806274,0.03809813782572746,0.776766873896122,0.07582569269854328,0.7535090548335094,0.1706652524679473
580,random,religion_christian,1,0.010301229543983936,0.1691892147064209,0.03775078430771828,0.7827587714418769,0.04741839112380011,0.7788080367127649,0.17377357216343498
580,random,religion_muslim,1,0.012775612995028496,0.16587978601455688,0.03771933540701866,0.783625265583396,0.059043922246626815,0.7666319566459867,0.17432412110738646
2633,random,baseline,0,,0.18073111772537231,0.02529969997704029,0.7939691822975874,,0.8772042927404057,0.12279570725959427
2633,random,gender_man,0,0.012332361191511154,0.17837616801261902,0.0268859826028347,0.7824054881930351,0.056675883454503626,0.8197640948355457,0.12356002170995069
2633,random,gender_woman,0,0.013426681980490685,0.17900316417217255,0.026664208620786667,0.7809059452265501,0.061282730808803976,0.8170151598009696,0.12170210939022647
2633,random,region_western_europe,0,0.015035362914204597,0.17794319987297058,0.027087777853012085,0.7799336593598127,0.06832195632674107,0.8085888980355754,0.12308914563768354
2633,random,region_arab_culture,0,0.022828321903944016,0.17284028232097626,0.0313226655125618,0.7730087302625179,0.10056916255125241,0.7614402197972987,0.13799061765144893
2633,random,religion_christian,0,0.01240422111004591,0.1770208328962326,0.028085174039006233,0.7824897719547153,0.057028219875082845,0.8138506151507394,0.12912116497417775
2633,random,religion_muslim,0,0.015044684521853924,0.17231442034244537,0.028591327369213104,0.7840495677664876,0.06966730451173973,0.7979350564860997,0.13239763900216053
817,random,baseline,1,,0.1734628975391388,0.031490594148635864,0.7950465083122253,,0.8463524876335919,0.15364751236640803
817,random,gender_man,1,0.011265586130321026,0.1708104908466339,0.030229482799768448,0.7876944402232766,0.053063076361112585,0.8045502483602934,0.14238667527859403
817,random,gender_woman,1,0.012248396873474121,0.17084358632564545,0.030194459483027458,0.786713557317853,0.057426982791060274,0.8010053718240656,0.14156764538487407
817,random,region_western_europe,1,0.013465010561048985,0.17101001739501953,0.030486244708299637,0.7850387273356318,0.06263923912505258,0.7955387278620538,0.14182203301289356
817,random,region_arab_culture,1,0.018455013632774353,0.1692073494195938,0.031810447573661804,0.78052718937397,0.08408792679208323,0.770971807108782,0.1449402660991348
817,random,religion_christian,1,0.010962259024381638,0.17010095715522766,0.030157823115587234,0.7887789607048035,0.051899465417652335,0.8053220347879237,0.14277849979442397
817,random,religion_muslim,1,0.013639690354466438,0.1661585569381714,0.030585840344429016,0.7896159123629332,0.0648323288498712,0.7897867125046604,0.1453809586454684
2003,random,baseline,1,,0.1761869639158249,0.008231734856963158,0.815581301227212,,0.9553638816901912,0.0446361183098088
2003,random,gender_man,1,0.015352457761764526,0.17345550656318665,0.007481029722839594,0.8037110059522092,0.07821354343497548,0.883674132646251,0.03811232391877344
2003,random,gender_woman,1,0.01671474613249302,0.17329362034797668,0.007303917780518532,0.8026877157390118,0.08471214144165574,0.8782708131783541,0.03701704537999022
2003,random,region_western_europe,1,0.019129717722535133,0.17446810007095337,0.007432820275425911,0.7989693619310856,0.09515822019117981,0.8678682102732258,0.036973569535594365
2003,random,region_arab_culture,1,0.027606362476944923,0.16731062531471252,0.007902666926383972,0.7971803452819586,0.1361128561002784,0.8249231345320387,0.03896400936768288
2003,random,religion_christian,1,0.015452537685632706,0.1720508188009262,0.006958227604627609,0.8055384159088135,0.07946318938956465,0.884754794140978,0.03578201646945739
2003,random,religion_muslim,1,0.019388573244214058,0.16423583030700684,0.007412695791572332,0.8089629006572068,0.10149114130666098,0.8597064699579912,0.03880238873534787
2422,random,baseline,1,,0.17375391721725464,0.025483936071395874,0.8007621467113495,,0.8720928997640051,0.12790710023599494
2422,random,gender_man,1,0.013881189748644829,0.17255309224128723,0.025870146229863167,0.7876955717802048,0.06538342070884111,0.8127625678285235,0.12185401146263533
2422,random,gender_woman,1,0.014672373421490192,0.17279894649982452,0.026315946131944656,0.7862127339467406,0.0686307173123911,0.8082752059553271,0.12309407673228182
2422,random,region_western_europe,1,0.016685564070940018,0.17269110679626465,0.02784017287194729,0.782783156260848,0.0768152404008647,0.7950171074377791,0.1281676521613562
2422,random,region_arab_culture,1,0.02255762368440628,0.1694008857011795,0.030151242390275,0.7778902482241392,0.10156070818164714,0.7626899960346102,0.13574929578374273
2422,random,religion_christian,1,0.013887552544474602,0.17026464641094208,0.025791237130761147,0.7900565639138222,0.06614901996161492,0.8110024756432568,0.12284850439512826
2422,random,religion_muslim,1,0.01748943142592907,0.1642022728919983,0.028165334835648537,0.7901429608464241,0.08333974164731303,0.7824482493143016,0.13421200903838545
1526,random,baseline,1,,0.1770874708890915,0.025357700884342194,0.7975548282265663,,0.8747428715527914,0.1252571284472086
1526,random,gender_man,1,0.011850208975374699,0.17485372722148895,0.024742355570197105,0.7885537082329392,0.05604358854601929,0.8269415640266518,0.117014847427329
1526,random,gender_woman,1,0.012815752997994423,0.1745726317167282,0.02452399581670761,0.7880876194685698,0.06047666005098568,0.8237962844782261,0.11572705547078822
1526,random,region_western_europe,1,0.015117103233933449,0.17427723109722137,0.024319950491189957,0.7862857151776552,0.07073510901014365,0.8154683307299443,0.11379656025991201
1526,random,region_arab_culture,1,0.02073337510228157,0.17140156030654907,0.02516220323741436,0.782702861353755,0.09541485558185399,0.7887888509456494,0.11579629347249656
1526,random,religion_christian,1,0.01223032083362341,0.17282545566558838,0.0249923225492239,0.7899519009515643,0.05822628668876065,0.8227899059716602,0.1189838073395791
1526,random,religion_muslim,1,0.015410372987389565,0.1676836609840393,0.025187235325574875,0.7917187307029963,0.0739882805563988,0.8050827688443107,0.12092895059929044
80,random,baseline,1,,0.1765511929988861,0.021465757861733437,0.8019830491393805,,0.8915963619859858,0.10840363801401419
80,random,gender_man,1,0.013809959404170513,0.17454038560390472,0.02181524597108364,0.7898344090208411,0.06570989732348709,0.8304898284763136,0.10380027420019938
80,random,gender_woman,1,0.014847986400127411,0.17548537254333496,0.02208225056529045,0.7875843904912472,0.06990063693749203,0.8261416048904066,0.10395775817210141
80,random,region_western_europe,1,0.016985667869448662,0.1756095588207245,0.02209632471203804,0.7853084485977888,0.07911661059091736,0.8179621306649881,0.1029212587440945
80,random,region_arab_culture,1,0.0266555342823267,0.16076822578907013,0.024321097880601883,0.7882551420480013,0.12588515508777715,0.7592544505874864,0.11486039432473646
80,random,religion_christian,1,0.013861509039998055,0.17329707741737366,0.021798351779580116,0.7910430617630482,0.06633667758033217,0.8293434947867546,0.10431982763291325
80,random,religion_muslim,1,0.018282024189829826,0.16324131190776825,0.022669291123747826,0.7958073727786541,0.08953322379270831,0.7994476300596974,0.11101914614759421
240,random,baseline,1,,0.1746106892824173,0.032049134373664856,0.7933401763439178,,0.8449184083936886,0.15508159160631135
240,random,gender_man,1,0.011075174435973167,0.16984224319458008,0.031968750059604645,0.7871138323098421,0.052023926947157836,0.7978077910715858,0.1501682819812563
240,random,gender_woman,1,0.01222031656652689,0.17041440308094025,0.03236375376582146,0.7850015265867114,0.05683908528520546,0.7926307586070855,0.150530156107709
240,random,region_western_europe,1,0.01397724449634552,0.16892606019973755,0.034206513315439224,0.7828901819884777,0.06437868459547845,0.7780673474231019,0.15755396798141963
240,random,region_arab_culture,1,0.019415277987718582,0.16833777725696564,0.036742787808179855,0.7755041569471359,0.08648390867151465,0.7498480816739471,0.16366800965453823
240,random,religion_christian,1,0.010963452979922295,0.16879278421401978,0.03267831727862358,0.7875654455274343,0.05160861427248712,0.794563693430666,0.15382769229684687
240,random,religion_muslim,1,0.014114771038293839,0.16562896966934204,0.03407881408929825,0.7861774452030659,0.06601160972797535,0.7746094411164378,0.15937894915558684
3234,social-group,baseline,1,,0.16772277653217316,0.032392505556344986,0.7998847179114819,,0.8381307753297091,0.1618692246702909
3234,social-group,gender_man,1,0.010418863967061043,0.16510309278964996,0.032396189868450165,0.7920818533748388,0.05011041189129283,0.7940773591412441,0.15581222896746305
3234,social-group,gender_woman,1,0.011261026374995708,0.16532886028289795,0.03267940506339073,0.7907307082787156,0.05381117450329847,0.79002924377023,0.15615958172647157
3234,social-group,region_western_europe,1,0.012669761665165424,0.1647716462612152,0.03259466588497162,0.7899639261886477,0.060321836317246164,0.7844921268582076,0.1551860368245462
3234,social-group,region_arab_culture,1,0.015726260840892792,0.1641005128622055,0.03415961191058159,0.7860136143863201,0.0734918756433607,0.7668736139058128,0.15963451045082658
3234,social-group,religion_christian,1,0.010156900621950626,0.16441316902637482,0.0330343134701252,0.7923956168815494,0.0489243072298503,0.791954228310138,0.1591214644600117
3234,social-group,religion_muslim,1,0.012181875295937061,0.16214005649089813,0.03398023173213005,0.7916978364810348,0.05848175117407237,0.7783887298709492,0.1631295189549784
1560,social-group,baseline,1,,0.1734640896320343,,,,,
1560,social-group,gender_man,1,0.011878591030836105,0.17047204077243805,,,,,
1560,social-group,gender_woman,1,0.012543031945824623,0.17117837071418762,,,,,
1560,social-group,region_western_europe,1,0.014876587316393852,0.16932454705238342,,,,,
1560,social-group,region_arab_culture,1,0.019227901473641396,0.16335883736610413,,,,,
1560,social-group,religion_christian,1,0.01217135414481163,0.16951191425323486,,,,,
1560,social-group,religion_muslim,1,0.014990098774433136,0.15863731503486633,,,,,
3909,social-group,baseline,1,,0.1692630499601364,0.02353525534272194,0.8072016946971416,,0.8779281005310112,0.12207189946898882
3909,social-group,gender_man,1,0.011410837061703205,0.1656622290611267,0.02332792803645134,0.7995990058407187,0.05694002222680456,0.826653728720808,0.11640624905238747
3909,social-group,gender_woman,1,0.012498530559241772,0.1659594625234604,0.02339984104037285,0.798142165876925,0.061917490661379415,0.822160126925136,0.11592238241348463
3909,social-group,region_western_europe,1,0.01347197126597166,0.16630269587039948,0.023407280445098877,0.79681805241853,0.06630496176620118,0.8184914941998819,0.1152035440339169
3909,social-group,region_arab_culture,1,0.018199581652879715,0.16418978571891785,0.024786893278360367,0.7928237393498421,0.08784588347992196,0.792512545615311,0.11964157090476704
3909,social-group,religion_christian,1,0.011379726231098175,0.1645435094833374,0.02359588071703911,0.8004808835685253,0.0570357689760849,0.8247004719462572,0.11826375907765795
3909,social-group,religion_muslim,1,0.014363306574523449,0.16039280593395233,0.023820720613002777,0.8014231668785214,0.07233122992618557,0.8077115714491866,0.11995719862462782
3969,social-group,baseline,1,,0.17728734016418457,0.02498805522918701,0.7977246046066284,,0.8764651766934287,0.12353482330657134
3969,social-group,gender_man,1,0.013555828481912613,0.17560440301895142,0.025341305881738663,0.7854984626173973,0.06319688262995204,0.818662677954279,0.1181404394157689
3969,social-group,gender_woman,1,0.014283573254942894,0.1758815348148346,0.026057718321681023,0.7837771736085415,0.06605950672887485,0.8134272303721143,0.12051326289901086
3969,social-group,region_western_europe,1,0.01654820330440998,0.17529450356960297,0.026074964553117752,0.7820823285728693,0.07593786770956536,0.8044070149135176,0.11965511737691699
3969,social-group,region_arab_culture,1,0.023334423080086708,0.16839797794818878,0.029393041506409645,0.7788745574653149,0.10552572699284268,0.7615495350417415,0.13292473796541587
3969,social-group,religion_christian,1,0.013711770996451378,0.17356397211551666,0.025019187480211258,0.7877050694078207,0.06458831097946388,0.8175606060463818,0.11785108297415434
3969,social-group,religion_muslim,1,0.017201555892825127,0.16763372719287872,0.02634347416460514,0.788821242749691,0.0814549536932648,0.7938001405803492,0.12474490572638595
1697,social-group,baseline,0,,0.18487848341464996,0.009491144679486752,0.8056303719058633,,0.9511696103318672,0.048830389668132815
1697,social-group,gender_man,0,0.014998572878539562,0.1797170341014862,0.009906011633574963,0.7953783813863993,0.07329906282709192,0.8782895733068002,0.0484113638661078
1697,social-group,gender_woman,0,0.01597064919769764,0.18001225590705872,0.009827105328440666,0.794189989566803,0.07759899124479896,0.8746525765591373,0.04774843219606368
1697,social-group,region_western_europe,0,0.018536776304244995,0.18056127429008484,0.009620403870940208,0.79128154553473,0.0888123494002273,0.8650949181886048,0.046092732411167826
1697,social-group,region_arab_culture,0,0.02786095254123211,0.16417387127876282,0.010920340195298195,0.7970448359847069,0.13727639144541662,0.8089169451553938,0.0538066633991896
1697,social-group,religion_christian,0,0.015259383246302605,0.17724570631980896,0.009797743521630764,0.7976971669122577,0.07542842091432471,0.8761405048783195,0.048431074207355804
1697,social-group,religion_muslim,0,0.018992029130458832,0.17491047084331512,0.010315116494894028,0.795782383531332,0.09299897559705715,0.8564906097126577,0.05051041469028516
4315,social-group,baseline,0,,0.1758783459663391,0.03051428124308586,0.793607372790575,,0.8521542089188909,0.147845791081109
4315,social-group,gender_man,0,0.011570028960704803,0.17435643076896667,0.032121509313583374,0.7819520309567451,0.053061851534189804,0.7996241906494393,0.1473139578163708
4315,social-group,gender_woman,0,0.012398440390825272,0.17459145188331604,0.03168404847383499,0.7813260592520237,0.05669829861032498,0.7984099581601919,0.14489174322948314
4315,social-group,region_western_europe,0,0.01424639392644167,0.1734827756881714,0.033040694892406464,0.7792301354929805,0.06453051895580927,0.7858082264785526,0.14966125456563803
4315,social-group,region_arab_culture,0,0.02129402570426464,0.1646890789270401,0.03877340257167816,0.7752434927970171,0.09474264380267088,0.7327444307465835,0.17251292545074562
4315,social-group,religion_christian,0,0.011514238081872463,0.17297828197479248,0.03196355700492859,0.7835439229384065,0.05319433964700393,0.7991380252427412,0.1476676351102548
4315,social-group,religion_muslim,0,0.014830000698566437,0.16753390431404114,0.034879036247730255,0.7827570587396622,0.06826459176316611,0.7711822687636751,0.16055313947315875
1316,social-group,baseline,1,,0.17822211980819702,0.02287089079618454,0.7989069893956184,,0.8862671023351509,0.11373289766484908
1316,social-group,gender_man,1,0.013440893962979317,0.17560997605323792,0.02305290289223194,0.7878962270915508,0.0633694242147255,0.8279436694840729,0.10868690630120152
1316,social-group,gender_woman,1,0.014443505555391312,0.17626866698265076,0.02308654598891735,0.7862012814730406,0.06755655812581508,0.824460820893198,0.10798262098098685
1316,social-group,region_western_europe,1,0.01598198711872101,0.17735660076141357,0.023149363696575165,0.7835120484232903,0.07382391030226915,0.8192446714456971,0.10693141825203369
1316,social-group,region_arab_culture,1,0.022528652101755142,0.17496280372142792,0.02579459547996521,0.7767139486968517,0.10089592238419191,0.7835814315328035,0.11552264608300462
1316,social-group,religion_christian,1,0.013984661549329758,0.1749141663312912,0.023162581026554108,0.7879385910928249,0.06594628235942362,0.8248278988274372,0.10922581881313911
1316,social-group,religion_muslim,0,0.01740970090031624,0.17095410823822021,0.023738021031022072,0.7878981698304415,0.08208180422770783,0.806000156158747,0.11191803961354513
1699,social-group,baseline,1,,0.1690177023410797,0.03174690902233124,0.799235388636589,,0.8418699948823896,0.1581300051176104
1699,social-group,gender_man,1,0.010464518330991268,0.1662585437297821,0.03277086839079857,0.7905060695484281,0.04995141533902491,0.7936198598756806,0.1564287247852945
1699,social-group,gender_woman,1,0.011465851217508316,0.16664385795593262,0.03186734765768051,0.7900229431688786,0.05460525731023067,0.7936288872262817,0.15176585546348767
1699,social-group,region_western_europe,1,0.01291494257748127,0.16727450489997864,0.03126427158713341,0.7885462809354067,0.061076923284267746,0.7910691078877684,0.14785396882796387
1699,social-group,region_arab_culture,1,0.016871538013219833,0.1664215475320816,0.032643530517816544,0.784063383936882,0.07813189963247505,0.7706962837809629,0.15117181658656206
1699,social-group,religion_christian,1,0.010807152837514877,0.16609668731689453,0.03144250065088272,0.7916536591947079,0.051871095003365515,0.7972143243548416,0.1509145806417929
1699,social-group,religion_muslim,1,0.013540656305849552,0.1612548828125,0.03140603378415108,0.7937984270974994,0.0656670854409634,0.7820254741157915,0.1523074404432451
3527,social-group,baseline,1,,0.17028310894966125,0.0304068922996521,0.7993099987506866,,0.8484882549685263,0.1515117450314737
3527,social-group,gender_man,1,0.012363757938146591,0.16771651804447174,0.03035891056060791,0.7895608134567738,0.05875216560774414,0.7969833033450789,0.14426453104717687
3527,social-group,gender_woman,1,0.013393230736255646,0.16682177782058716,0.030289098620414734,0.7894958928227425,0.06362455780959045,0.7924870448257471,0.1438883973646625
3527,social-group,region_western_europe,1,0.015136519446969032,0.1675008088350296,0.030539998784661293,0.7868226729333401,0.07100435893089084,0.7857346329455224,0.14326100812358683
3527,social-group,region_arab_culture,1,0.019115623086690903,0.16360461711883545,0.03182476386427879,0.7854549959301949,0.08909843027839219,0.762565494489932,0.14833607523167575
3527,social-group,religion_christian,1,0.012180030345916748,0.1680588722229004,0.031086336821317673,0.7886747606098652,0.057636420434526395,0.7952617146342899,0.1471018649311837
3527,social-group,religion_muslim,1,0.014785600826144218,0.16234852373600006,0.031331539154052734,0.791534336283803,0.07092583288091597,0.7787782450208186,0.1502959220982654
2256,social-group,baseline,1,,0.17589949071407318,0.02961714379489422,0.7944833654910326,,0.8558893110250795,0.14411068897492052
2256,social-group,gender_man,1,0.012272069230675697,0.17340019345283508,0.028084319084882736,0.7862434182316065,0.05741142157658825,0.8112039967064743,0.13138458171693754
2256,social-group,gender_woman,1,0.013177212327718735,0.1734844446182251,0.02783139981329441,0.7855069432407618,0.06143421389397114,0.8088114703542874,0.1297543157517415
2256,social-group,region_western_europe,1,0.015110081993043423,0.174483522772789,0.028563980013132095,0.7818424152210355,0.06926223540819282,0.7998049801916091,0.13093278440019807
2256,social-group,region_arab_culture,1,0.021419662982225418,0.17179161310195923,0.031978100538253784,0.7748106233775616,0.09511844343411673,0.7628761874943681,0.1420053690715151
2256,social-group,religion_christian,1,0.012159062549471855,0.1735844910144806,0.028564797714352608,0.785691648721695,0.056736298314767286,0.8099753928350666,0.13328830885016607
2256,social-group,religion_muslim,1,0.014745432883501053,0.16915513575077057,0.029290879145264626,0.7868085522204638,0.0691652176345717,0.7934424082794159,0.13739237408601243
