text,generated,is_bare_digit
"Seth.. Good comment. I am very happy to see that there are some honest, capable ",1,True
OH! What a marvellous idea!! All we'd have to do is firmly and strictly declare ,1,True
Gee....when I bought a house in Anchorage in 1980 I thought I'd moved to Alaska.,0,True
She is a 'blogger' not a journalist. This last piece will definitely not go 'vir,0,True
"Liberals always march under the banners of 'Justice' and 'Equality', until they ",1,True
Canada's evaluation process is really weak.,0,True
The 'violence against conservatives' comment is ludicrously hypocritical when on,1,True
"Hear, hear. The armchair spies are out in full force today. Doesn't matter what ",1,True
"Lorna, what is your take on the story of the great deluge? In that scenario god ",1,True
"Oh great, now we have a Toronto-based illustrator and textile designer telling C",1,True
As this nation has gone way right of center in the GOP there is nothing worse th,1,True
Google 'New Brunswick General Election 1987'. Even though Richard Hatfield was t,1,True
...sure is a good thing CONs are spending our money monitoring these comments. t,0,True
"And good on you for doing it, too - your commitment has not flagged, and now is ",0,True
"They don't like ostentatious expressions of personal religious beliefs, especial",1,True
Atheism is a religion as well.,1,True
"wolfhall, If Obama's politically correct capitulation to gay marriage was his gr",1,True
That was precisely what made me realize that St. Paul was mere man and Jesus was,1,True
"They're not Christians, they're ChristianISTS. They wish to spread their religio",1,True
Surprisingly there is mention of any dialogue about US access to Canada's transg,0,True
