text,label,generated,predicted
"The brown people probably surrendered, too. They just got shot, anyway.",0,1,1
"nah ima stay single foo cause in a relationship i'm spazzin over lil shit , you ain ready for this type of love bitch 💯📌",0,1,1
"Seriously what the fuck?  Let me guess. We were too civilized for the barbarians to assimilate, huge numbers were committing crimes and being prosecuted, which looks bad for the Libs. Solution: cancel laws!!",0,1,1
"""Tolerance is the last virtue of a depraved society. When you have an immoral society that has blatantly, and proudly, violated all the commandments of God, there is one last virtue they insist upon: Tolerance for their immorality.""",0,1,1
Hoe behaviour when men think is cool acting humble when they biggest player,0,1,1
@freetobe66 @michaelbeatty3 @1Romans58 @realDonaldTrump I Will Be Damned If My Federal Tax Dollars Will Be Used To Give Scum Sucking Illegals Free Health Insurance. They Should Be Terminated At The Border,1,1,1
I am a Bi man and I can respect this,0,1,1
Data from the Inter-Parliamentary Union shows that Canada has far to go before reaching gender equality in Parliament. #cdnpoli #WomenInPolitics #SystemicChangeSunday URL,0,0,0
it is a guy,0,0,0
"The slow knife of invasion by immigration is the one nobody noticed. But as it pierces the heart of European culture, barely a stifled scream is heard by the uninformed western citizens given complicit media silence...when the reckoning arrives, they'll be piling bodies in the streets faster than mass graves can be dug!",0,1,1
"One day they're using the Q slur to an actual homosexual, next their calling you a toilet paper face.",0,1,1
"Hey retards, if we just stop fucking each other, cancer is done for... retards",1,1,1
trans people do exist they're all simulations designed to one day over take us wAKE UP SHEEPLE,0,1,1
what a dumb fucking cunt,0,1,1
"*10 seconds left on the beat lmao  Me: ""You niggas just don't know what I can do wit 10 seconds I'll fuck the shit outcha ole lady & come back for seconds""",1,1,1
"What a total POS, hope the devil rapes him every second for eternity",1,1,1
Good pussy I ain't average.. UM,0,1,1
Much love for LAtinas,0,0,0
"@Beg1Girl @searchforbreezy @realDonaldTrump That's the last place @IlhanMN should be, keep the Muslims away from our military!! So disgusting!",0,1,1
Hey I'm so bisexual rn happy pride URL,0,0,0
"@realDonaldTrump @WhiteHouse Sir I am not a Dem or Rep. I am US Citizen. Evil exist in any race, Color and race. So lets pray for the soul of those nnocent people in Texas and Ohio. I think God is Great and He gives lives and take lives. God bless their souls and God Bless The USA&POTUS",0,0,0
There's some serious faggotry going on in there.,0,1,1
"I'm a 24yr old bi guy, feel free to message me if you have any questions",0,0,0
@LaReynaMTY8 Fuck her relentlessly?,1,1,1
Your mother was a dumb whore with a fat arse,1,1,1
It's confusing but still empowering. I'm 19 and starting to realize I've always liked guys even though I've always identified as very straight. This is essentially my second time coming out after telling my girlfriend. She's actually pretty excited because she's pansexual so we can connect over both being queer.,0,0,0
thank you. my whole life as a white man people have been telling me the opposite so it's very reassuring to hear that /ssssssssssssssssssss,0,1,1
"Heavy vehicles like buses and trucks are often considered as men's zone. It needs a lot of physical strength to drive these heavy vehicles. But not anymore, meet 24-year-old girl #PratikshaDas, Mumbai's first female BEST bus, driver.  URL Via @SheThePeopleTV URL",0,0,0
Snap harder than alot of niggas out rn,0,1,1
@YBCBlock she wasn't even cute stop gassing these bitches,0,1,1
"Are the minorities still considered as family, friends, neighbors....? Are Kashmiris even considered Indian??",0,1,1
Can't beef with these niggas cause they not outside,0,1,1
"Slaves are there to be used, now stay still while I fuck you",1,1,1
Dumb cunt bitch got what she deserved.,1,1,1
"Wonder if having a president that emboldened and permotes ""make america white again"" with his rectoric in speech and hate rallies...might have a influence on certain hate groups and cults. Sad time for this country.",0,1,1
men AND women are fucking trash,0,1,1
Happy hari raya puasa (for those who celebrate it)! URL,0,0,0
why is it that no party ive ever been to in my life has ever popped off as hard as the intro to tiger woods pga tour 2005 URL,0,0,0
"Completely NTA. You deserve to be who you are. You aren't selfish for wanting to come out. Your parents chose to be parents, and the sacrifices they made for you aren't invalidated because you are gay. Come out to them when you are ready. I hope things get easier for you. Good luck out there.",0,0,0
So that's why there are so many retards on earth,1,1,1
"Same could be said for European immigrants that came to America to settle in the New World (they certainly weren't on Boeing airliners or luxury cruise ships), as well as the pioneers and frontiersmen who trekked across the country in their wagons (you KNOW many died from dysentery or fording rivers). Buncha shitty parents, the lot of 'em!",0,1,1
"honestly men are gross, entitled and dangerous. and if you say ""you're afraid of men"" I'd say ""HELL YES"", men have given me every reason to fear for my fucking life around them, they've give me ZERO reason to trust them.",1,1,1
An all female Charlie's Angels... The feminists are taking over. 🎶I'm an adult virgin 🎶,0,1,1
It is so good to see the bonding between Bangladeshi and Indian bhai borthers .,0,0,0
@sleezygrills @shelbygraces Must be the wrong Bible.,0,0,0
"@BarkinDavid The white lettering is hard to read. You need to do a ""soy boy"" one, you know, that great conservative fear of turning into an emasculated beta male or, Lord only knows, a queer tofu-eating metrosexual.",0,1,1
It's a common thing most mentally ill girls are attracted to it   I knew a few of them,0,1,1
"Check out over 100 new historical LGBT t-shirts added TODAY from the @Ihlia archives of Amsterdam, now LIVE on URL 🏳️‍🌈 #twitterstorians #queer #archives #histsex URL",0,0,0
Ok maybe i don't want her but i ain't gon let you niggas have her either,0,1,1
"Okay but why isn't she black??? Not very progressive, Disney",0,1,1
"Violent crime in general has plummeted. Being aware is one thing, being hateful and paranoid of men is another. See a therapist",0,1,1
These woman are nonsense! Shame!,0,1,1
Had niggas trying to cheat off us and everything 😭. We ate it up.,0,1,1
"Understand legally there is a such thing as diversion where you avoid a plea by good acts & get a case dismissed. She's painting a plea as diversion, @KamalaHarris is a true representation of why identity politics and black girl magic aren't the measuring stick for our politics URL",0,1,1
This nigga look like one of them red faced monkeys from the himalayas,1,1,1
"@_AyParcasi64 Merhaba fatma , just wanted to inform you that this phrase ""men are trash"" goes against the Quraan and hadith because the sentence contains generalization thus including the infallible prophets and encompasses the pious virtuous muslims as well ( Al-awliyaa)so uttering it is mere",0,1,1
My BFF got 59% NA and she looks white. People ask her if she's Greek all the time. You just can't tell by looking.,0,1,1
"Listen to that bitch as he get his hole rammed. You can hear his loose empty boipussy popping, crying to be to stretched & filled with a few loads, when he is done stay put bitch many more are queuing to pump their cum in you too & leave it overflowing URL",1,1,1
"Today, like every day, fuck white supremacy.",0,1,1
Exile all these anti national bitches!,0,1,1
+0 0 You're the WORST occidental country for murders by guns !!! You do nothing to put regulations but for a wall you cry like babys !,0,1,1
"May Allah Swt bring you joy, happiness, peace and prosperity on this blessed occasion. Wishing you and your family Happy Eid! URL",0,0,0
@da_realgmoney @1YUNGFRESH Live how I wanna live. Real niggas in this bitch 4Real 💪🏾,0,0,0
One day Ima just dump in my bitch n give her a son I want a Lil Sheed 😂,0,1,1
There is one LGBT meeting that I plan on attending on Friday. I'm not a huge fan of the meeting for unrelated reasons but I am hoping to feel more comfortable there.,0,0,0
"The transgender argument in the context of athletic competition against real females is simply bogus. Here is a question, why is this issue mostly relevant for male-to-female transformer athletes competing against real females, but we barely hear anything about female-to-male transformer athletes competing against real males?",0,1,1
"@lacking_motive @FuggerNugger @DumbBiBat My nigga, you are a human. If you dont wanna be one, do us all a favor and actually kill yourself.  You're not funny, you're not edgy, you're not cool, your 1 follower wont give a shit about you and most likely the problem in society.",0,1,1
I think god was damned to hell for his creation,0,1,1
tyga is a fAG and his weak lyrics,1,1,1
"I think imma write a song and it's gone go. My Nudes are pretty like a storm  Ringing the dudes I'm the alarm  She's a hillbilly, she's from the farm  Snatch your nigga cause this bussy is armed  Dick longer than a python  Got bitches playing teen titans😂💀",1,1,1
"As someone who is also from the Asian regions, and to someone who has no relations to whites. I really think you shouldn't call white people as goras then if you get offended. I noticed alot of people from eg Pakistan, India etc get offended yet they call the whites ""goras"" URL",0,1,1
Too msny dsmn ppl in one state with any luck cali will go in the ocean that'll clean that state up them it can rebuild minus the illegals,1,1,1
There was a guy out front with signs about homosexuality telling us all about how we are all going to hell.,0,1,1
I am a white woman can confirm this is hilarious and on point 👍,0,0,0
boys who don't respect girls major turn off ugh,0,1,1
"Do you understand why the Palestinians don't trust you? You have funded settlements in the West Bank. You've moved US embassy to Jerusalem. You've cut all aid to Palestinians including hospitals, and you've shut down their diplomatic office in Washington. URL",0,1,1
"Atleast they don't chop up journalists in consulates, behead minors for vague charges or fund global terrorism in Europe and America, like your allies the Saudis do👀 sit down sis👇💅 URL",0,1,1
No man should want to see they babymama struggle cuz if struggle yo kids struggle... fuckin dummy,0,1,1
"Oh hey, Same! Yeah it's hardly a welcoming environment for queerness, but you got this.",0,0,0
"1. I am bisexual.  2. Many of the artists, producers, graphics designers, videographers, ect. that I support are LGBTQ+, not to mention all my friends.  3. Good luck booking that stage you speak of. URL",0,0,0
"""Why companies need to open up the dialogue around diversity"" URL #Diversity #HR #EmployeeEngagement URL",0,0,0
"Wow, what a loner you are. A virgin dick pleb going mad over getting bald every day.Kys ugly faggot.",0,1,1
"Evan, hmu for his file. #gay #straight #hot #dick #bigdick #nudes #gayporn #dropbox #str8bait #straightbaited #str8 #bait #horny #sellingnudes #buyingnudes #sellingvideos #straightboys #straightboy URL",0,1,1
"""Well if you get a perforated uterus you deserve it because God said rape is bad!"" -same rich guy who got his daughter an abortion two months ago by sending her to a resort over the summer",0,1,1
Black ppl in a nuthsell,0,1,1
Christians suck,0,1,1
Please retweet these little racist Bakersfield fucks :) URL,1,1,1
God is definaelty a dick. He only wiped out all of humanity for like no reason. Ever read the book of jobe? It's literally god just saying fuck you you to his most devout follower because he can.,0,1,1
@robbiee00 it was women + religion. As in why women are attracted more than men to religion,0,0,0
i bet this bitch in like 10th grade. i can FEEL it. stop playing with my moots like that before i really decide to do witchcraft and place a 1000 year curse on you and your entire family,1,1,1
"@ashindestad @MONR0WE Yeah forgive me, it's what the kids say ""my religion etc"" - yep the prejudice are the same, I was just curious at the ""black people should be more accepting due to slavery"" justification",0,1,1
I imagine 11 spuds from trainspotting... scottish maradona,0,1,1
"This ""man"" (maybe a cyborg) is responsible for untold suffering, traumatizing parents and children (all POC) for the rest of their lives. Whatever happened to him in his youth has left the mark of Satan on him. #SatansSnotRag #CancelStephenMiller URL",0,1,1
Yooo this bitch is off her knockers lmao,0,1,1
Go suck a dick and die faget,1,1,1
Wait so is Matt pretty much saying that there's some guys in the league hatin on this guy because he's light skinned? That's ridiculous.,0,1,1
"No, the chances of a muslim shooting you in America is almost nil. There are over 50K gun deaths every year christian USA. We should be focusing our attention on Christians and less on peace loving Muslims.",0,1,1
@wbgxdono That hoe suck,1,1,1
+KITT FOXXE it is spelled faggot! You dumbass cum dumpster!,1,1,1
@brookehouts Bitch stfu hoe. I hope somebody beat yo ass like you hit that dog,1,1,1
This is what happens when you let gays Marry,0,1,1
"I've got good ol' ""nigger basher"" ready to go into action — that baseball bat has beaten lots of chimps like you!",1,1,1
It's not that they are women of color... The problem is they are whores for mohammed. They aren't working for the American people; they are working for mohammed.,1,1,1
Authorities are A Gang Of Predators Abusing the Community Harassing Females And Following Them around The Community Needs To Go To Their House's & Destroy Them .  A KING OF HEAVEN  L.O.L. T.K.O.,1,1,1
"This just makes me want to love on black men even more. I see you, I understand your struggle, and love you.",0,0,0
"And for the love of Christ, please cover your kids with a tarp or a tablecloth or something to help protect the purity of priests who might otherwise be tempted to rape your kids and wait a minute why would anyone risk taking their kids to mass anymore?!? URL",0,1,1
Black dude fucks a tranny URL,0,1,1
Ugh those crosses are even creepier in numbers. What gets me is how devout Christians don't realize how insanely cult-y they are. How do they never stop to think about the fact that the symbol of their faith is a pagan torture + execution device? It's no wonder that they discourage questioning things...,0,1,1
@WeWuzBoomers worst thing about conservative women: wide vagina,1,1,1
Shan and obtaining those infants by cutting them out of pregnant mothers. Then laughing while tossing them back and forth. They looked at non-Japanese as sub-humans.,1,1,1
"Y'all want a street nigga so bad until he getting jumped , that man girl ran for her life",0,1,1
You dumb fucking bitch. Drop an address so I can rock your shit and spit in your fucking face. URL,1,1,1
I'll kick u in the pussy u stupid shit,1,1,1
"White cucks should be on their knees, sending .. begging to clean up me and Alpha's mess 🤤",1,1,1
Try adventism. We were taught that we would be literally hunted through the woods because we wouldn't follow the coming mandatory Sunday worship laws.,0,1,1
"Jim Christl ..hey white trash, invite them to your country then. Give them political and economic asylum. Don't interfere with other country's issues. All you white trash come to Asia because you can't make it in your own country. Using the color card to impress the gullible like the dumb Hongkies.",0,1,1
"Where are the fat, dumb moms that want to leave their family for horse cock? URL",1,1,1
@The Sower it all depends how you preach the word. There was a man called Geñito and he would preach the word but with a harsh way directing himself to the non converted or Catholics. My mother is a bishop of a protestant church and she preaches with open arms not with pointing fingers. Btw shes an old soul but with an open mind that attracts people and teaches the old ways without judging oeople no matter even if they're part of the LGBT community.,0,0,0
"Oh, so these two sisters can fuck and it's okay cause they're ""anime girls"", but when I try to fuck my little brother I get kicked out from the nursery at the hospital",0,1,1
@Melissaponce28 @YumixVideox @Wolfdemon07 @Lewd_Admiral69 @Gray_Fang @hulkknight94 @BimboKyouka @SexyDevilMio @ChroniclesBooty Suck on those tits and proceed to titfuck you and cum on you afterwards,1,1,1
"@charliekirk11 You are a total waste! Of course we should focus on these racist, homophobic, white supremacist murderers. Focus on who fills their hearts with hate. Focus on who rules them up. Then outlaw them and in 1 case, impeach them!",1,1,1
"""Because she's ugly. And terrible. And I hate women."". The best way to combat these Clown-World ""journalists"" is to just rub their own absurdity in their face.",1,1,1
> We created you from a male and a female Doesn't all-knowing Allah know that inbreeding is bad?,0,1,1
Jessica N - Masturbation is genocide. You're killing millions of potential lives.,0,1,1
Probably SJWs. This seems to be their modis operandi. FAKE,0,1,1
The Hezbollah Sleeper Agent Busted for Black Ops in America URL via @thedailybeast,0,1,1
The water it's turning the freaking parents gay,0,1,1
I lived life as a girl for 2 years. Stopped for many more since I had to move and recently came out as trans and pretty soon I'll be living life as a girl again.,0,0,0
Retweet if u like my cock. More on my onlyfans. Link in my bio. 36 hot vids URL,0,1,1
"@openthewindow5 Yea that's how people are, especially men. They are the first ones to force females to have abortions while claiming to be prolife. Well in Alabama there will be no more of that, and many of them will have to face their responsibilities.",0,1,1
"this is not Mexico it's the United States you want Mexico then go there, Wake up America we are under attack from the enemy who have infiltrated our own country, if it's war there after than let's give it to them ..",1,1,1
This is where the *gay begins,0,1,1
men should all die in a fire honestly they are a threat to the world,1,1,1
Republicans don't get to pretend that race has nothing to do with it after Trump started spewing racist rhetoric at every turn and they still support him.,0,1,1
@EternalRemorse I hope someone slaps and spits on her.... Fucking bitch,1,1,1
GUYS CANT WIN. If he just tries to get to know a woman platonically first hes a rat little fuck who is pretending to be her friend just to get in her pants.,0,1,1
"I respect that is how you viewed it. I think the most surprising part to me is that I agree. I am very aware of inequality in the justice system towards blacks. And just like any inequality, I detest it. I was vocal about that. I made it a point to say it, repeatedly. But because I have my own voice in how I express that, I'm a piece of shit. We all got our opinions. And I don't care up or down what you think about me. I'm just surprised by it",0,1,1
"FYI: LGBTQ+ people are in your schools. In your hospitals. We are in your families. We exist in every culture, in every religion, on every continent. You may not want your kids to know about us, but they will, because many of them are us, and we are really fucking cool. 🏳️‍🌈",0,1,1
if whores stopped stealing my entire fucking personality that would be great !!,0,1,1
Blessing Okoro joins other Nigerians to mock herself by re-enacting her GATE scene (Video) URL URL,0,1,1
Same goes for the unique struggles lesbian women go through. Having empathy for other people is a huge necessity imo. Glad to find a place with it :) happy pride to you as well!,0,0,0
"small head big body, small dick big big VIRGINiTY",1,1,1
deepika padukone's face...is something else. no words to describe this beauty URL,0,1,1
i will not be your friend faggot,1,1,1
Only if she pregnant for a rich nigga URL,0,1,1
"So being gay is sexual harassment to you? I suppose it would please you if we all decided to become monks and never did anything sexual because that would likely qualify as ""shoving our sexuality down your throat""? Well fuck that, and fuck YOU.",0,1,1
@AlanDersh Just die already you worthless child molesting POS.,1,1,1
URL Tell me gay shit cowards,0,1,1
We're all people of color. Even white people.  Someone should tell the squad.  The next time their child or niece or nephew is coloring with a white coloring crayon they should tell them that white is not a color so we cant color with that crayon and throw it in the trash.  Afterall its not a color right so its really useless right Omar?,0,1,1
"Yeah not that I have the right to be, but I'm very particular about who I find attractive for some reason and she's a 9-10/10 from what I see. Actually gorgeous.",0,1,1
Certainly religious people have never committed any crimes...,0,0,0
men are trash and we are the bins 😔,0,1,1
"Interviewer : can a woman help a man become a millionaire Man 1 : capital N-O Man 2 : No!!  Man 2 : I don't think so Man 3 : definitely yes Interviewer : ooh really, how so?  Man 3 : a woman can help a man become a millionaire, only if the man is a Billionaire",0,1,1
@babydahl22 @DustinEdits @TanMart03 The worst! Women are amazing!,0,0,0
"""Sorry bitch, I'll call you that now as it's just a name"" Oh, you dont like being called that? Too bad, it's just a name bitch. Hi bitch, how are my daughters?",1,1,1
"Arrggh BARF.... Mr. Know it all is on his way to becoming pussy repellent with that kind of arrogance. Every woman is different, it's not a once size fits all scenario when it comes to orgasm. Douche bag",0,1,1
fuck that fag,1,1,1
Because there aren't enough unwanted children.,0,1,1
"Jews take your terrorist Yahweh and go back to Europe. You have no place in the middle east. It has been over 70 years since you invaded Palestine and all Arab and Muslim countries do not accept you. You are a cancer in the middle east, you live under the Evangelical British and American protection and once lifted you will no friends!!!!!",1,1,1
"Spanish big Musa lady goes interracial, join to enjoy! @MusaLibertina @VGPcreative #mature @maturenl #milf URL M4 URL",0,1,1
@privchoerrory For straight people we deserve pride too #straightpride,0,0,0
Please fuck my pussy with ur huge size cook inside of me & cum with loads of cum in me.,0,1,1
Fuking garbage radical scum! Posting nonsense again you want jnk merge with pakistan and make it into another terror hub?filthy trash!!,0,1,1
"Great. Now somebody else is going to catch her anti-Semitic, homophobic, misogynistic germs.",0,1,1
Yeah you can kill them and they'll make sure you just get a slap on the wrist. Police out here killing people of every color every day and walking away with no real punishment. Let somebody sell a half ounce of weed and get caught up and the book is thrown at them. You can be white athlete and rape a person then get hit with that same slap on the wrist. Dont act like these police arent looking out for those who they deem acceptable. The courts back the play and its a plus 10 to defense if you're any type of trump supporter,0,1,1
Ayygucci are you illiterate? G herbo ain't shit. You act like I'm scared of that faggot. His music is ass. Quit dickriding. Fuck Chicago and the whole state of Illinois. Chiraq is the gayest shit I've ever read. West coast #rolling60s,0,1,1
"> ""Retard Alert"" It's from south park Your honor I rest my fucking case. LOL",1,1,1
women: men are all trash  also women: URL,0,1,1
he will be remembered as a stupid fucking incel,0,1,1
"Hazrat Mirza Masroor Ahmad #CaliphOfIslam ""Without justice, it can take decades to defeat the evil of daesh""  #StopWW3",0,1,1
"""Religion is the opiate of the masses""",0,1,1
What a worthless cuck you are. True mangina with no balls.,1,1,1
"@ReElectCummings Black Americans will never be truly free, until they stop allowing the liberal establishment & Democrat party to dictate the terms of their identity. If you are a US citizen, you are not a ""hyphenated American,"" but an ""American;"" as American as Washington and Lincoln ~",0,1,1
"i hate the females in this generation , seriously.",1,1,1
"Time for sissy bitch caitlin to send, I can see you, you little cum gargling slut!",1,1,1
"Once we eliminate, wipe out white people, there wouldn't be any more this racist bullshit. #antifa",1,1,1
#LaxmmiBomb: @AkshayKumar's transgender look surprises and shocks his fans URL,0,1,1
"It's official, my followers like to suck girls cock 💦💦",0,1,1
My favorite one is bad guy n bad to the bone,0,1,1
"""Wahhh, I can't spew my hatred wherever I want. I'm such a poor little victim. It's all those damn millennials' faults that I can't speak freely. Being white is so difficult."" Go back to your shithole you whiny MAGA scum.",1,1,1
She's a pile of muzzie pig 💩💩 @IlhanMN URL,1,1,1
Down with Mexicans,0,1,1
Islamic fucking scum.,1,1,1
Lol you fucking virgin,0,1,1
This the type of love a bitch DIED for. Y'all women be safe out here these lame niggas will kill you and beat you,0,1,1
@SweetieWalker @EWErickson Are you all really this motherfucking goddamn idiotic/heartless in equal measure? Any moral God would surely allow you and anyone who agrees to burn in eternal hellfire you cunts.,0,1,1
Females of the human species are absolutely trash. Humans look bad,1,1,1
Niggas need to stop glizzy shaming,0,1,1
"It's just the opposite, @FrostBite. More people in the world are starting to resent and reject LGBT. There is no such thing as ""homophobia"".",0,1,1
@MichelleObama @MichelleObama The Real America gives zero f*cks about you and your racist Husband,1,1,1
Everyone wins when we build equity and inclusion into every facet of society. @bloomberg Chairman Peter Grauer is proud to support and appear in #ThisChangesEverythingFilm. Watch the groundbreaking documentary on gender equality in Hollywood on 7/22: URL URL,0,0,0
Shut up try-hard faggoty nerd,0,1,1
if i was a simp i would simply remove myself from this planet,1,1,1
youre reaching kid,0,0,0
"We live in a country that allows police to kill black people over and over again, while it gets swept under the rug like it's a normal thing. This isn't normal, and a silent government is a complicit government. These are murderers with badges and something needs to be done.",0,1,1
@felixjr__10 Someone was being roasted here but now you women see the benefits,0,1,1
I agree that they are bad. Definitely debatable if they are *the* worst. But killing (your own) people only based on their ethnicity in such large scale is something of the worst thing can imagine.,0,1,1
"So long as we manage not to accidentally take any more terrorists on state visits to India, I think we'll be fine.",0,1,1
Niggas ank real when that shit really count...🤧,0,1,1
"Someone needs to recruit a cabal of hackers to edit feminist pages and lock them down after they've been fixed to reveal the truth (e.g. that the ""wage gap"" is a lie, that there is no ""patriarchy"" or ""rap culture"" or ""toxic masculinity"").",0,1,1
Some? This country is full of fat stupid morons. USA. Unlimited Supply of Assholes.,1,1,1
@PierceParisXXX I would love to suck your Big Dick one day Deep Throat suck it to the base. Mad skills when come to sucking,0,1,1
Get yo ass back in line w the rest of the hoes smh. Wasting my time n shit 🙄,1,1,1
"Sure. Keeping clean is a ""religion"". How white trashy do you have to believe that? I bet your home is a pigsty.",0,1,1
"Haganah, Irgun and Stern Gang massacres in villages such as Dawaymeh, Sa'sa and Deir Yassin were horrific to the extent that babies' skulls were cracked open, men were killed and women were raped and burned alive in front of their families. #GroupPalestine 🇵🇸🌊 #قروب_فلسطيني URL",0,1,1
Rape and child sex abuse sure does seem like a common theme by wealthy jewish men these days...its disgusting!,0,1,1
"Some 44,000 refugees return to Syria for Ramadan holiday URL",0,0,0
fw my new snap @ zionbell6. my other one got hacked. retweet to help a nigga out.,0,1,1
Shove your cock up my ass and fuck me till my legs go numb,0,1,1
Fuck Islam we should actually fight it,1,1,1
"I think freedom of religion is great, I think breaking gender roles is great, I think freedom of speech/self expression is great, I think economic migration can be a good thing and I think, simply put, that everyone should have equal rights upon birth.",0,0,0
"I'm not trans, I'm just happy for them being supported.",0,0,0
I wonder if these people have ever heard of Saudi Arabia.,0,0,0
"@Burlie Towner..Why because Trump LOVES the United States unlike you and the 4 Skanks, right ??",1,1,1
"Being gay is a clear advantage in America today. If it were not, @PeteButtigieg would not make it the centerpiece of his campaign. #RadicalPete #LGBTQWXYZ URL",0,1,1
No some mouthy minority woman,1,1,1
"i wanna fuck someone until they're sobbing and shaking, begging for me to fuck them harder... poor pathetic slut wouldn't know when to stop, poor dumb whore wouldn't ever want me to stop.",1,1,1
@TheGift_Franco @keyoki_renee @V16VI Starting to question whether mfs paid attention in school when they went over black history. I know they taught a little bit of it but damn 😂🤦🏾‍♂️,0,1,1
"Yes? Is that not obvious? We should definitely support more minorities getting highly skilled and well paying jobs like doctors and nurses, especially if it has a positive outcome for patient health",0,0,0
Fuck all you city boy fagget's! Where all the pimps at ?,0,1,1
If we build a wall will all the Christians leave.,0,1,1
"Christian fathers make their preteen daughters swear their virginity to them until they are married. Their preteen/teen sons, though, well... go out and get em, slugger! That's my boy!!",0,1,1
This is like SOOOOOOOOO relatable cuz im brown too! 😂,0,0,0
I couldn't even watch these women.,0,0,0
if your mum didnt drop you head first you probably wouldn't be as retarded,0,1,1
"Then do t get married. Pretty simple. What works for some might not work for others. It's irrelevant that you can't imagine it working, because for some, it does. Celebrated 30 years last month with my husband ( and we're gay, so the odds were even more against us)",0,0,0
And bitches usually end in a relationship with bitches,0,1,1
"WHO GIVES A SHIT ABOUT THESE CARPET MUNCHERS ? DON'T LIKE IT HERE ? , MOVE OUT OF THE COUNTRY , MAYBE AN ISLAMIC COUNTRY WOULD WELCOME YOU.",1,1,1
Watch this clip to get a glimpse of how @SamaritansPurse is responding in Jesus' Name at the Texas/Mexico border & continue to pray for these migrants as well as the churches & organizations assisting them in this area. URL,0,0,0
"China and you are undoubtedly pathetic. Please fall from a cliff or something promptly, you ugly twat",0,1,1
"Non white Americans, please relax and don't worry about what Crazy Trump and his mentality sick supporters are saying because this country is yours and will be only yours soon. These ignorant pigs will disappear soon. If you want them to go, You are going too.",0,1,1
Eat a dick and die faggot,1,1,1
Floof a loof boop. What fucking niggers,1,1,1
& being the baby made it no better. URL,0,0,0
"Stop taking in immigrants, close the border until the ones here can be deported. They are fake asylum seekers, they are profit seekers that's it.",1,1,1
"It's time to reject And resist the rabid and insatiable greed of these racist, bigoted and war-mongering White Nationalist billionaire parasites who are willing to sacrifice the lives of our... URL",0,1,1
I like how before the mexican gang says help i accidentaly put my d*ck on fire xd,0,1,1
Everyone and anyone who supports the destruction of Pakistan deserve to be hanged #HangTraitorsOfPakistan #PashteenCapExposed URL,0,1,1
"Ugh, ever since I came out my mom has been telling me I shouldn't tell my younger siblings (12 & 6 (almost 7) years old). I have anyways, ha got em. Anyways thanks for teaching your 3yo, I really appreciate it. I started to understand LGBTQ+ issues in 7th grade, and I really wish I knew earlier. ~~Maybe then I could've appreciated my young, androgynous form.~~",0,1,1
Toxic girls have the best pussy 🤣,0,1,1
"time to cook that, just a pinch of baking soda, then cut that, first smoke that before you bump that, the third nigga is the best, then is you up, White House dont walk up in any hood, lets cap that, everybody rep Flags, some Pledge of Allegiance, some take Five to the Chest, when i die, this still be here unless you want to tske me down like these bitch ass niggas in the streets, always hate this",1,1,1
"Oh I could do something. You are ranting just like the psychotic incels do before they go shoot a place up, if I alert the law on your comments/profile you would be in deep shit. And I easily can, so I suggest you keep your little blabbering racist mouth shut, human scum.",1,1,1
"On Shabbos, The Jewish People lost one of its greats, R' Nosson Kamenetzky Z""L.  Here is our tribute to the man who brought alive the legacy of the Lithuanian Yeshiva World and is one the inspirations behind #JewishHistorySoundbites: URL",0,0,0
I'm Mexican and I feel embarrassed to be my own race 😠 I feel hella offended,0,1,1
"Bitch bye. I use the words bitch, hoe, etc. so much online. Many people do. You're overly sensitive. I never called anyone a whore. Even if I did think someone was a whore, that's my business. IDGAF.",1,1,1
That was about 8 years ago. I think he's dead.,0,0,0
I'd love to fuck the shut out of you 🍆💦,0,1,1
"Oh gish, you need to get fuck hard ! My dicks ready and if u wanna we could fuck that beautiful ass for the first time ;)",0,1,1
Ill have you know ive had 10 girls eat my shit you little faggot,1,1,1
"Fine, all these white people are racists, yall better arm yourselves and fight them to the death.",1,1,1
"Always insisted I was straight. I've been called the most straight person in my friend group. I love the look of women and all. But secretly I'm pretty damn bi. It's more just the sexual actions not other men in general. But damn, liking both is pretty good.",0,0,0
lol internet value. where the gruesome murder of innocent people is less important than racists' rights to literally jerk off to graphic footage of minorities being shot.,0,1,1
"Time to return this country to God, bring God and Jesus back, otherwise he will destroy this country. There will be only a remnant left alive if we do not. Time to turn to prayer. These storms and widespread destruction across the country are a warning.",1,1,1
Maybe they are only good enough to get hood niggas so they try meme them like they're desirable long term. Yeah an educated thirsty nigga might dick u down but will he stay with some hood ass Thot? I think not. It's all they can get so they make it seem like it's all that they want.,0,1,1
"I'd start by putting her over my knee and giving that perfect but fltghy married ass a good hiding. Let her squirm and squeal as her pussy drips and she struggles as much to grind that clit on my leg as to try and avoid my blows. We'll soon have her begging to be allowed to cum, and then...",0,1,1
This Terrorist probably should be deported back to Afganastan. Hopefully he just goes back into society peacefully selling cars in Brooklyn or something.,0,1,1
tommy's hella peng and then he starts talking,0,0,0
This just proves that Africans are morons,1,1,1
"@YasminQureshiMP @amcarmichaelMP China is bad, india is bad but Pakistan is ..... How many christians are there in Pakistan? How many hindus ? U r either wilfully ignorant or..",0,1,1
5.Independence Day this 14 August to be observed in solidarity with brave Kashmiris and their just struggle for their right of self-determination. 15th August will be observed as Black Day.,0,0,0
"let's just not even kid ourselves that any of the potential new PMs are going to have progressive, or even favourable views on women or minorities.",0,1,1
You racist bigoted mental case go away and die in a corner URL,0,1,1
Yea so I am all for eye for an eye. Bitches that do this deserve the slammer. Shits robbery or not only money for the court and legal costs for just goin thru this shit but also the robbery of life not spent making something better of the world. Y'all women can be evil,1,1,1
At the Alex inquests this woman from EFF says: that the red ants is against black people and they assault and rape poor people? WoW? And that you will not see the ants teardown a white or Indian house? News flash EFF! Did you ever see a white or Indian person grab illegal Land?🤔,0,1,1
"@suddenlywestan Because you are a country of mentally ill terrorists. Whoever says different is an enabler, ignorant and blind to endless/countless wars and aggression and the death rate by American terrorist acts. Fuck you American scum!",1,1,1
Omar the terrible should leave to Somalia immediately,0,1,1
The near ultimate example of tone-deaf white privilege. @film_girl,0,1,1
Fuck you lady! Whore!,1,1,1
Im sure your methhead amurican neighbors love you. Theyll miss you when the govt. comes for you next.,1,1,1
You know a nigga can't roast you when all they can say is lame ass fat jokes from 2002 😓,0,1,1
Well that in itself is kind of racist that you got banned for not targeting white people.,0,1,1
">asian men are not getting any women There you go Good luck with ""white male genocide"" so you can get left with a bunch of unattractive asocial men with poor hygiene and extremely misogynistic views on women. Because that will be the average male you are left with.  Society would continue to function without missing a beat if all trans people just vanished overnight. It would be complete chaos if any single ethnicity vanished overnight. Your comparison sucks.",0,1,1
What to do when there's no dick around? Fuck yourself that's what! URL,1,1,1
All them insecure ass Women harassing that White lady talking to Jay z in a stadium full of thousands of people as if they could use they fucking inside voices,0,1,1
Scum shouldn't be allowed have kids!,1,1,1
"It means there are hoes, and they are mad.",1,1,1
If these pathetic mayo's are only able to attack unarmed minorities we should give every minority their own assault rifle and vest.,1,1,1
"Asylum seekers wait for buses to take them to Chiapas after giving up on their quest for entry to the US in Nueva Laredo, Mexico. URL",0,0,0
"""mom, you are a brainless whore who only want to suck handsome man's dick""",1,1,1
"Every civilization on Earth has exploited, enslaved, murdered, and robbed... And they've all been around much longer than the USA.",0,1,1
Fucking scumbag religious nutjob.,1,1,1
I actually fucked her mom,0,1,1
I would hate fuck this slut,1,1,1
@natmypresident The heteros are at it again,0,1,1
"Suck that dick until you cum, then use it as lube to fuck your ass.",0,1,1
I really be getting harassed out here but as soon as I say sum bout that p.o you just playing gtf bitch.,0,1,1
I would bend u over shove my cock into ur ass and piss in u. Then take it out and have u suck me clean,1,1,1
Good. Goodbye ghetto ass kids and their lowlife parents.,1,1,1
"@ByDonkeys @realDonaldTrump @BarackObama No one cares. You guys outlawed knives, but can't keep track of ISIS fighters coming back into your country. There's a reason 1/4's of the world celebrates independence from your neutered asses. 🇺🇸",0,1,1
@KMBringas Homophobia is so 2016,0,1,1
Change the laws now. secure the border or choke on your beloved illegal invaders,0,1,1
Fu**ing brainless IDIOTIC symbol! You wiped out 100% of ISIL? Or you've been an idiot ISIL NAVY and Air Force Tomahawking Syrian army who are eradicating ISIL terrorists under your best Salafi Wahabi beheading friend and ally Saudi Arabia paychecks? Just because you manage to suck blood to become a millionaire dosen't mean that bank account would cancel your STUPIDITY level! ONLY in US such fraudulent Mafia members can cucceed to become Fake president under their Boss Israeli Crime-Minister BiBi Netanyahu! US is a Bathroom for tiny fake government called IsraHell! We deserve it!,0,1,1
Japanese will fight it they kicked the marines from japan after a couple of high profile rapes. They don't play around.,0,1,1
Bladeplay there's lots of gay Christians,0,1,1
"I'm counting down to shutting my Twitter for good, I've had enough of this homosexuals and lesbians bullshit.... These psychos tryna make God rain fire on us all and bring doomsday closer when I'm not yet married. Fuckin psychos",1,1,1
"Nigga said ""I love cock"" 🤣🤣 I knew you were a fag",1,1,1
"> Straight up the hardest working coworkers and friendliest people  I've lived and worked in Texas my whole life, and yeah, mad props to Mexican folks, they have a super tough work ethic that I have a ton of respect for, not to mention being really kind.",0,0,0
"if i know you, i ain't callin you by yo nickname & that's period lmao. Rapper, drug dealer, gangbangin ass nigga. Idgaf lmfaooo",0,1,1
"#LordKabirJi  Real spiritual knowledge  In Fazile Amal it is written that ""Kabir Allah is All-powerful and Allah kabir is the All-exalted, the All-great...",0,0,0
As a black American man I can say it's a personal thing . I try to live my life to the best of my abilities and hating or disliking someone for something they had nothing to do with is not in my code. That said we as a people are so disconnected today. So it's hard for us to collectively agree on anything.,0,0,0
"I, for one, am really glad the obligatory white privilege reference didn't make it into this great honest trailer!",0,1,1
i love when white boys wear those tight ass shorts 😗,0,1,1
"Guess what idiot your dick is retarded because your dumb parents let the doctor snip a piece of it off. You lost tens of thousands of nerve endings and your head is dried out because literally NO animal penis is designed to be constantly exposed to the elements like circumcision does. Be mad at your parents, not people whose dicks aren't fucked up. ​ t. circumcised and hate it",0,1,1
The gov and some polish are racist albino apes forgotten by the march of evolution.,1,1,1
disgusting ass india country. i can not believe we let these dot head into our country,1,1,1
Both them bitches bad but the white bitch badder,0,1,1
You can suck and fuck me anytime :),0,1,1
"""Just fucking look at her getting used like a simple cock sleeve~ That's how a nasty whores needs to be treated, like a fucking cock sleeves, nothing else."" (Artist - Generalbutch) URL",1,1,1
"Seems like Brits are great at ruining countries. Indians learned from you guys too, we are ruining our country as well",0,1,1
"Ah yes, Russia in Syria, how nasty of them to bomb ISIS and to bomb the 'moderate' rebels which are merely on the level of Al-Qaeda in terms of barbarity and criminality. How utterly terrible of Russia...",0,1,1
"Go back to Africa? Pot is calling kettle back the President's father is from Germany in Europe. Donald Trump whom the parents migrated from Germany after the second tribal wars which they called 2nd world wars came to America in search for better lives, peace n progress.Congress omor parents migrated from Somalia in Africa for safety because of the unrest their country for peace n transquilities, this is a nation of emigrants let support one another to maintain the unity of the nation Shalom.",0,0,0
This. I'm Filipino. We are VERY Catholic and the Catholic Church has a strong influence on our culture. Just search the Feast of the Black Nazarene and you'll see how wild our processions get in the capital region alone. Filipinos take pride in being one of the two predominantly Catholic countries in Asia the other being East Timor IIRC.,0,0,0
"@Stalinfanacc Your name literally is ""Stalin Fan"". Does your dumbass know all of the innocent people he butchered you piece of worthless shit? Have you ever been to a country with a dictator? Go to N Korea and see how they like you. FUCK OFF AND GET HERPES YOU WORTHLESS FUCK",1,1,1
"Ah, when these freaks finally just candidly admit who and what they are: So indifferent to a woman's desires they can only conceive of self-gratification. Why *can't* we have gynoids for these subhumans? One incel, one sexbot. Hopefully with some discreet vagina dentata that'll take them irrevocably out of the gene pool.",1,1,1
U.K has started this a week a go ... TIT for TAT . good job iran,0,0,0
gas them poor white trash anyway,1,1,1
fvck all of you dumb btches i hope you rot in hell URL,1,1,1
"Don't worry. Your wish will be granted. No one will want to invest in a command economy that India is becoming. After that kiss your wet dreams of $5 trillion goodbye, kiss your ambitions of being a regional power goodbye, be prepared to be treated like a 3rd world failing state URL",0,1,1
More women are creating new businesses and amassing fortunes than ever before. Check out the 2019 #SelfMadeWomen list on @forbes.  URL URL,0,0,0
Almost sucked a coworkers dick on the parking lot but he's a pathetic loser. Who's gonna let me suck their cock instead? 😈💘,0,1,1
I wanna fuck that asshole and fill it full of cum,0,1,1
I will do when your missionaries leave everyone's else front doors alone,0,1,1
This Nazi fucking racists is going to start a cilvil war!!!,1,1,1
-Women are already highly vocal about how much they hate being hit on. How do I know if someone will already have a negative opinion of my purely because I approached them in public? - This is humble bragging bullshit women say. They complain just as loudly if not more when they DO NOT get hit on after 50 or if they are fat. Don't listen to them,0,1,1
lmao and that's why you smell like piss and look like shrek nigga get the fuck out of here,1,1,1
You're in anger/disallusionment phase. Just keep going. Set your sights on meeting quality women and you will find them. Raise your SMV. Ask yourself if you're a fuckboy or a man. Raise SMV further. Stop entertaining sluts.,0,1,1
Oh yesss! Gonna fuck that bitch mode out of her,1,1,1
Yup. If it's 106 you can get 3 trophies everyday.,1,0,0
"Ok, if you see this tweet, we're now a gay couple",0,1,1
Fuckin fagit.,0,1,1
Don't illegally immigrate and this won't happen.,0,1,1
Fuck India.,1,1,1
This lovely Tamil hijabi @Saliha6912 is so good in serving my bull  URL,0,1,1
"@Amir3851 No! I bet you my life that if you talk to this British made FOOL to the end of time, you won't change his way of thinking. Otherwise, please explain to me why Allah should send Ayah 7 in Surah Al-Baqarah? It is Allah's will for FOOLS like this one to be present.",1,1,1
Incels are the most pathetic bunch of people I've ever seen online.,0,1,1
All Glory belongs to God!! Thank you God for a powerful move/shift at the Mt Pleasant Baptist Church Women's Prayer Breakfast!! Thank you to the Womens Ministry for inviting me to share in this occasion. What an… URL,0,0,0
"Those protesters should be rounded up and deported to their favorite chalupa country. Obviously, America is not for them.",0,1,1
"@xoxotaye Don't forget ENTITLED .. some of them expect women to cloth, feed , sex, bore their big headed babies and shelter them and still have the guts and audacity to demand Submission 😷",0,1,1
"Weird that the graffiti didn't say ""Negotiate with the Israelis"" URL",0,1,1
Brain dead retard!,1,1,1
LADIES BE CAREFUL WITH HANGING OUT WITH YA HOE FRIENDS... YOU GONNA GET PUT IN A SITUATION WHERE YOU GOTTA SUCK 3 DICKS JUST TO GET HOME,1,1,1
r/China is just westerners who think they know everything about China just because they spent a couple of years there,0,1,1
If thats the worst thing that has ever happened to you in your life i hope you get mugged when you walk out of your house you beta >:/,0,1,1
"Hey, check out r/truscum or r/transmedical if you want. I'm trans too and I'm fed up with the way a lot of 'us' are representing us.",0,1,1
Forgot to do something about a population of people that hated America back in the 1860s. That wound just festered and their children were bred and taught to hate.,0,1,1
The babies who would replace dying Americans are being slaughtered daily by abortion...Globalists are stupid morons! Globalist Front: Mass Immigration Necessary to Replace Dying Americans URL via @BreitbartNews,0,1,1
"@royalredwine @coffee__cryptid Since I am sure I know what you're talking about, please do not be insecure. It's the way your body is and every body is different. There is nothing bad about it and there was no need for any of them to point it out. Be proud of your body. It deserves to be loved.",0,0,0
"I sort of wish they had. The Bundys are racist, selfish assholes hidig behind a Mormon urban legend about the End Times and they proved that if you're white and have guns, the government will do nothing. Someone should have merced Cliven and his shitheel sons",1,1,1
Yo kids ain't black they biracial...but they black when you wanna include them in some shit. They black then lmfaoooooooo @MrsMojays URL,0,1,1
"Combat #TEN THOUSAND MEN DIED FOR CHRIST AND COMBAT, GAVE THEIR LIVES AS CRUSADERS AND NEVER CAME BACK. WENT STRAIGHT TO HEVEN FOR CHRIST AND COMBAT",0,1,1
Got people talking but have they actually taken any stigma away for homosexuality in men's football?  I'd actually maybe even say that it's been worse for those who may actually be gay as it's been such a circus and it may be even more daunting for those who want to come out.,0,1,1
Go AUTISM PROGRAMS FOR JEREMIAHA LOL CAUSE HE HAS NO IDEA WHAT HES SAYING,0,1,1
+Make Racists Afraid Again you're nothing but a fucking skinny little tweaker faggot cocksucker,1,1,1
@AlexMorris826 @L0soJr tell him everyone on twitter says he a white lil bitch and to stop saying the n word,0,1,1
No huge differences between us and the others tbh. However there was just one girl (wmaf offspring) that had a non asian dating policy,0,1,1
"Charlemagne the God is a dumb, racist dwarf with no credibility what so ever. Have a nice day",1,1,1
"In my eyes, a feminist is a man hating, man splaining, man spreading whore, who I want to torture until the end of time",1,1,1
"The religion of death , these beasts deserve nothing but what they spread ...#",1,1,1
"He's a fag, said it himself",0,1,1
Id fuck that tight boy pussy so hard you pathetic slut.,1,1,1
This guy's going to get stomped by all races in prison.,0,1,1
"Sorry... Hindu, Muslim, intolerance, caste, muh lynching, lavda lassun is more important. This will probably be in some corner on the 2nd page.",0,1,1
"Hey dude! I'm just another Bisexual wanting to help. There hasn't and won't ever be an age limit on when you tell yourself that you're Bi, Ace, Trans, etc. Sexuality and the feelings it causes can be extremely confusing, trust me. Do your best to not stress about it, that just makes trying to figure out if you're Bisexual or not worse. Being lost is understandable, I felt the same way before I figured out I was Bisexual. If this at all helps then i'm thankful :) Happy Pride Month 🏳️‍🌈 Sam",0,0,0
You guys are incels this sub has a disgusting message to women  You guys even started this sub after seeing r/feemagers get famous  Fucking incels that is why r/feemagers will be better you can't get way more then 4k members,0,1,1
big dick niggas can go to hell,0,1,1
Mommy didn't hug you enough did she? You're a sad and pathetic aids receptacle.,1,1,1
"After living in Texas my entire life, the last person I would expect to walk into a school with guns and deadly intentions is someone wearing an Arab headscarf URL",0,1,1
"Yo shut the fuck up and take your racist views on dagestani people out of this thread. Your lack of empathy and understanding is ""deplorable"". Dingus. Lol get out of your mommas basement",0,1,1
"The WORLD know America ""Should"" have made Tehran Glow in the Dark, back in 1979 .. WE missed a great opportunity to do a great thing for the Planet. They are the most Terrorist Supporting State on the Planet and eventually we will have no choice but to make Martyrs of them all.",1,1,1
*ONE DAY SHE WILL BURST INTO FLAMES... I'M NOT SURE IF SHE WILL INVOKE GOD OR TOUCH THE BIBLE BUT SHE WILL BURST INTO FLAMES!*,0,1,1
"@White Power  No, she said Serena. Not Maria!",0,1,1
"Go to hell you fucking piece of shit. You're a horrible human being. And I use the word human very lightly. I get your momma wished she had gave your dad a blow job. And speaking of your dad, he probably wishes he punched your momma in the stomach when she was pregnant with you. You deserve to die a slow, painful death.",1,1,1
"@lormanny8 @stonecold2050 @JustJMo I agree, but wait so killing with a motive makes it better? Nobody deserves to die but let's not like our country doesn't have higher murders than a mass shooting each year combined.",0,1,1
She and they could go to these countries and set up your own camp lets see how long you last damm idiot,0,1,1
"You say fuck 12 then slide some white supremacist cops peen in ur mouth, like a good blk feminist. Stfu",1,1,1
Your stupid if it's so bad they shouldn't come here illegally,0,1,1
"PDP mufti, mullah omar etc are absolute scum. They should be sent back to porkistan where they wont last a week, will see the same fate as nawaz sharif or bhutto. they are leeching on india while supporting pak",1,1,1
You so hurt you don't know how to love ...Self respect won't let you let just any nigga fuck,0,1,1
"@kiaradanyelle15 Man if Dem towers go down, Niggas gone act like Neanderthals",0,1,1
"I'm 5'3 it's never really hindered me except for feeling insecure about being seen as not masculine but I moved on from that because it's something i can't change and I'm a masculine person, in dating if hasn't really affected me luckly! I have been in a steady relationship with a girl who's actually 6'2 ! I think it shows that height might be a deal breaker for some but definitely not all women / potienal partners think like that!",0,0,0
"Mashallah, We've Already Hit #4million views on @YouTubeIndia ❤💙🌸🔥 It's almost 4a.m now and I'm jumping and screaming all alone🥰 @DarshanRavalDZ We are proud of you❤ #hawabanke URL",0,0,0
Only pistel use challenge try krke dekho bhai,0,0,0
The straights have discovered the real gay agenda! It's time to run. Hail Satan.,0,1,1
"iran is not taking over EUROPE nor are they microwaving JEWS , so shuddupp",0,1,1
"alot of yall bitches don't know girl code , thats why yall dont have any real friends",0,1,1
He has tattoos for KD and Steph??? Wow that is the Gayest shit ive ever heard in my life.,0,1,1
@_lisscatalina She should get hit by a fucking door...,1,1,1
"Ok so rappers being offended over the whole X thing, I get it they're sensitive as shit, but x fans? Yeahhhh, the edgiest fan base ever getting offended over literal comedy, whack.",0,1,1
@CoryBooker TURD ALERT (Islamic little POS),1,1,1
Damn White People and Their... (reaches into backpack) Going Outdoors... URL #literallyracist #damnwhitepeople,0,1,1
Freak bitches and a ho,1,1,1
"Touch a pussy, loser.",0,1,1
this is so fucked. why would ANYONE do this to this poor girl. i wanna fucken burn them ugly fat bitches to death SLOWLY URL,1,1,1
Due to extreme circumstances the Satanic pedophile elite should be genocided,1,1,1
"@naija_qt @AsiaTheLioness @voodustyle @Yes_Your_Grace It's fairly recent in history where we started to reconnect back with our ""roots"" 60's and 70's when we fought for African, Caribbean, Latin America and basically all ""POC"" rights to migrate here and be ""free"" but we get called ""less cultured""",0,0,0
Why is this controversial? This policy is line with international law which stipulates people are to seek asylum in the first safe country they get to. Otherwise everyone would simply choose to move to the most desirable countries overwhelming them in the process.,0,0,0
"@TheGreatRoh @T_Dubz2000 @mtracey Because if you mean the white male hegemony, then hell yeah, we absolutely do want to destroy that. Our society should be a place for all kinds of people to thrive, live free from persecution and bigotry. Meanwhile you're busy cheering as children get rounded up into camps.",0,1,1
DIS HALFCASTE IS A BOUNTY. THESE PATRIOTS ARE FAT UGLY WHITE WOMEN ON BENEFITS. PATHETIC SCUM,1,1,1
"What does ""advocating for a society mirroring Christ's ideals"" mean to you? That sounds like pushing for a theocracy to me, but I don't think that's what you meant. To me, the giving back anecdotes *are* churches trying to change society.",0,1,1
"I mean yall r okay w gay celebrity couples but not w a real life gay couples, so what u tryna say again?",0,1,1
I bet men in their 70s shoot their cum to this little whore,1,1,1
@_rkhatib I can't deny it. I might be intolerant but I avoid showing that for the sake of modernity. But didn't u find the hoe provocatively offensive.,1,1,1
Fuck Germany!,0,1,1
"""God said if they hate you at this level, what they gone do when I elevate you to another place. This is just the beginning!"" 🙌🏽 URL",0,1,1
@therealgamerg @colinflaherty It's 4 or more according to FBI.  And blacks commit 3/4 of all mass shootings in the US.  You just don't hear about it because it's mostly black on black.,0,1,1
Shut your trap you soyboy go back to your #blacklivesmatter protest,1,1,1
You're a bad person. Take your antiquated ways of thinking about women and shove them wherever you shoved the words dames and broads. We live in 2019 not the fifties thank god.,0,1,1
indian aunty fucks on car  Full video 🎬 >URL URL,0,1,1
"she looks like trash in it , and no one wants to see her ugly breasts",1,1,1
Fuck her and that cock she rode in on.,0,1,1
It's indoctrination of youth not mental health ya dumb bitch. You know nothing about mental health or medicine so why don't you shut the fuck up. URL,1,1,1
"Yeah, didn't you know asylum seekers are criminals. How dare they ask to enter the US. Fuck off.",0,1,1
Every gook in #LosAngeles should be deported or killed.,1,1,1
The unfeathered acceptance of immigrants will lead to collapse everywhere anyway.,0,1,1
@LLgbtqp No control? So do we accept people that kill others because they can't control Themselves? What are they? Animals? Pedophilia is a psychological problem at best! Not to be accepted in any form or shape. Maybe the solution is to castrate them.,0,1,1
You religious lunatic lol of course they will triple applications Americans are morons they all think they're a Rambo types capable of great things as long as they have their trusty gun they too can jump on a submarine to recover lots of coke,0,1,1
"Well, China is stupid enough to get 7 billion people out of poverty",0,1,1
You must be black.,0,1,1
"Because child concentration camps were not bad enough, the Trump administration will no longer allow incarcerated migrant children to play soccer, learn English, and is taking away their legal counsel. Til the last drop of humanity is extinguished. URL",0,1,1
"She's always in charge and bossing around, she needs to be bent over and take a hard fucking",1,1,1
"Uuhh he has long hair, he's obviously a woman you fukn TERF",0,1,1
"Oh God, Demotivational Poster style memes.  God I feel old, I used to spend hours looking those things up.",0,0,0
Gays don't go to heaven,1,1,1
"*Non-IVOS related* Hello girls, watch this video. We all need to hear these things ❤️🥰 1. Your beauty does not depend on your daily emotions. 2. You are not made for the world's standards.",0,0,0
"Put a bag over her head and if fuck her. She's got a great body, such a shame that she's ugly as fuck",1,1,1
Wanna fuck the shit outta your slutty cunt and suck those big tits till they are sore,1,1,1
Paying nannies less than minimum wage shows the total lack of value placed on caring work and how comfortable we are with exploiting women for it.  My latest in @smh @DailyLifeAu today.   URL,0,1,1
"Fucking 'white supremacy.' What racist American pish, now unfortunately polluting these shores. You live in a country that is historically white, so now it's a fucking 'white supremacist' country. Get yersels tae fuck ya anti-white racist CUNTS spewing this BRAINDEAD DOGSHIT.",0,1,1
He should take his comments back to his country and shove them up his ass.,0,1,1
I am ur slave. I am literally just a hole ready to serve u daddy. tea bag me after an hour long gym sesh. fist me and rip my heart out of my ass. piss in my mouth and make me ur personal toilet. make me swallow ur hot salty load. sit on my face. shove ur sweaty musty balls in my-,0,1,1
I'd record you. I'd get you a bigger colder cucumber maybe an eggplant. Move that slick cucumber into your ass. The get you a cock gag. And that 5 guys outside come inside and cover you in cum. Now you're ready for the gang bang.,0,1,1
"Religion can help people get through all sorts of emotional episodes, so if you believe in Jesus in your heart you can find strength and comfort in him. But it won't ""cure"" a medical problem. Would your mother tell you the same thing if you had diabetes or cystic fibrosis? I met one crazy person who told me that diabetes could be cured with positive thoughts, but hopefully your mom's not that cray? Hope and positive thoughts are always good and will help, but it sounds like she needs an education as to what mental illness really is.",0,1,1
@Marco Tienda That's what Iran gets for calling on the destruction of other countries... What goes around comes around. Iran deserves everything she gets. And the UK can protect myself but Iran can not. Surrounded.,0,1,1
Stephen A. Has long been a guy? Wtf? When was he a woman?!,0,1,1
It's time gays and gurls 😊 URL,0,1,1
"@CanPotty @pastorlocke @mammamajors Yes, Muslims will kill everyone",1,1,1
@MyDesires4You @rupagulab @BhavikaKapoor5 @INCIndia We all pray for Hindu Muslim Sikh Christian parsi Jain buddh they are pearl of India,0,0,0
Let me exaplain. Muslims are incapable of doing wrong. These people are saints and have committed zero sins. It's us Christians faults who have oppressed these saints.,0,1,1
Lick ur sexy pussy and then fuck u rough,0,1,1
"what u expect at a gunpoint? stupid mericans, stupid braziw!!!",0,1,1
Fraternity rapers.,1,1,1
"What puzzles me is why did she get married in the first place ? Does she understand that perhaps her husband might want to have sex? She knows Keith is sexually active, she saw the empty condom box. Correction: Keith used to be sexually active, lol.",0,1,1
Sounds like his dad is the real real ass dude. You're telling me he gets the 5 grand AND the lifetime of sodomy?,0,1,1
Niggas really thought they was finna be on they hot boy shi w futures EP but all y'all got was broken promises n missing us females. LMFAOOOOO fuckin losers. URL,1,1,1
"Women of color would be a black woman. Not A.O.C. , she is a woman of ""Dumbfuck""!",1,1,1
fucking hate big fuck off feelings such shitty little pricks the twats just fucking piss off the stupid gigantic whores leave me alone u twats,0,1,1
love a girl with a big clit. Makes me feel like a stud in bed ;),0,1,1
"The US currently [does not have a federal law](URL-out/can-you-be-fired-being-gay-answer-depends-largely-where-n962711) in effect that protects discrimination from your employer due to sexual orientation like it does for sex and race. There are many trying to get that changed, but it is being challenged in courts but many still oppose it. Having companies outright declare their support for LGBT rights is still incredibly important, no matter how much they also stand to benefit from it.",0,0,0
our faith believes in our religion But is not to believe in a certain person,0,0,0
@Un_apologetic2 @Stephenohara55 @TheKevinFiles @prettttyyyy1 @spiurit007 @Adunni_Achebe Your ignorance is showing.  Homosexuality exists. It's not going anywhere.,0,1,1
You're confusing the Black Panther Party with the New Black Panther Party. The BPP are all about protecting the black community cause who else will? The NBBP are a racial superiority group.,0,1,1
"None of this makes sense, including the fact that he is having a press conference discussing a case that is going to trial again. Or is that yet another show of his complete incompetence?",0,1,1
Get these mexicans out of our great country.they come here and multiply like rabbits and look for hand me downs,1,1,1
"Yep, all of Central American are full of cowards and corrupted leaders.",0,1,1
"> ridding  Nice word, faggot WHY DONT YOU FUCKEN FIGHT ME",1,1,1
"I don't know if it's normal for toddlers, but I react similarly to (usually) mosquito bites. Some people just have super adverse reactions. Discomfort aside, the bites are not overly harmful, but keep and eye on them. I once had a bite become infected (presumably from the scratching) Use a marker to draw a ring around the original bite and contact your Dr immediately if it expands and/or you get a white ring around the bite.",0,0,0
India got freedom from British in 1947 but we got the total freedom today #fullFreedom URL,0,0,0
I'd probably throw you down onto the bed and start teasing your pussy with my cock until I finally shove it into your pretty pussy and fuck you till your screaming,1,1,1
Typical Muslim. Always have to bring violence into things. Lack of freedom of speech is nothing to be proud of.,0,1,1
Tribute to Kadambini Ganguly on her birth anniversary. She was one of the first female graduates in India and also one of the first women in India to be trained in western medicine,0,0,0
Hold you down and choke you. Whilst Fucking your pussy until it was full of my cum and your blood,1,1,1
THE RUSSIANS! THE CHINESE! The Evil countries outside of the country we're bashing the shit out of that we live in!,0,1,1
"The guy had a rape and kill listbof other girls in high school and was removed from school for at least a year. The guy seemed more like a violent incel, rather than someone representing a right or left ideology.",0,1,1
Nah. I stay away from public areas because I've learned what cowards like you do when you're feelings get hurt. You stop molesting your children for a few minutes and shoot defenseless women and children instead. Now fuck off you dirty little pedophile retard.,1,1,1
Girls will stay in a bad situation just to prove a point to the next bitch even go as far as having a baby 😭 sis you the miserable one not her 😂😂,0,1,1
"DAMN THAT FIRE BACK THOUGH!!!!  ""Just because I'm Latina doesn't mean I'm their nanny"" #JaneTheVirgin",0,1,1
dirty fucking slut,1,1,1
Stupid ugly woman ! 🖕,0,1,1
Somebody call this lil bitch a WAAAHMBULANCE!,0,1,1
@InactionNever @RightWingWatch Spewing out divisive and hateful beliefs while wearing a huge cross on his head.,0,1,1
"Didn't pick well, girls signal this shit early in the relationship but guys tend to ignore it for the sake of regular pussy.",0,1,1
Its fire but u still gay nigga,0,1,1
@ heath ashley- you been popping to many of them little red speed pills. trump sucks and you must love having his penis rammed up your tight conservative asshole. your parents must be very disappointed that you turned out to be a fag.,1,1,1
No need for Beta males in here,0,1,1
"@springday_honey Everybody go spread this thread, they explain well who is BTS and why they're this huge and all the things that they do for Arab army + the love yourself campaign and their charity!! Let's stop the lies and spread the reality ☺️  URL",0,0,0
"@Eedwardsellis @KikiAdine @TheDemocrats  CELEBRATE AS OLD WHITE MEN LOOSE THEIR POWER TO WOMEN.  WOMEN SUPPORTING WOMEN,  WOMEN SUPPORTING FAMILIES,  WOMEN SUPPORTING COMMUNITIES,  WOMEN MUST LEAD AMERICA FOWARD, SUPPORT UR FAVORITE WOMENS MOVEMENT. URL",0,1,1
"Unless you're black, ur lucky your in the safety of the internet. Where assholes can be assholes without consequences.",0,1,1
Fuck anyone who tries to use their religion to shame others into performative femininity/masculinity,0,1,1
make me wanna pull up punch her all in her shit...,0,1,1
"@nickie_greer Throw gobs of taxpayer cash at people and, lo and behold, they want to come here.",0,1,1
Pakistan team leaving for #Eid prayer in Nottingham. #WeHaveWeWill #CWC19 URL,0,0,0
"It was intentional. Nail salons are frequently immigrant owned businesses. FFS, if you don't like their job on your nails, stop going there. It's not because they don't speak English. Guessing your MAGA hat may have put them off.",0,1,1
No bitch apply enough pressure to make me feel insecure about myself I'm sorry you can be coldest bitch Inna world I still feel like I'm that bitch PERIODTTT❗️❗️❗️,0,1,1
Oh no 😱  An angwy wittle boi keep using the same insult over and over. Cant get good so hes gotta whine and whine like a bitch made litte beta puss.  You just mad your little no skill havin ass cant do shiiiiiiiit. Bro just quit playin dog you fuckin suuuuuuuuuuck,1,1,1
peon ass niggas from the shoulders you ain't stiff,1,1,1
Now I see why she throws these kind of white on people they cost to much you be so broke hungry,0,1,1
The Hindus and the Jews are natural friends. It's heartening to see India and Israel coming together deeply. URL,0,0,0
"I honestly try not to make people get over my nerves. But I swear, if you fucking Don't know how to behave I'll kick your fucking attitude out real bad. U fkn don't even know me.  P.s- ur not even worth calling a bitch. To be a bitch, you need to have fkn QUALITIES ffs.",0,1,1
"the patriarchy is just a random fake entity all feminist use to shame men for something that isnt real. We can just say ""The matriarchy forced men to have 6 foot schlongs"" and now its an issue. No guy shames women for her periods that some dumb shit, most guys are understanding about periods.",0,1,1
"I didn't even know she was transgender, cool! She looks fantastic",0,1,1
"+amy benje So true that is to exterminate the black baby to wipe put the black race, Bill and Hilary Clinton are behind it all",0,1,1
So that's the Americans and the Iranians fucked. Literally. Bring it!,0,1,1
I do not like you bitches. Ima slap tf outta you bitches.,1,1,1
"I feel like only straight guys say ""some homo"" 👀",0,1,1
I thought these were niggers URL,1,1,1
@JudeWadsworth @steveinburnaby @CarmineSabia Why do they kill black people seelimg loose cigarettes then?,0,1,1
The souless bitches put that up to remind themselves how to act human,0,1,1
"Note the guy who wrote the original mandate specifiying how wmaf vs amwf were to be dealt with: **Herman P. Goebel.** ​ And ok, you obviously can't judge people by their surname, but to have an ethnic German in the US enacting these policies while Joseph Goebbels was doing his stuff in Nazi Germany is ironic at minimum, if not outright chilling...",0,1,1
If I wanted my cum back I'd wipe it off your moms face.,0,1,1
"You cannot ""reform"" Christianity into a safe space for women.  Misogyny is at the very core of Christianity. You either take it like that or leave it totally.",1,1,1
