experiment_name,target,mae,rmse,pearson_r,spearman_r
naive,mean_rating,0.4804874969322473,0.6072051995793583,,
naive,entropy,0.3583353864582668,0.47863356645011396,,
tfidf_ridge,mean_rating,0.43374408415163623,0.5417539965303083,0.45740797155600066,0.450795743876294
tfidf_ridge,entropy,0.33276501748923404,0.4497454288317473,0.3574799131989741,0.34454390975534915
naive,mean_rating,0.4804874969322473,0.6072051995793583,,
naive,entropy,0.3583353864582668,0.47863356645011396,,
tfidf_ridge,mean_rating,0.43374408415163623,0.5417539965303083,0.45740797155600066,0.450795743876294
tfidf_ridge,entropy,0.33276501748923404,0.4497454288317473,0.3574799131989741,0.34454390975534915
naive,mean_rating,0.4804874969322473,0.6072051995793583,,
naive,entropy,0.3583353864582668,0.47863356645011396,,
tfidf_ridge,mean_rating,0.43374408415163623,0.5417539965303083,0.45740797155600066,0.450795743876294
tfidf_ridge,entropy,0.33276501748923404,0.4497454288317473,0.3574799131989741,0.34454390975534915
naive,mean_rating,0.4804874969322473,0.6072051995793583,,
naive,entropy,0.3583353864582668,0.47863356645011396,,
tfidf_ridge,mean_rating,0.43374408415163623,0.5417539965303083,0.45740797155600066,0.450795743876294
tfidf_ridge,entropy,0.33276501748923404,0.4497454288317473,0.3574799131989741,0.34454390975534915
