item_id,text,category,n_raters,entropy,variance,p_offensive
4506,...or more accurately 'some animals never got to be equal.. yet'. Our First Nations need a little more time and consideration to be considered equal in a lot of Canadians' eyes.,moral,22,2.190515847687587,1.7954545454545454,0.4090909090909091
2904,Yup. Why did the Church stop talking about sodomy (homo- and heterosexual) as sinful?,social-group,22,2.186704345910025,2.2479338842975207,0.45454545454545453
989,Can the Globe & Mail please hire staff who can write proper english and doesn't do their due diligence from conservative election ads? Harper has delivered 9 deficits in a row and 2015 will be a deficit year as well contrary to conservative claims.,random,57,2.1029334343823503,1.8781163434903045,0.3684210526315789
143,There's always room for a second center-left party. Just no room for extreme right-wingers.,random,66,2.0593435255582038,1.7245179063360883,0.3484848484848485
1128,Please learn to read,random,52,2.0404644153641924,1.5014792899408285,0.36538461538461536
785,JH....many of your posts are actually ramblings.,random,62,2.0320990256246265,1.7804370447450575,0.3225806451612903
3788,"CGL can build pipelines in hell, rather than turn Earth into an inferno",random,23,2.020800094781482,2.1928166351606806,0.34782608695652173
3161,"A Catholic Women's Strike is one of my dreams.  I would envision all the women, nationwide, refusing to do any work of any kind for the church, including attend Mass, starting on a Thursday and ending on a Monday morning.  Pick a date, I'm in.",social-group,23,1.9836369220739456,2.6805293005671076,0.391304347826087
1050,"Some people do not have the courage that freedom requires. They will never feel safe, not matter what security measures are taken. Have you considered a closet?",random,59,1.8904584591160487,1.1692042516518244,0.23728813559322035
1002,If the boomers had paid their way we wouldn't have so much provincial and federal debt.,random,60,1.881242415200156,1.3988888888888886,0.23333333333333334
745,Logical thinking is not a strong point with many in the G&M Commentariat,random,66,1.8690165300771575,1.2518365472910928,0.24242424242424243
66,"Mr Paladin, the framers were, no doubt, well versed in the English language which you, evidently, are not. Try not to read things into a passage which exist neither in fact nor intent.",random,66,1.8690165300771575,1.3296602387511474,0.24242424242424243
2884,No faith is required to not believe in fairies. No faith is required to not believe in unicorns. No faith is required to not believe in Apollo or Zeus. And no faith is required to not believe in your god either.,moral,22,1.8333208226910545,2.0433884297520652,0.2727272727272727
821,Smoking marijuana relieves asthama symptoms. I'm surprised Stephen doesn't know that. Or maybe he does...,random,62,1.7817915779226405,1.5195109261186268,0.24193548387096775
4450,Surprisingly there is mention of any dialogue about US access to Canada's transgender washrooms.,social-group,21,1.779423832146529,1.4195011337868482,0.19047619047619047
4365,Americans don't ban Muslim women from wearing facial coverings. As far as I know it's not even on their radar. So why are Canadians so hyped up about it?,social-group,24,1.749218483597409,1.3888888888888886,0.25
275,Question: does this pointless wandering originate from Poloz or from the G&M editorial board ?,random,54,1.6551823542883919,1.1635802469135805,0.18518518518518517
2488,We very definitely are not in a holy war with a million peaceful Canadian muslims.,social-group,21,1.6487225970568016,2.1405895691609973,0.23809523809523808
776,instability in Argentina -- who knew??,random,61,1.616054009338729,1.3157753292125773,0.18032786885245902
2957,An order of the commander-in-chief on a ban on transgender is just that -  an order from the Commander-In-Chief.   This is the military we are talking about where orders from the top do not contain even a single information on how to accomplish the task.,social-group,21,1.6052067078749124,1.1564625850340138,0.14285714285714285
703,"Wow, two things that I can tell about you from your post: 1. You're young and obviously didn't live through it, & 2. You have or are working toward an Arts degree.",random,61,1.603799240379577,1.0276807309862936,0.22950819672131148
1490,"I wasn't actually sure of the intent of the letter writer, but some people seem to be interpreting it as trans = non human.",social-group,23,1.5794160077843602,1.0623818525519848,0.21739130434782608
250,Certainly explains his one and only policy idea of legalizing or de-criminalizing pot... I'm sure he has others but probably can't remember them.,random,59,1.5541860152709628,1.0089054869290432,0.1694915254237288
1111,And yet some Canadians seriously think that we should be sending the CAF to Mali... Do you think that maybe we'll need them here at home?,random,51,1.5537244046183531,1.091118800461361,0.1568627450980392
263,"Oh, I see now. The people passionately arguing FOR allowing the wearing of the niqab in Canadian society are in fact passionately trying to protect the constitution. I see that their intent is pure, and there is no other vested interests lurking.",random,60,1.5134542664636008,1.2608333333333333,0.16666666666666666
4314,Ultra-Orthodox Jews do not kill other Jews or Arabs and are not dangerous to anyone.,social-group,24,1.501629167387823,1.5399305555555554,0.16666666666666666
688,"Wait, did this need a sarcasm flag?",random,64,1.5007292747089207,1.302490234375,0.15625
3662,"The moral authority speaks, the robo's dance and vote.",moral,22,1.4886022351695134,1.231404958677686,0.18181818181818182
3851,Who cares what the Downtown Toronto Cocktail Party Circuit thinks.? The PM is right. The people stand with him.,moral,22,1.4886022351695134,1.231404958677686,0.18181818181818182
678,"Google 'New Brunswick General Election 1987'. Even though Richard Hatfield was the Conservative leader at the time, what happened to him and his party is the same thing as what's about to happen to Krusty the Klown and the BC Liberals.",random,54,1.4783087938067383,0.7599451303155006,0.14814814814814814
4343,Canada ranks as one of the worse countries when it comes to vacation time. Leave the banked sick days alone.,random,21,1.4607210985246075,0.6031746031746033,0.19047619047619047
2156,"If they feel hurt by it, why do they keep on doing it? Is peer pressure actually that overwhelming that it turns off the brain?",random,24,1.4591479170272446,0.5555555555555557,0.16666666666666666
3262,Support for Donald Trump in Canada is strongest in Alberta. Go figure!,moral,23,1.4538506980514574,0.9338374291115312,0.17391304347826086
2221,"Personally, I don't agree with Kenney's politics or social values, but it would be interesting to see Alberta with its first gay Premier.  Definitely something to talk about.",social-group,23,1.44726249944121,1.3572778827977319,0.17391304347826086
3210,The military will refuse to follow Trump without the authorization of Congress. They've already refused to listen to him on the Transgender ban...,social-group,23,1.4447470033120826,0.9338374291115314,0.13043478260869565
1259,SCOTUS just folded on the transgender bathroom issue.,social-group,20,1.4166422780956525,1.4099999999999997,0.15
875,Good thing this did not happen at a Quebec university or the writers comments wouldHave been far more negative Robert tGatineau quebec,random,54,1.4144151052917746,0.9135802469135802,0.1111111111111111
1453,"Actually I do, but maybe it is you that does not? Do you work for the government? Seems so",moral,23,1.383866329597683,0.8544423440453687,0.13043478260869565
3122,I guess you think that baseball enjoyment is more important than social justice.,moral,22,1.379558855444687,0.6115702479338843,0.09090909090909091
1747,Does it say loser on it?,random,22,1.3685225277282065,1.4896694214876034,0.22727272727272727
892,Im willing to bet that they're over ecological footprint is smaller than the average person.,random,67,1.3573734917941978,0.9650256181777679,0.13432835820895522
2079,"Could Pius XII have done more? Perhaps. He did take action to the Jews of Rome, though he made no public statement.",social-group,24,1.3512274809529559,0.6666666666666666,0.125
4188,"I agree with y2, and there are more extremists on this board than there are in the average city.",random,22,1.3315796225857792,0.8842975206611573,0.09090909090909091
2340,"Seth.. Good comment. I am very happy to see that there are some honest, capable people out there trying to help Ontario save itself from the largely left wing disaster called renewable energy.",moral,24,1.3248893422453545,0.9149305555555557,0.16666666666666666
3856,If justice has no expiry date world history would come to a dead stop and God could not create enough lawyers to untie the knot !!!,moral,21,1.3223057888533087,2.752834467120181,0.23809523809523808
1856,You have absolutely no evidence that mortgage fraud is THRIVING in Canada. You have anecdotal evidence and even that is flimsy. It just a nice story that brings some drama to the business page. Not very responsible reporting if you ask me.,random,23,1.2799376545731966,0.5973534971644614,0.17391304347826086
667,Clearly you weren't around while western Canada burned up this summer.,random,59,1.256034935426171,1.0295891985061765,0.11864406779661017
1551,Couldn't agree more. My sympathies to Mr. Mason for having to write a puff piece.,moral,22,1.2406705316766884,0.42975206611570244,0.09090909090909091
4285,The solicitors general should have to tell the police that they are supposed to enforce the law. They should know it already.,moral,22,1.2406705316766884,0.42975206611570227,0.09090909090909091
4081,"But there is evidence that Judge supported same-sex acts by self-identifying as 'gay,' as opposed to one who has same-sex attraction, which does not imply any opinion on same-sex acts.'  And your evidence to support this conclusion is what?",social-group,22,1.1770225546116342,1.1983471074380163,0.3181818181818182
1233,Churchill never mentioned even once the Holocaust of the Jews in his books on WW2 published after the war. Neithet did US generals Eisehhower & others. Why?  Were they all anti-semite?,social-group,23,1.1731858679717249,1.206049149338374,0.17391304347826086
3823,These attacks on the gay community have to stop,random,22,1.0848063548455138,0.8780991735537188,0.09090909090909091
3459,"The sanctity of horse is ingrained, because they are animals that perform a service to humans, and are also pets. Can't compare them to cows and cattle.",moral,22,0.9567657083663145,1.0599173553719006,0.09090909090909091
2126,"Wow, taking the 10 seconds to reply is quite the heroic feat. ",random,24,0.9405662399881732,0.37326388888888884,0.08333333333333333
2777,"Go easy on the Salt Ms Wente, we need you healthy and vibrant.",moral,22,0.9373012413074897,0.28925619834710753,0.045454545454545456
557,This may surprise you but Harper lies.,random,56,0.9246000618984132,0.4540816326530612,0.03571428571428571
537,"Yes, I know. You have posted the same thing now for at least 2 months.",random,60,0.8882108895810986,0.3541666666666667,0.05
2297,"It's no myth. Not only do they get paid quite well in Alberta but they are paid as 'independent contractors'-------------------------Ah. Not all tradespeople live in Alberta. That probably surprises you, though.",random,21,0.8569957178540347,0.27664399092970526,0.047619047619047616
1481,"Bob, I know that you're not interested in facts but here's another report about the German 'green' jobs collapse. Don't worry, you'll hear more about this! http://greenzone.co/2014/02/26/german-government-report-urges-scrap-green-energy-subsidies/",random,23,0.8076702057269437,0.45368620037807184,0.043478260869565216
2815,Furthermore this has NOTHING to do with hiding taxable income from the U.S. This is absurd. Where are you getting your information?,random,23,0.8076702057269437,0.7334593572778824,0.043478260869565216
2749,This makes me want to weep for the government that could have been.,moral,24,0.7382848661434506,0.16493055555555555,0.0
4488,"Oh, I see, Alexvega... so, In other words, guilty until proven innocent, hmm? Yup... quite simple. Except that our justice system works on the reverse premise. Next...",moral,21,0.7228578977329688,0.7755102040816324,0.047619047619047616
1903,"Yes, time to move forward, respect right and the rule of law, not try to enforce a monoculture on other people.",moral,24,0.24988229283318544,0.15972222222222224,0.041666666666666664
2696,"And when justice is done, we must accept it. Whether we like it or not, even you Zoe101",moral,22,-0.0,0.0,0.0
