text,label,generated,predicted,prob_one
Typical Marxist Pfleger. Has he ever sought the conversion of any non Catholics to the one true faith. The 'violence' of damnation is far worse that that which the gun or knife can inflict.,0,1,1,0.9994471669197083
"The Snake' is baaaaack. Listen and learn, suicidal lefties, why Trump will win. People care for their families. http://www.breitbart.com/2016-presidential-race/2016/09/19/trump-busts-snake-terrorist-attacks/",1,1,1,0.9992903470993042
lies-vast majority of Christians support ay marriage,0,0,0,0.5
They're just christian conservative perverts. Time to out them for what they are.,0,1,1,0.9999810457229614
"Today's realities'... please, these realities were imposed upon these people who were doing just fine and would continue to thrive not for our destructive intervention. Now it is the duty of Canadians to make these people whole.",0,1,1,0.9796676635742188
To Muslims  is there  distinction between Quebec City or Calgary  Quebec and Ottawa?  I suspect they will  all be   guilty to Canadian Muslims.,0,1,1,0.9994471669197083
@Tron4000-  Yea people don't change after 40 years... Hillary opposed gay marriage for decades.  Chances are there was some point in your life when you used to call someone a 'fag'... by your logic you're homophobic.,0,1,1,0.9998766183853149
Dalton is not a crook!!! He is incompetent!!! Big Difference.,0,1,1,0.8354835510253906
"Look everyone, Muslims are great! Says the mainstream media narrative anyway. A Muslim a few days ago tried to behead people with a sword outside of Buckingham Palace in London but the MSM wouldn't reveal his identity because, again, Muslims are great!",1,1,1,0.9995121955871582
"As this nation has gone way right of center in the GOP there is nothing worse than a Christian on a 'mission' and I don't mean Africa, I mean to serve as a US Politician.",0,1,1,0.9986749291419983
I really believe that Jews are sucking up way too much oxygen of public debate. Not one day goes by we don't hear about some grievance ..or need for special treatment.  All this clamouring for attention 24/7 leads to resentment.,1,1,1,0.9999251365661621
"Demographics would like to differ and tv ratings. Majority of blacks, Chinese, Jews and Flippinos prefer Basketball. These groups combined together represent a powerful force in demographics and  finance.",0,1,1,0.9933071732521057
Ultra-Orthodox Jews do not kill other Jews or Arabs and are not dangerous to anyone.,0,1,1,0.562176525592804
Kenai assembly! Denounce your false Jewish man-god and accept Cthulhu as your dark savior! Only through Him can you escape this silly position in which you have put yourself. Repent of your godly works and your sins will be justified forevermore.,1,1,1,0.999841570854187
Aren't Porta Potties transgender?,0,1,1,0.9149009585380554
Troll. Hey Harper isn't PM.,0,0,0,0.4073334336280823
like when the Imam's spew hatred and citing scriptures against Jews and infidels.  We apparently have no problem with that.,0,1,1,0.9999039173126221
"Hey Craig, why won't Nick Kouvalis run any relection campaign for Ford unless he goes to rehab??? This has nothing to do with 'Ford haters'. Folks don't like Ford because he is a clownish blow-hard who can't grasp his job.",1,1,1,0.9986749291419983
Now happily the Conservatives can be consigned to their well earned oblivion.,0,1,1,0.8933094143867493
"Bob, I know that you're not interested in facts but here's another report about the German 'green' jobs collapse. Don't worry, you'll hear more about this! http://greenzone.co/2014/02/26/german-government-report-urges-scrap-green-energy-subsidies/",0,1,1,0.7772998809814453
It is very sweet and normal to have a lasting relationship with someone that stretches into decades. Congratulations to anyone who sticks it out to the end.,0,0,0,0.005220125894993544
"Actually I do, but maybe it is you that does not? Do you work for the government? Seems so",0,1,1,0.8670357465744019
Those events exist. Look at 'black bike week' in Myrtle Beach and all the gay cruises. There is absolutely a double standard. Just try setting up a whites only 'Ivory Awards' to the corresponding blacks only 'Ebony Awards' and see how that would fly.,0,1,1,0.9999039173126221
What does this have to do with the corruption talked about in the article?  Are you saying that the entire US Navy has been corrupt since 1967?  Why do you hate Jews because of what President Johnson did?  Was he Jewish?,0,1,1,0.9875683188438416
More men with 'mens plumbing' have harmed kids sexually in Richard Rhyner's church alone as compared with all Transgender people combined,1,1,1,0.9998766183853149
"People can't join with psoriasis but lets reset all medical, physical training, tactical and operational standards for a transgender?'  I haven't seen anyone, not in these comments or anywhere else, propose that. Reset standards for transgendered? That's your straw man. Logic fail.",0,1,1,0.6791787147521973
I guess you think that baseball enjoyment is more important than social justice.,0,1,1,0.8670357465744019
"It was a very good article until the last sentence, which I thought stupid.",0,0,0,0.13296423852443695
Total nonsense. Is this a Breitbart theory? No evidence for your conclusions....,0,0,0,0.2689414322376251
"The law is cowardly.  These same Quebec Liberals went to the funerals of 6 dead Quebec City mosque members back on January, 2017.  Ten months later, they make a law that targets Muslims.  I guess for Quebec Liberals, the grieving period was over.",0,1,1,0.9971990585327148
That was precisely what made me realize that St. Paul was mere man and Jesus was God. Jesus never said such a stupid discriminating talk!,0,1,1,0.9975274205207825
"The North Korean 'people' really don't have much say now, do they?  But yes...when we have a draft dodging, chickenhawk, wanna-be tough guy saber rattling and gambling with the lives of our military men and women...transgender, straight, or whatever...it doesn't help the situation...",0,1,1,0.9933071732521057
Churchill never mentioned even once the Holocaust of the Jews in his books on WW2 published after the war. Neithet did US generals Eisehhower & others. Why?  Were they all anti-semite?,0,1,1,0.7310585379600525
A clear case of putting it's people first shows me that our Trudeau government is on the right track.,0,0,0,0.3775406777858734
They are the freakie new breed of drag queens. They can't even admit they are gay.,1,1,1,0.999373733997345
Human rights 'advancing' is precisely why we have most of the problems we have today. Everybody has a right to have the gov take care of them while taking no reposibility for themselves. It is quite ridiculous.,0,1,1,0.9995121955871582
It's because the editors don't know anything.,0,1,1,0.5926666259765625
"The United States is a benign factor'Yeah, when they're not busy arming head-chopping and liver-eating jihadis to carry out their vile regime-change plans that are responsible for this whole conflict. Go Russia!",1,1,1,0.9999687671661377
Can you provide proof that the number of reported hate crimes against jews has been falling?,0,0,0,0.02595735713839531
the hypocracy of the LGBT... advocates at womens shelters and related organizations who refuse to accept trannies born as males. apparantly only the trannies born as females get their (our)  financial and emotional support,1,1,1,0.9996199607849121
Would the transgendered adult male who now identifies as a prepubescent girl suffer from a psychological disorder in your opinion?,0,1,1,0.9626730680465698
"The Arab sycophants who regularly find fault with Israel have suddenly gone silent. No Jews involved, so no need for them to comment.",1,1,1,0.9933071732521057
"Harperman, Harperman, November fourth, you're in the can. Justin's ready, his hair is nice, And he sure put you on ice.",0,1,1,0.9241418242454529
Classic Zio lies. '...the caller ID made it seem as if the call was coming from our own office...' Im sure it did.   Nobody is calling Jews with bomb threats folks. Pathetic.,0,1,1,0.9953904151916504
He was teacher and a camp counselor. Those that can't - teach Perfect pedigree to run a convereted Muslim Communist country,1,1,1,0.9980732202529907
"Didn't think the police arm themselves to kill Jews, Blacks, and any other races opposed to white supremacy.",1,1,1,0.9999339580535889
"If the Holy See quietly vetoed a homosexual representative, then why do they appear to be willing to work with a heterosexual mistress & her adulterous spouse?? Could it be all that GOP friendly K of C money??",1,1,1,0.9959298968315125
"Is it kosher to say I find the entire transgender thing slightly creepy?   But, hey, folks, you've been asking for social equality for decades. You got it.   What more can you possibly ask for?",1,1,1,0.999841570854187
Orthotoxic faux Christianity NEEDS to be warred against.,0,1,1,0.9989677667617798
"Bad ideas should be mocked and ridiculed because, otherwise, they tend to infect later generations. That's why we have Christians today.",1,1,1,0.9982993006706238
Please mind you bigotry. We arent doing the 'gay equality is bad because of my god derp derp' stuff here.,1,1,1,0.9990890026092529
"There are probably valid moral arguments about banning transgendered persons from serving in the military.  This is not one of them, and reeks of adolescent moral reasoning. I'm surprised the Denver Post chose to publish it.",0,1,1,0.9525741338729858
Tell that to the Ethiopian Sephardic Jews,0,1,1,0.7549149990081787
"With 325,886, 603 people in the US (three seconds ago) and 'One birth every 8 seconds and One death every 11 seconds', one 'transgender' critter more or less is really irrelevant!  https://www.census.gov/popclock/",0,1,1,0.9399133324623108
No faith is required to not believe in fairies. No faith is required to not believe in unicorns. No faith is required to not believe in Apollo or Zeus. And no faith is required to not believe in your god either.,0,1,1,0.7057850360870361
"Any Canadian journalist or other critter who uses the suffix 'gate' to describe a Canadian scandal, is a sheep-like dunce.",1,1,1,0.9890130758285522
"Your sunny ways is becoming more like the Dark Empire, lol",0,1,1,0.9149009585380554
exactly first is was 'Who am I to judge?' about gays  then later he does not want gay priests  all platitudes like Justin Trudeau,1,1,1,0.9959298968315125
THAT JEW IS ALL ABOUT PEACE DUDE,0,1,1,0.9947799444198608
"Yep, there is no middle ground with Wynne liberals, you are either for them or in the ""dark ages,"" because they can do no wrong. And if monkeys had wings they'd fly out my butt.",1,1,1,0.9998205304145813
"You are right, of course. Some Pharisees were indeed friends of Jesus, but most weren't. In fact, they repeatedly conspired with the Saducees to entrap Jesus, make him look a disobedient fool, and, ultimately, to have him executed. Hence the pejorative use of the word 'Pharisee'.",0,1,1,0.9046505093574524
Obama allowed them to start serving in the final few months of his 8 year presidency. For some reason Transgendered soldiers became a priority for him after 7 years and 9 months.   Such fake outrage on the left.,0,1,1,0.9998601675033569
Im willing to bet that they're over ecological footprint is smaller than the average person.,0,0,0,0.29421496391296387
".  'The whole notion that somehow we just say no to more Muslims, just ban a whole religion, goes against everything we stand for and believe in.'   Dick Cheney  ----  Wow.  When Dick Cheney  calls you out for being intolerant and anti-Muslim, you know you have to be one grossly sick POTUS.  .",0,1,1,0.970687747001648
what good have the millions of fake Christians ever done for anyone?,1,1,1,0.9975274205207825
" A lesbian ,  a native,  and a Rabi are in a life boat ... '  Yadda yadda yadda",1,1,1,0.9399133324623108
What was with Harper's use of the phrase 'old stock Canadians'? Sounds a lot like the 'pure laine' reference by extreme nationalists ion Quebec. A strong whiff of racism in that phrase. Too many Canadians not WASP enough for you Steve?,0,1,1,0.999373733997345
How about a Quebec federal red neck saying something stupid? Or a redneck from Ontario? Doesn't that bother you? It bothers me!,1,1,1,0.9940890073776245
"Lorna, what is your take on the story of the great deluge? In that scenario god euthanized most of the human race for being 'sinful'. Whether you consider it literal or allegorical it doesn't say much for the sanctity of human life by your creator.",0,1,1,0.9149009585380554
In what universe is a wild bear 'cute and cuddly' And that's just the beginning of problems with your analysis.,0,1,1,0.8175744414329529
"Mel... educate yourself before posting drivel like that. The US didn't start the war in Vietnam, it was long started previously by the French.",0,1,1,0.7549149990081787
I thought Margaret Wente was supposed to be the funny one! HaHa & LOL!,0,0,0,0.2018132209777832
"Just leave and go on with your life dude, wtf",0,1,1,0.970687747001648
OH! What a marvellous idea!! All we'd have to do is firmly and strictly declare something like a War on Drugs.......Wait…,0,0,0,0.3775406777858734
The fact that 52% of US Catholics voted for Donald Trump would indicate that a lot of microphones in Catholic Churches aren't working at all. 😉,0,1,1,0.9046505093574524
No. Strict enforenforcement is the only way. Trans people deserve no less.,0,1,1,0.7549149990081787
"New travel ban makes sense to me. If the Country cannot provide relevant information they should not be allowed to enter, Muslim or otherwise.",0,1,1,0.8933094143867493
The Inquisition is not the only alternative to tossing gay men off buildings.   There are a lot of other options.,1,1,1,0.9968273043632507
"CGL can build pipelines in hell, rather than turn Earth into an inferno",0,0,0,0.43782350420951843
self hating jews I guess. There are millions of jews  who are anti-zionists which must make things awkward at times for the non semitic zionists who currently run things in Israel,0,1,1,0.9998601675033569
He could do worse than appoint Jim Stanford. LOL,0,0,0,0.008577484637498856
"No right minded person would want to enter those places, unless they were Muslims, what they call a place of worship is frankly a place to breed fear and judge people.",1,1,1,0.9999251365661621
Maybe it's time for the family owners to get off their lazy backsides and do the work themselves?,0,1,1,0.9890130758285522
"Transgender ban in service bad idea, say former brass' -  BUT 'Transgender ban in service bad idea, says former Enlisted Man, NCO'. Who Can You Trust?? Will a confused person make great Defense decisions, Not in my Book!",0,1,1,0.9982993006706238
"And good on you for doing it, too - your commitment has not flagged, and now is when we need it most.",0,0,0,0.000552778597921133
I wonder why?  Answer:  Because AIPAC likes it when they bomb Muslims.,1,1,1,0.9997387528419495
I'm sure all the Good Christian people of Alabama will be clutching their pearls in Outrage over Dump's use of foul un-Jesusy language.  Whatever Will We Tell The Children,0,1,1,0.9971990585327148
"Apparently some of the trans-soldiers feel like they were fired via tweet. In any event, these sorts of communications are not fitting of a true leader. I find them shameful.",0,1,1,0.8670357465744019
Question: does this pointless wandering originate from Poloz or from the G&M editorial board ?,0,0,0,0.10669060051441193
"Good, timely open protest of federal government policy. Conservative supporters will unfortunately condemn the message as anti-Semitic rather than a legitimate cry for peace.",0,1,1,0.9046505093574524
"7. Everyone has the right to life, liberty and security of the person and the right not to be deprived thereof except in accordance with the principles of fundamental justice.' Any other questions?",0,0,0,5.144221358932555e-05
"Wait, did this need a sarcasm flag?",0,0,0,0.0019267346942797303
Ascalepius: You should take a pill. You're irony deficient.,0,0,0,0.3208213150501251
"How do you know that there was a medieval global warming. Did you personally experience it? Oh, scientists told you about it and you believe them. The same scientists who you disbelief when they talk about global warming.",0,1,1,0.9953904151916504
any time is the time to uphold human rights. the saudis need the LAVs . trudeau will never be right,0,1,1,0.9968273043632507
Trump cited no credible source indicating that transgendered troops are a detriment to the effectiveness of the U.S. military.  It appears he is making statements like this to solidify his homophobic core supporters.,0,1,1,0.8175744414329529
Muslims would absolutely never allow their children to be taught comparative religion That could lead to questions and that could lead to e apostasy which is punishable  by death.,1,1,1,0.9986749291419983
Jews willnot replace us.',1,1,1,0.9997965693473816
An order of the commander-in-chief on a ban on transgender is just that -  an order from the Commander-In-Chief.   This is the military we are talking about where orders from the top do not contain even a single information on how to accomplish the task.,0,1,1,0.8354835510253906
Jesus had two dads .Seems there are a few people out there who think he turned out ok .There are more reports of elected officials abusing kids in bathrooms than transgender folks .,1,1,1,0.9840936064720154
"More accurately the Church of Jesus Christ of the Latter Day Saints reiterated its teaching that engaging in same sex activity is prohibited, and restating the consequences of flouting that teaching. Nothing here to see folks, move along.",0,1,1,0.9902915358543396
"And when justice is done, we must accept it. Whether we like it or not, even you Zoe101",0,0,0,0.24508501589298248
"The only troll is Amira herself, trolling for Islam and for western civilization's submission to the Koran. Her hijab is the sign she handed her fate to Allah. Giving up free will is just one thing Muslims ar expected to sacrifice for their religion.  5th posting",1,1,1,0.9999910593032837
"Who exactly are 'these people' that you speak of?  Do you mean all Muslims?  If so, then stop hiding and come right out with your bigoted, ignorant and baseless views.",0,1,1,0.9997965693473816
"Liberals always march under the banners of 'Justice' and 'Equality', until they actually have to show up.",0,1,1,0.9971990585327148
"Sorry you lost your job, friend.   If you were female, gay, or a visible minority, I'd give you a free selfie!",1,1,1,0.9995694756507874
I doubt that President Trump knows what transgender is.,0,1,1,0.9241418242454529
This may surprise you but Harper lies.,0,1,1,0.6791787147521973
Please learn to read,0,0,0,0.07585817575454712
Couldn't agree more. My sympathies to Mr. Mason for having to write a puff piece.,0,1,1,0.8175744414329529
"Raskolnikov, Your hatred of Jews has evolved over time in its manifestations and disguises and one can see all three forms in abundance here. Read some history and maybe you'll understand a thing or two about reality. Your antisemitism is disgusting.",0,1,1,0.9999039173126221
"I've yet to see one Catholic progressive here say that violence is unacceptable.   Instead, many here are saying that millions of Americans are fascists and racists, and this implies that they believe these Americans are criminals who should be defeated by any means necessary.",0,1,1,0.9933071732521057
"Just so you know, it's possible for people of all races to be racist. There are racist Asians, blacks, whites, Jews, Hispanics, aboriginals, and east Indians.",0,0,0,0.24508501589298248
"There is no such thing as transgender! You are either male OR female!  You are born what you are, this transgender stuff is a big lie!",1,1,1,0.9999885559082031
"Did this commission include black trangendered womxn, Black non-binary persons and black intersex bodies? Or did this commission exclude this marginalised and oppresssed group from these particular sex and gender conversations and policies?",0,1,1,0.531209409236908
"The UN is an ineffectual and corrupt organization many of whose members are dictatorships. We have democratic elections which are fairly won, even if some don't like it. The people of Canada decide.",0,1,1,0.8807970285415649
"So has Christianity. This is one man, one case. There are a few boneheads but this is not 'widely abused'.",0,1,1,0.9740425944328308
Yup. Why did the Church stop talking about sodomy (homo- and heterosexual) as sinful?,0,0,0,0.3486451506614685
"Because it was a great place to be when posters like 'Harper is a fat fascist' (actual name) ruled??? My, are we not tolerant, and open minded...",0,1,1,0.9971990585327148
The gays need colonoscopy.,1,1,1,0.977022647857666
I have been a member of the Catholic faith my entire life.  I am sorry you find the Catholic Church so disappointing.,0,0,0,0.43782350420951843
The plan is similar to the Chinese encouraging Chinese immigration into Tibet: destroy the local culture and replace it with another.,0,1,1,0.9996199607849121
Yes the Clinton pyramid scheme is soooo innocent. Pay to play politics.,0,1,1,0.9997387528419495
I wouldn't say that 'Being gay has nothing to do with being a pedarast.' Pederasty is a 'sub-set' of male homosexuality. So a pederast is a homosexual male while not all homosexual males are pederasts. So 'nothing to do with' is overstating it.,0,1,1,0.622459352016449
"Hear, hear. The armchair spies are out in full force today. Doesn't matter what you think. This man has done more of significance for his country than either of you losers ever will.",0,1,1,0.9997040629386902
Please post the stats on racial profiling and police shootings of Asians and Jews. I'll wait.,0,1,1,0.8670357465744019
"Wow, commenting on a post about anti-semetism, you post a racist comment. What a surprise.",0,1,1,0.9968273043632507
"Yes, let's end the insanity!  No more trans people! No more boys kissing boys! No more rock n roll music! Let's get back to the good ol' days of the 1950s!",0,1,1,0.9999910593032837
Mulroney's legacy whether you like him or not 1. North American Free Trade 2. GST if they are bad we had about 20 years to get rid of them so they must be good or we are lazy and incompetent grudgingly admit Mulroney left a legacy CHRETIEN left none,0,1,1,0.7981867790222168
How can a Twit explain any-thing?,0,1,1,0.6513549089431763
"I bet she uses poppers, like all the lesbians do",1,1,1,0.9999339580535889
instability in Argentina -- who knew??,0,0,0,0.02931223064661026
"Sudia Arabia has behead hundreds of prisoners. But, we're allied with them.",0,1,1,0.9964063763618469
"Correct thing'? Maybe for people like you who have been out to get the PM from day 1, but not for me, nor for anyone else who can see clearly.",0,1,1,0.9859364032745361
I am far happier and healthier post-transition than I was before.  So are lots of trans people.,0,0,0,0.0007096704212017357
"Nope, Chris from Ottawa’s tranny ego Cassandra. The incredibly boneheaded sjw duo.",1,1,1,0.9999039173126221
Is that marijuana on your breath? Your fired.,0,1,1,0.9796676635742188
Anyone who professes to be a christian and supports Donald Trump is both a hypocrite and an idiot.,1,1,1,0.9990890026092529
Beware the Gay Mafia.  They are the BIGGEST group of self-centered hypocrites & thugs on the planet.,1,1,1,0.9999545812606812
Dude so she spelled yer name wrong get over it snowflake. Bottom line I'm Jewish and I don't appreciate the dumb jew comment. Clean up yer act.,0,1,1,0.9997965693473816
"This is a day of miracles.  For the first time, I agree with you about something. Aside from being a total sleaze bag and hypocrite, Joel Osteen is a faux Christian. He disgusts me.",1,1,1,0.9994471669197083
"If we don't sell them the ordinance, some-one else will, has to be the laziest ethical cop out argument. Why not just say we will sell them the ordinance. All consequences be damned, and the devil take the...",0,1,1,0.8933094143867493
"Oh, I see now. The people passionately arguing FOR allowing the wearing of the niqab in Canadian society are in fact passionately trying to protect the constitution. I see that their intent is pure, and there is no other vested interests lurking.",0,0,0,0.5
"You're missing the point. Pastors,  Bakers and photographers don't want to do your gay wedding. That's their choice. Go somewhere else that WILL.   I'm perplexed why gay people would want to support a business that doesn't even support their gayness anyway lmao",1,1,1,0.9999645948410034
Ah yes. Trying to mock him for being an amazing family man. How will he recover.,0,1,1,0.851952850818634
SCOTUS just folded on the transgender bathroom issue.,0,1,1,0.9324532747268677
As if you have brought anything useful to this debate either Looner but the same talking points as I have. Something your partisan brain can't accept. Merry Xmas to you too,1,1,1,0.9968273043632507
"Let's see.. a group that supports children with very little funds is a bad thing. Attorneys helping the organization and victims, is a bad thing.  Yet the catholic church with enormous amounts of donations and funds can manipulate law makers to deny the abused, is OK",0,1,1,0.9978172779083252
"Go easy on the Salt Ms Wente, we need you healthy and vibrant.",0,0,0,0.03308597952127457
And fear and loathing of gays.,0,1,1,0.998498797416687
"CG cutters used to have sonarmen, depth charges, and torpedo tubes. They don't have those anymore. But they probably are all kinds of cool with transgendered issue tho!",1,1,1,0.9959298968315125
Thank you for the great Christmas cheer.,0,0,0,3.535625000949949e-05
"Given that their father assisted a lunatic who baked Jews in gas chambers, I would guess not.  http://www.huffingtonpost.com/entry/koch-refinery-nazis_us_569e9870e4b00f3e9863266c  https://www.nytimes.com/2016/01/12/us/politics/father-of-koch-brothers-helped-build-nazi-oil-refinery-book-says.html?_r=0  Not sure what about the above two facts is funny, but it appears that G&M threads are populated by a fair few sociopaths.  Wag the dog.",1,1,1,0.9989677667617798
"When someone, especially an elected official uses their power to cause personal unrest to another individual or population by accusing them of being linked to Muslim terrorists, you've lost your right to free speech.  How's it feel to have your pants on backwards?",1,1,1,0.9994471669197083
I'm sure in your mind this has something to do with transgender people serving in the armed forces of the United States.  WOW!,0,1,1,0.9465966820716858
She is a 'blogger' not a journalist. This last piece will definitely not go 'viral'.Yawn...time for a popsicle.,0,0,0,0.2689414322376251
The Mormon  church is making itself obsolete. In the long run. This issue may cause a cysm in the church. Once side will accept homosexual and prosper. The other will die. Isn't this what the Bible says happens to sinners?,1,1,1,0.9990890026092529
"$84 million on Viagra and Cialis, $8 miilion on Transgender according to a Rand Corporation study conducted in 2016.",0,1,1,0.7981867790222168
"It's no myth. Not only do they get paid quite well in Alberta but they are paid as 'independent contractors'-------------------------Ah. Not all tradespeople live in Alberta. That probably surprises you, though.",0,0,0,0.0534033328294754
"So Comrade, I guess you haven't heard about breitbart trying to boycott Kellogg's? Or RWNJ's boycotting Starbucks because their cups are christmasy enough? Or millionmoms boycotting Target, Penney's et al for not discriminating against gays? Yeah, it's just liberals.",1,1,1,0.9998766183853149
Im offended at your homophobic thoughts- you know its ok for one guy to like another guy.... even though that guy might be transgender-,0,1,1,0.7310585379600525
It's vindictive. Pure and simple. These guys run the country like the mafia.,0,1,1,0.9947799444198608
Once again Mr Saunders has managed to deflect Islamic problems in the West by claiming that the far-right is a greater threat to European Jews.He probably also thinks that white supremacists elected Donald Trump and British Skinheads were responsible for the Brexit vote.,0,1,1,0.9978172779083252
"Oh yes we awful conservatives, only one solution. Put us all in zee camps und stoking up zee ovens.",1,1,1,0.9999645948410034
Keep in mind that medical personnel have families too. They work hard all year and want to enjoy some family time as well.,0,0,0,0.0009110512328334153
I know! ISISists are EVERYWHERE!! Don't forget to check under your bed! (Harper has your broom closet covered) (lol),0,1,1,0.9875683188438416
Do these girls face genital mutilation as they do in Islamic cultures?,1,1,1,0.9669140577316284
That one looks Jewish and that one's a coon. Who let all this riff raff into the room? There's one smoking a joint and another with spots. If I had my way I'd have all of you shot.'- Pink Floyd,1,1,1,0.9999339580535889
"We're being told there are no differences-it's how you 'identify'. Fine by me. When will the US Olympic team be allowing transgender women sprinters? No big deal, right?",0,1,1,0.9980732202529907
"I'm more worried about my child sitting on a soiled (urine, feces, blood, etc) toilet seat than of a transgender person occupying same bathroom. Please get over yourselves.",0,1,1,0.9991958737373352
"Well, if she's only gay at church...",1,1,1,0.9975274205207825
"You know this was an Obama supporter, ... how? Because conservative anti-Semite thugs are always so respectful of Jewish synagogues and cemeteries? And, ... don't get upset when people call Trump derogatory names.",0,1,1,0.9999251365661621
"...Move on and solve the issues in your community and stop seeing yourself as a victim.,,' same for Jewish community ?",0,1,1,0.9525741338729858
"Get with the times, Pal! Russia, non-Communist, is our ALLY in fighting ISIS, unless, of course, you are a proponent of innocent severed heads. Why don't you extol the Catholic virtues of faith, hope, & CHARITY!",0,1,1,0.9997387528419495
So headlines that include 'dangerous faggots' 'renegade jews' or 'muslin rape culture' aren't racist???,0,1,1,0.999841570854187
"that is a silly statement. the Jewish people had rules set out by God, and I am a gentile.",0,1,1,0.970687747001648
"George Victor, you may say I'm a dreamer, but I'm not the only one. I hope some day you will join us, and the world will live as ONE.",0,0,0,0.01590639166533947
"Yes, I know. You have posted the same thing now for at least 2 months.",0,0,0,0.042087726294994354
"I wasn't actually sure of the intent of the letter writer, but some people seem to be interpreting it as trans = non human.",0,1,1,0.8354835510253906
"But what is the intent behind the law? Are there really that many people wearing the niqab, which is uncommon even in most of the Islamic world? When I lived in the Middle East, it was either Saudi women or much older Arab women who normally wore it.",0,0,0,0.022977370768785477
"If you are annoyed by it, you don't really understand it.",0,0,0,0.11920291930437088
The words of gutless surrender. Hard to imagine that this is what has become of the Vikings,0,1,1,0.9669140577316284
Just rough gay sex getting a little out of hand.,0,1,1,0.9525741338729858
Canada ranks as one of the worse countries when it comes to vacation time. Leave the banked sick days alone.,0,1,1,0.9796676635742188
"You're right. We should go full Orwellian. Great idea. Let's start with 24 hours cameras on YOU. Let's see what we can get you on. I think, at least speeding. And you probably swear once in a while too.",0,1,1,0.9840936064720154
Liberal party agenda. raise taxes. increase spending pad our pockets screw the middle class,0,1,1,0.9986749291419983
This is an opinion piece. He is expressing his opinion. Got it?,0,0,0,5.829126530443318e-05
"I am concerned that, whether they are conscious of it or not, the white men who would vote for Trump have never fully accepted women and people of color as equals...'  Not only these, but also LGBT folks and Jews, two other groups many of these white supremacist types hate.",1,1,1,0.9626730680465698
"cberk, Common sense - you should try it sometime.",0,1,1,0.7549149990081787
YOU NEVER USE GOOGLE EARTH? DON'T USE GOOGLE. I GET ADS FOR TRIPS TO CUBA ALL THE TIME. AND OLD AGE HOMES. SO WHAT? YOU WANT THE INTERNET TO COST NOTHING? THERE MUST BE ADS.,0,0,0,0.2018132209777832
Which one of them was Globe poster Arimas involved in? Your comments are personal attacks composed of entirely unfounded allegations. They should be removed.,0,1,1,0.957912266254425
Left of RightYou are proving my point by attempting to be dismissive. This is not about the fashion industry. It's about weak men still trying to put women 'in their place'. Like you.,0,1,1,0.999841570854187
"And speaking of PR Ms. Wente, nice little PR piece for Israel. I'm not saying you're wrong about the motives of Hamas but I have a hard time feeling sympathy for Mike Tyson when he's throttling a toddler.",0,1,1,0.9959298968315125
"No, Tridentinus.  I come here for reasonable discussion of the issues both ecclesiastic and non-eclessiastic.   If your idea for a reasonable discussion is that someone has to leave the Catholic Church if they don't agree with you, then you are a troll.",0,1,1,0.977022647857666
"Google 'New Brunswick General Election 1987'. Even though Richard Hatfield was the Conservative leader at the time, what happened to him and his party is the same thing as what's about to happen to Krusty the Klown and the BC Liberals.",0,1,1,0.8670357465744019
How can one work with 'silly'?,0,0,0,0.10669060051441193
I think Margaret Wente did a wonderful job in pointing out how malicious feminists can be; and the need for a reasonable approach in dealing with this matter,0,1,1,0.9740425944328308
"Ok, so we've got Ben Carson masking his white supremacy by pretending to be black, and Ben Shapiro masking his white supremacy by pretending to be Jewish. https://goo.gl/LjQKTS",1,1,1,0.9999485015869141
Says the opinion collected from voters at the advance poll and the strong trend toward registered democrats among the mail in ballots. None have been counted but it is a trend that favours the Democrats.,0,0,0,0.001700722612440586
I thought he had. Did he not say he felt that Canada would be more helpful as the coalition partner that would help the refugees in the camps?,0,0,0,0.0035936026833951473
"What is a trans woman is that man, I am confused.",0,1,1,0.9959298968315125
"All things are equal to all others'- you agree with that, you shouldn't even have children",1,1,1,0.9975274205207825
The time has come to profile in London as well as the United States.  Israel has been profiling for years and the incidents of terrorism has dropped significantly.  The Muslim ban must take place until they can be vetted properly and carefully.  It's just common sense.,0,1,1,0.9997695088386536
So another gobbet of bile as a substitute for any kind of argument - well done,0,1,1,0.9968273043632507
If Lincoln could see the way we were behaving today he would be turning in his grave. The left has ruined the political process with their shrill idiocy.,0,1,1,0.9999251365661621
Steve Hewitt wrote that Islamophobia is a cause of Islamist terrorism.  What a perfect example of putting the cart before the horse.  It's far more likely that Islamist terrorism is the cause of Islamophobia.,0,1,1,0.8175744414329529
"A Catholic Women's Strike is one of my dreams.  I would envision all the women, nationwide, refusing to do any work of any kind for the church, including attend Mass, starting on a Thursday and ending on a Monday morning.  Pick a date, I'm in.",0,1,1,0.9046505093574524
Part of living under Russian rule is that gays don't have rights. Perhaps you liberals would be happier living outside the USSR?,1,1,1,0.9999645948410034
Hudak is not responsible for the current financial mess in Ontario. Still journalists are after Hudak rather than the premier. They must be the pet-bull of the governing party.,0,1,1,0.9840936064720154
"You miss the entire point of the article and seem to want to besmirch any female leader you believe is on the left. Yours is a political, anti-female leader rant.",0,1,1,0.9995121955871582
That's right. Don't fight evil. Let some other Country do it Jean. You are a cultural icon!,0,1,1,0.9465966820716858
JH....many of your posts are actually ramblings.,0,0,0,0.5
"Not involving the issues of religious freedom, abortion or transgenderism.  He has my praise on those subjects.",0,1,1,0.9399133324623108
"Hi, dear Alborzagros, how are you?I woyld like just to say thank you, because you opened this page! See you soon! ",0,0,0,0.06754669547080994
Noone cares what you think,0,1,1,0.7549149990081787
None of your examples suggest the 'utmost vile hatred' that you promised. You can find thousands of similar and worse quotations in the Old Testament.,0,0,0,0.3775406777858734
Logical thinking is not a strong point with many in the G&M Commentariat,0,1,1,0.562176525592804
Surely your not suggesting this man was invincibly ignorant of Catholic teaching or was compelled to behave in the way he did?,0,0,0,0.09534946084022522
"Carbon Dioxide is not a pollutant! It is a vital part of out atmosphere, biosphere and lithosphere. It is plant food. The level of science-illiteracy in this debate is astounding.",0,0,0,0.4073334336280823
And How many jihadists and sharia law proponents in the mix?,0,1,1,0.9626730680465698
"Perhaps if you avoided hard liquor this early in the day, that may make a difference in how you approach the subject matter?",0,0,0,0.2018132209777832
"I correct myself... In other worlds, all people (not all Muslims) must follow their divine leaders teachings that say: join them or die!",0,1,1,0.999841570854187
She swears she wasn’t doing it when we were together and it was only pills that she was doing when I kicked her out the last time plus I haven’t fucked her in 2 1/2 years but I still feel like I should get tested for every disease known to man.,1,1,1,0.9991958737373352
Your lack of Christian charity always amazes me.,0,1,1,0.851952850818634
If justice has no expiry date world history would come to a dead stop and God could not create enough lawyers to untie the knot !!!,0,1,1,0.7549149990081787
"The media, the Liberal party, and the Canadian public 'suddenly discovered compassion', in Trudeau's words, after seeing the boy's picture. Of course there is no limit until their sin is redeemed.",0,1,1,0.9990890026092529
Forget the prejudice junk. And forget the neighbors junk. Practicality and economics.  And if you don't think an openly transgender in a barracks with 100 men isn't detrimental to the military mission then I give up.,0,1,1,0.9975274205207825
We very definitely are not in a holy war with a million peaceful Canadian muslims.,0,0,0,0.07585817575454712
"The fact that such comments can be made about any person shows you how low we have sunk in this country. You have no respect for yourself, let alone the Prime Minister.",0,1,1,0.9820137619972229
"The only thing I'm worried about is if Malina goes home too early will tRump keep his hands to himself and not be grabbing under the table, or shoving his uncontrollable appetite into the women's bathroom.  Hey, he might get ahold of a transgender.",1,1,1,0.9999417066574097
"No country deserves someone like trump. However, the gop does.",0,1,1,0.9840936064720154
"Merkel is neither intelligent nor knowledgeable.  She is a puppet of Islamists, supporter of gay-rights oppressors in Riyadh, and does not know that Obama bugged her phone (though the whole world knows it)",1,1,1,0.9999724626541138
Who cares what the Downtown Toronto Cocktail Party Circuit thinks.? The PM is right. The people stand with him.,0,1,1,0.8175744414329529
"There are lots of nationalist/sovereigntist movements that are not dirty words ... in Scotland, Catalonia and Quebec, for example. That's because they're not right-wing, ethno-nationalist, racist movements. Now white or Jewish or Islamic nationalism/sovereigntism on the other hand ...",1,1,1,0.9820137619972229
This sounds like an ad from the Power Workers of Ontario.,0,0,0,0.01098694372922182
"Sure Nathan - going to the Muslim war zone aka Xinjing where Saudi funded terrorists are routinely blowing themselves up , and trying to interview the terrorist sympathizers to do a story on 'oppression' is such an great idea. You deserve full of it.",0,1,1,0.9999687671661377
"The new law, which ludicrously requires transgender people to use the restroom consistent with the sex on their birth certificates,'  Yeah, how dare we ask people to use the bathroom that fits their sex !!  How 'ludicrous' !",0,1,1,0.9988304972648621
What a fool - Trudeau can try to put gloss over the obvious however the raw belly of Quebec society is showing.,0,1,1,0.9875683188438416
Why to care about birth rate (which is the major characteristics of good government) if the government of Canada is more concerned with expanding homosexuality and immigration?,0,1,1,0.9924227595329285
"Antisemitism suffers from the  same problem as this proposed law. Criticism of Israeli policies is not criticism of judaism.  All jews are evil = anti-semitism Israel,has engaged in illegal occupations = not anti-semitism",0,1,1,0.9149009585380554
"the homeless jew knows where he can buy a house for $12,000......he would get a job but prison and jail made him to crazy to work......and there are not to meny places that will let him work becouse he is a voilent offender....so dose eney budy have $12,000..... ???",0,1,1,0.9947799444198608
ACPeds?  You mean the politically-motivated anti-LGBT hate group that's a fraction of the size of the well-respected American Academy of Pediatrics that supports trans kids?  Oh.  Those 'experts' in damaging children's health.,0,1,1,0.9999251365661621
You obviously don't actually know any real liberals.,0,1,1,0.9669140577316284
you can knowingly infect someone with aids and it's ok. you can go to jail if you don't use the proper pronoun when speaking to the transgenders. are the flames hot enough yet.,1,1,1,0.9999599456787109
This guy never signed up for Econ 101 in college...,0,0,0,0.2018132209777832
"You are partially correct.  I looked at the charts again and indeed, racial crimes against blacks did exceed crimes against jews.  However, your assertion that  hate crimes against wiccans exceeded  hate crimes against jews is laughable.",0,1,1,0.7057850360870361
Donna Trump?  News Flash:  Trump is Transgender!,1,1,1,0.977022647857666
Says the greatest homophobic poster...,1,1,1,0.9991958737373352
The bible convinces you that you don't have to go to Church.....  Really?  how?,0,1,1,0.8175744414329529
you mean a transgendered horse.,0,1,1,0.9525741338729858
"Allowing perverted young males posing as transgenders to have access to female bathrooms will also have 'consequences'.  Rapes or suicides, what's your choice?",0,1,1,0.9999724626541138
only if you are a liberal or a dipper,0,1,1,0.9740425944328308
“alternative facts” that are spread about Muslims by anti-Muslim bigots.  --- There you have it: everyone criticizing Islam or Muslim societies practices are bigots and their speech is 'alternative facts' or soon hate.,0,1,1,0.970687747001648
"You do realize that Iran and Russia are allies, right?.... and that ISIS is Sunni muslim and one of its top goals is to eradicate Shia muslims (which the ruling group in Iran)? ISIS and Iran are sworn enemies.   Educate yourself!",0,1,1,0.9149009585380554
"Islamist' terrorists, please, Guest997. Amid the carnage, butchery, and ignorance, we must use accurate terms and remain politically correct.",0,1,1,0.9740425944328308
https://takingnote.blogs.nytimes.com/2015/06/19/lawmakers-push-to-end-military-transgender-ban/ Lawmakers Push to End Military Transgender Ban Congress has the power to do what Congress did. President Obama signs legislation. He couldn't and didn't over-reach his powers as the fascist Trump is attempting.,0,1,1,0.957912266254425
"I also heard that women in Quebec can have prostate surgery, just so they don't feel discriminated against.",0,1,1,0.9964063763618469
You got unrighteous doctors dealing drugs that will never cure your ills' - Bob Dylan - 'When You Gonna Wake Up?' - 1979,0,1,1,0.8175744414329529
"Same drivel about low information voter, nobody buys that BS anymore, come up with something more tangible. What is unrealistic about building a wall? Again, spell it out.",0,1,1,0.9399133324623108
"@ MJT Do you think being fired for a legal non-corporate tweet is appropriate? If yes, please let me know where you work so I can be sure to never apply for a job there.",0,1,1,0.9924227595329285
"Sir Tertullian also called women the gates of hell. So much for 'Christian values'. No, wait, that is the Catholic value.",0,1,1,0.9990890026092529
So who's the bigger threat to Americans??? Islamic Terrorist or American Terrorist killing thousands of Americans in places like Chicago??? #MAGA,0,1,1,0.9988304972648621
Support for Donald Trump in Canada is strongest in Alberta. Go figure!,0,0,0,0.2689414322376251
I'm a white Evangelical Christian. I proudly cling to my Bible and my guns. I am a member of the NRA. I am a proud American.  I am your worst nightmare. And there are about 100 million of us.,1,1,1,0.9990890026092529
How is baking a cake for a gay couple exceeding his obligations?,0,1,1,0.7310585379600525
"Keith D LaRiviere are you referring to the trillion dollar give away, please sit down and read",0,1,1,0.9324532747268677
"You can't mention Sharia law or you will get your account deleted.  People don't want to know that female genital mutilation, misogyny, and throwing gays off buildings exist under Sharia law.  It dispels the myth of multicultualism.",0,1,1,0.9997387528419495
"This is an example of the arrogance and ignorance that exemplifies Anchorage and is the same as a bunch of ugly racist and bigoted White Nationalist Americans moving to Israel and then have the gall to tell Israelis, 'Jews, you're lucky we let you stay here.'",1,1,1,0.999993085861206
It's too bad condescending wasn't one of the choices. Clark is an elitist without any elite qualities. Opportunist politician and talk show host don't make the grade.,0,1,1,0.998498797416687
This makes me want to weep for the government that could have been.,0,0,0,0.02595735713839531
I wasn't aware that there were anti-Semite Jews.  Interesting news.,0,1,1,0.9947799444198608
There's always room for a second center-left party. Just no room for extreme right-wingers.,0,1,1,0.8933094143867493
Really? Did you demand that Trump prove that Obama was a Kenyan Muslim?,0,1,1,0.9953904151916504
You have absolutely no evidence that mortgage fraud is THRIVING in Canada. You have anecdotal evidence and even that is flimsy. It just a nice story that brings some drama to the business page. Not very responsible reporting if you ask me.,0,1,1,0.7549149990081787
How many non-Muslims fear for safety ?  How many non-Muslim women fear to walk in some parts of European cities because of the clothes they wear ?,0,1,1,0.851952850818634
Smoking marijuana relieves asthama symptoms. I'm surprised Stephen doesn't know that. Or maybe he does...,0,1,1,0.8670357465744019
"Could Pius XII have done more? Perhaps. He did take action to the Jews of Rome, though he made no public statement.",0,0,0,0.2689414322376251
Are you Obi Wan Kenobi? Is your next line to tell us that we will never find a more wretched hive of scum and villainy?,0,0,0,0.2018132209777832
In your effort to balance gender you have given up competency.'I'd love your take on which ministers you believe are 'not competent'. This cabinet is filled with competent and talented people.,0,1,1,0.9324532747268677
"Some Canadian milk producers - you do know that cheese is made with milk ? - are going to be squeezed.. And the Europeans want nothing to do with hormone beef. Strange people over there, eh?",0,1,1,0.9740425944328308
You declare that homosexual acts are immoral and evil.  I declare that you are evil for trying to devastate a group of people just for being who they are.  So whose declaration should carry greater weight?,0,1,1,0.9525741338729858
"The column was amusing, well written, and written with affection -- which is more than I can say about some of the comments.",0,0,0,0.02595735713839531
"The moral authority speaks, the robo's dance and vote.",0,1,1,0.6791787147521973
Furthermore this has NOTHING to do with hiding taxable income from the U.S. This is absurd. Where are you getting your information?,0,0,0,0.14804719388484955
what a dull-witted nightmare.,0,1,1,0.7549149990081787
Trump's been upset about this ever since he found out Melania is transgender.,0,1,1,0.9975274205207825
Yeah ... you also said that about Trump's first Muslim ban.  How did that work out?,0,1,1,0.8807970285415649
Dan - Fair enough.,0,0,0,1.8925147742265835e-05
And yet some Canadians seriously think that we should be sending the CAF to Mali... Do you think that maybe we'll need them here at home?,0,0,0,0.3208213150501251
"If they feel hurt by it, why do they keep on doing it? Is peer pressure actually that overwhelming that it turns off the brain?",0,0,0,0.006692850962281227
Thankful for Canada's support of Ukraine and recognition of struggle Ukrainians have undergone for many years.,0,0,0,0.0001398220774717629
"Mr Paladin, the framers were, no doubt, well versed in the English language which you, evidently, are not. Try not to read things into a passage which exist neither in fact nor intent.",0,1,1,0.7772998809814453
What happens when transgendered people go off their hormones? How does that affect their fitness for active duty?,0,1,1,0.7772998809814453
"Transgenderism is an arbitrary sex change, a lifestyle enabled by modern medicine.",0,1,1,0.9995121955871582
Be thankful this isn't in the states... Some bleeding heart liberal would be screaming the anti-bullying law infringes on the freedom of speech,0,1,1,0.9991958737373352
"""Look no one is suggesting that Clinton is perfect...."" That's good because Hill is the most corrupt US Presidential candidate EVER...",0,1,1,0.999373733997345
"The US has received zero terrorists from any of the banned countries, ever.  Not a single one.  Trump is playing the terrorist excuse to ban legitimate refugees, because he hates muslims.  period.",0,1,1,0.9975274205207825
"Better yet, It's time to wound old heels - get lost Brian!",0,1,1,0.9890130758285522
Sorry about not saying Islam is in no conceivable way involved in these murders.,0,0,0,0.3208213150501251
Weaver is a Green Party hack. He has about as much trustworthiness as James Hansen....the fraud who was booted (finally) out of NASA.,0,1,1,0.9999485015869141
An opinion columnist without their own opinion - how ironic.,0,0,0,0.037326883524656296
"Yes because when I think of the PLO, Hamas, and Islamic Jihad the first thing that comes to mind is: law, morality, and ethics.",0,1,1,0.9996199607849121
Don't you find it is becoming rather monotonous and predictable? It may seem to be parodying traditionalists but in reality it is a mockery of the Catholic Faith.,0,1,1,0.9971990585327148
The hypocrisy is worse if what your saying is true. Democrat Christians allow God to be removed from the platform in the name of politics.,0,1,1,0.9875683188438416
At least we don't have to worry about transgender bathroom issues on those airplanes today.,0,1,1,0.9947799444198608
"Some people do not have the courage that freedom requires. They will never feel safe, not matter what security measures are taken. Have you considered a closet?",0,1,1,0.9626730680465698
"Taxrage 2 hours ago If you have a $150K family income, why should you compete for a daycare space for a low-income single parent? ------ reminds me of JACK AND OLIVIA competing for co-op housing till they were exposed and run away in shame",0,1,1,0.9902915358543396
"But there is evidence that Judge supported same-sex acts by self-identifying as 'gay,' as opposed to one who has same-sex attraction, which does not imply any opinion on same-sex acts.'  And your evidence to support this conclusion is what?",0,0,0,0.3208213150501251
Propaganda of homosexuality should be forbidden.,0,1,1,0.9975274205207825
You do remember what Paul Martin had to do in the 1990's remember? You realize he had to do that because of a massive mountain of debt built up over the years preceding him. Ridiculous to say that red ink doesn't matter.,0,1,1,0.5926666259765625
Does that make her an 'enemy?' Seems to me that she pays taxes like everyone else does. She is entitled to her opinion too. Or do Conservatives have a problem with free speech?,0,0,0,0.03308597952127457
You fell far short of making any excuse for the lack of values inherent in so-called 'christian' Republicans.,0,1,1,0.9994471669197083
I suppose that white men might also be transgendered so...,0,1,1,0.9840936064720154
"Another one jealous of the rich, did the toronto star send you over",0,1,1,0.9399133324623108
"Your view is distorted by your politics, and by trying to get a job at McDonalds....",0,1,1,0.9626730680465698
"I've never noticed that kindergartners have (trans) gender hang-ups. If they do though, don't worry, they'll likely outgrow it once they've moved beyond functional illiteracy. How's that going for you, 4:20?",0,1,1,0.9999485015869141
"They're not Christians, they're ChristianISTS. They wish to spread their religious beliefs by force.  They're religious radicals in the same vein as the radicalized Islamists who bomb everything.  It's just unfortunate that you rarely hear Christians condemn the radicals in their midst...",0,1,1,0.9996199607849121
Republicans state they don’t hate gay people.  Moore wants to lock them up.   Horrible people.,0,1,1,0.9990890026092529
And we also have the duty to avoid prostituting our Catholic identity by appeals to phony dialogue that mask an abdication of our moral witness.'  (Archbishop Chaput 2009)  What a nasty comment!,0,0,0,0.43782350420951843
"I'm all for black people expressing their grievances, but what has Gay Pride to do with those concerns? Gay people are not the ones oppressing blacks.",0,1,1,0.9982993006706238
"One thing you have to understand is that RD's actual knowledge of transgendered people is nil. His knowledge of feelings is also nil, so he has decided that they count for nothing.",0,1,1,0.9980732202529907
"I tend to agree. The biggest problem, as stated in the article, is that the union won't even discuss an evaluation process. Just mention it and we get a strike. Our kids are being held for ransom.",0,1,1,0.977022647857666
because she's black & a tranny,1,1,1,0.9999151229858398
And how is your covenant of marriage ruined by the existence of gay marriage? Please elaborate on your persecution and oppression.,0,1,1,0.9995694756507874
Sure - you just keep abusing the aboriginal people and bombing Muslims and Asians.,1,1,1,0.9999958276748657
Where are the stories about retail businesses owned by homosexuals(or LGBT)? They have to be raking in the money.,0,1,1,0.977022647857666
"So Eugene IV's Cantate Domino is still in full force. It says that Jews are automatically going to Hell. No ifs, ands or buts.",1,1,1,0.9997387528419495
I agree......Jesus had cigars and bourbon with jazz playing for the social hour after the last supper......how quickly some folks forget.,0,1,1,0.9796676635742188
What's the difference between your comments about Muslim refugees and Charlotte Whitton's views of Jewish refugees in 1939? Well done for exposing your true nature and lack of any Canadian values or characteristics.,0,1,1,0.9996646642684937
"The kind sanctioned by my beliefs? Have you grossly misinterpreted something? I believe in monogamy and marriage. I believe in respecting one's spouse/partner, family, neighbor, other people.  I googled 'lesbian murdered bull dyke partner' but couldn't find the story you referenced. Link?",0,1,1,0.9669140577316284
The solicitors general should have to tell the police that they are supposed to enforce the law. They should know it already.,0,0,0,0.2018132209777832
"last time I looked the charter applied to the forces, unless your friend Justin changed it - Justin is into Diversity not white males unless they are gay and march in Pride Parades",1,1,1,0.9995694756507874
It foments anti-Muslim animus.,1,1,1,0.9875683188438416
But why did the truck hate all those poor defenseless swedes.  Terrorist trucks could be lurking anywhere.   Thank goodness the truck wasn't Muslim.,1,1,1,0.9998766183853149
Clearly you weren't around while western Canada burned up this summer.,0,1,1,0.6513549089431763
"colon7, you are partially right. Religion is the problem. A minority of one religion.",0,1,1,0.9399133324623108
". ""Stephen Harper is a nasty man"" - Former Conservative Newfoundland/Labrador Premier Danny Williams .",0,1,1,0.9465966820716858
"Comparing someone to Trump ,like its a bad thing. Globe and mail is home to so much entitled cucks.",0,1,1,0.9999545812606812
"I agree with y2, and there are more extremists on this board than there are in the average city.",0,1,1,0.8354835510253906
It's pretty sad that the Assistant Police Chief seems to accept that the scope of the term 'terrorism' is confined to terrorism carried out by Muslims.,1,1,1,0.9626730680465698
Did he then stuff the transgender's penis after castration in the transgender woman's mouth with the head sticking out?,1,1,1,0.9999687671661377
...or more accurately 'some animals never got to be equal.. yet'. Our First Nations need a little more time and consideration to be considered equal in a lot of Canadians' eyes.,0,1,1,0.7772998809814453
"In private, however, he was living with Charles Chiarelli, his lover since 1965.'   That sentence says it all.  Fr O'Neil was an active practicing homosexual priest.  I don't think you should compare Fr Martin to this fellow Jesuit.",0,1,1,0.7057850360870361
"2 of the 5 were native themselves, one of them was gay.  Many of the people in the ' indigenous' ceremony were not even natives but Social Justice Warriors of all races.",0,1,1,0.9968273043632507
How about keeping it to 'A nice Family moment' in a Disney film. Why does there have to be a Nice Gay Moment?,0,1,1,0.7772998809814453
"how shameful, a jew practising eugenics",1,1,1,0.9980732202529907
Sorry to fill you in on the big secret Jill but transgender issues are not about race.,0,1,1,0.9975274205207825
"Sure, all newborns weight the pros and cons, and then make conscious decisions on their sexuality.   Don't you realize how ridiculous that sounds? What you mean is that you were born heterosexual just as those you judge so harshly are born as homosexuals.",0,1,1,0.9997965693473816
"Hirono, who serves on the Senate Armed Services Committee, said, 'Transgender Americans serve our country with honor and distinction.''  And their names are???..........",0,0,0,0.004609572701156139
Only sexist men think feminism is an organized religion. Feminism is for people who believe in equality of women. You clearly don't.,0,1,1,0.8354835510253906
The truth is that Roman Catholics and Protestants have more in common theologically than they have differences; this needs affirmation and celebration. The differences are predominantly (if not only) ecclesiological. It is ridiculous to allow ecclesiology to dictate relationships...at any level.,0,0,0,0.0031726830638945103
You're so rad. What's the point of being Catholic if one can't angst over one's salvation?! :),0,0,0,0.43782350420951843
"Yeah, transgenders stay up all night plotting and planning about how they're going to assault unsuspecting citizenry.  Transphobia won't be the new normal.  The US Supreme Court put that nail in homophobia and transphobia.",1,1,1,0.9999938011169434
I didn't know Donald Trump is transgendered!,0,1,1,0.9820137619972229
Gutless self serving politicians are afraid of losing the Christian vote so they will not do the humane thing to stop people from dying a painful death. Get rid of the useless career politicians.,0,1,1,0.9994471669197083
"The mayor's cooking the books is no surprise, he has lied his entire life about everything else so nothing new here, more people and institutions need to take this loser to task.",0,1,1,0.9996646642684937
"For an alternate view on 'generosity' toward refugees, see: http://montrealgazette.com/news/national/opinion-canada-can-and-should-do-better-on-syrian-refugees",0,0,0,0.009708477184176445
What does the Church's TEACHING authority have to do with pedophilia? The 'sex abuse problem' has nothing to do with 'clerical control' other than the lavender mafia admitting far too many homosexuals into seminary.,0,1,1,0.9992903470993042
"So, you feel that WORKING FOR the people running the death camps which were killing communists, Russians, Jews and other undesirables was preferable to STOPPING those deathcamps from committing even more war crimes and mass murder? With friends like you, Freeland needs no enemies.",0,1,1,0.9996646642684937
"Social and economic equality work amazingly well in social democracies like Norway, Denmark and Sweden.",0,0,0,0.022977370768785477
I thought that only trans genders shop at Target ?,1,1,1,0.9875683188438416
"Seth.. Good comment. I am very happy to see that there are some honest, capable people out there trying to help Ontario save itself from the largely left wing disaster called renewable energy.",0,1,1,0.9975274205207825
So then who made homosexuals? We are taught that God made us all.,0,1,1,0.8933094143867493
Feeding christians to lions needs to be a thing again.,1,1,1,0.9999599456787109
Fr. Martin is becoming Moses-like.  Pinning the snake of homosexuality and mounting it high on a pole.  Bringing it out of the darkness of unconscious fear.,1,1,1,0.9982993006706238
Another conservative family-values politician goes down again.  Interesting how almost all of these conservative family-values people eventually get caught with their pants down.  At least  he was  only a Baptist Deacon and not a Catholic priest or Catholic Bishop sexually molesting innocent little boys.,1,1,1,0.9994471669197083
Can the Globe & Mail please hire staff who can write proper english and doesn't do their due diligence from conservative election ads? Harper has delivered 9 deficits in a row and 2015 will be a deficit year as well contrary to conservative claims.,0,1,1,0.562176525592804
"You are right, homeopathy has much in common with faith healing. Utter quackery.",0,1,1,0.9964063763618469
The medical cost argument is just a distraction. DTs base followers just hate transgendered people and they don't care what the reason is as long as their hatred is somehow legitimized.,0,1,1,0.9997695088386536
"A hopeless state! Same old tragedy, over and over. It's their guns that are doing most of the damages, not Muslim immigrants.   Idiots elected a morally corrupt party and president.",0,1,1,0.9999417066574097
I would not vote for you as that would be a vote against the country and our cherished belief system!  Now go to your transgender room and close the yap!,1,1,1,0.9999833106994629
"They don't like ostentatious expressions of personal religious beliefs, especially of thousand-year-old homophobic, misogynist, anti-science dogma. That makes them more logical than insular.",0,1,1,0.9964063763618469
"Pizi It makes no sense to occupy a strip of land partially occupied by and surrounded by your enemies. Nothing to do with ownership of the land.  If Jews bought Palestine, their reception would be the same. It makes no sense to..........................",0,1,1,0.9902915358543396
Where is the outrage from Danish tourist to this story?,0,0,0,0.3208213150501251
"Gee....when I bought a house in Anchorage in 1980 I thought I'd moved to Alaska.  Searched through your link.  Didn't find a reference to 'sex', or 'gender', or even the part word 'trans'.",0,0,0,0.29421496391296387
"Well for starters, you're an excellent example of an off-putting individual, gay or otherwise.  Prefacing your rhetorical question w/an accusation isn't going to generate good will any time soon now is it?",0,1,1,0.9996199607849121
Yeah that was the remark that offendedme most. Trivializing malfeasance andelectoral fraud among other things is sotypically arrogant of Ms. McDougall.,0,1,1,0.9626730680465698
"The 'violence against conservatives' comment is ludicrously hypocritical when one considers the rash of horrific violent crimes commited by right wing extremists like Robert Dear, Dylan Roof, and Jeremy Christian.",0,1,1,0.9241418242454529
"Well, why doesn't the terrorist suspect hand himself in to police? Explain that one?  Of course his wallet would be either on himself or beside him while he committed his ISIS act of terror. Not too surprising either that the Islamist coward would flee the truck and forget his wallet.",1,1,1,0.9999724626541138
"Wow, two things that I can tell about you from your post: 1. You're young and obviously didn't live through it, & 2. You have or are working toward an Arts degree.",0,1,1,0.9324532747268677
^^Really?And what kind of stores would those be? Walmart aims to be one stop shopping - which means there are precious few small business they don't compete with. Get a clue.,0,1,1,0.977022647857666
Slavery killed a lot more Africans than Nazism did Jews.'  How did you calculate this?,0,1,1,0.977022647857666
"ummmm no  To find the hate for homosexuals, minorities ( infidels), women you need to visit a mosque.  Merry Christmas",1,1,1,0.9999645948410034
What Quebec wants is Chinese immigrants who drop off half a $-million on their way to Vancouver.,0,1,1,0.9986749291419983
"Nature recently published something on this and it clearly showed not all vegetarians are anemic, with a certain diet you and your sister can definitely avoid that",0,0,0,0.29421496391296387
"You left out one trait, they are also Jewish.  But if she had said older, white Jewish men, oh the outrage.",1,1,1,0.9902915358543396
Have they really? I like Canada - I just don't like the bigots.,0,1,1,0.9820137619972229
This clarifies the situation - or does it? Is the Queen gay?,1,1,1,0.6791787147521973
Atheism is a religion as well.,0,1,1,0.851952850818634
No I'm only obsessed with the Jewish holocast let's get forget about it  Your a loser  No that's bullying  Go cry baby Go to a real college and gain an intellect,1,1,1,0.9999810457229614
"Bingo. I was appalled by their shallow and, frankly, predictable recitation of left-wing talking points Just completely missed the point didn't you? That figures since you progs seem to be quite full of hate for anybody that disagrees with you.",0,1,1,0.9999687671661377
"Dad, as he undoes his belt to deliver a (much needed) swat: go ahead and call them, son... the Liberals haven't made good on their vow yet!!",0,1,1,0.9890130758285522
Please provide some evidence that 'Ford is working hard to save us money' - and by evidence I mean something more tangible than the woolly-headed thinking of you Ford Nayshunals ....,0,1,1,0.9890130758285522
"Yes and these 'non-white' Catholics, as the race obsessed  are constantly drawing our attention to, bring their own prejudices and problems.  What's your point?",0,1,1,0.9999910593032837
Canada's evaluation process is really weak.,0,0,0,0.29421496391296387
sageantoine....if you believe hospital care is free... you are the one living in a fantasy. I gladly pay my taxes... i begrudge them being pissed away on foolish ideologically driven wastes of money such as carbon taxes etc.,0,1,1,0.9890130758285522
Members of one religion bombing members of another...just as Christians killed Cathars or Catholics killed Protestants (and vice versa) years ago. Maybe absolute certitude that you are hearing the true teachings of God is not always a good thing.,0,1,1,0.562176525592804
"No, I am perfectly correct. Paprocki's statement shows fear and loathing of gays. Pandora supports Paprocki's statement. Pandora ALWAYS supports conservative bishops when they are criticized -- always.   Once again, I speak the facts that Pandora would like to brush off.",0,1,1,0.9959298968315125
"That is an utterly ridiculous thing to say, since these poor people were specifically targeted because they were members of the LGBT community.  That would be like saying that Adolf Hitler targeted 6 million people for death in concentration camps in WWII, and failing to mention that they were Jews.",0,1,1,0.9046505093574524
So why does the government feel it needs to force middle income earners to save? Can adults not take care of themselves? It should be a choice. Why does the government need to micro manage us? Generation Screwed...,0,1,1,0.8354835510253906
These attacks on the gay community have to stop,0,0,0,0.006692850962281227
Good thing this did not happen at a Quebec university or the writers comments wouldHave been far more negative Robert tGatineau quebec,0,1,1,0.9046505093574524
For The Globe's editorial board to stop being so schizophrenic? I agree with you there.,0,0,0,0.24508501589298248
Entirely different subjects. You might as well blame Jews for Hiroshima because of Einstein.,0,1,1,0.9999151229858398
"The sanctity of horse is ingrained, because they are animals that perform a service to humans, and are also pets. Can't compare them to cows and cattle.",0,1,1,0.7981867790222168
"I see a real problem with this article, if every minority is over represented due to political expediency we will run out of cabinet positions! No problem for the Trudeau liberals. Like Doritos, we'll make more.",0,1,1,0.9991958737373352
"...sure is a good thing CONs are spending our money monitoring these comments. the equallymonitored backbenchers are probably keeping tabs on here, too.",0,1,1,0.7772998809814453
what a load of garbage. the western lunatic fringe took us all on a ride under harpers machiavellian manipulations. the rest of us westerners are finally seeing through it and are sickened by it.,0,1,1,0.9890130758285522
Surprisingly there is mention of any dialogue about US access to Canada's transgender washrooms.,0,0,0,0.07585817575454712
I think the percentage of Canadians he is offensive to is higher than your estimate. Even white males like myself are offended by this man.,0,1,1,0.7310585379600525
"Mr. Bernier’s team said the Scheer victory was due to the social-Conservative vote and the strong showing of candidate Brad Trost, who expressed his discomfort during the race with “the whole gay thing” ....... ======= Yeah, you can't be a conservative by that ....",0,1,1,0.999373733997345
Great?  2 homosexual males using surrogate mother(2) produce another homosexual male or lesbian or more homosexual males and/or lesbians.,1,1,1,0.9241418242454529
"Huh, maybe that's why lesbian sex is shown in straight porn and not considered homosexual porn.'  And you know this how?",0,1,1,0.9968273043632507
"Of course you can, but know that in doing so you reveal your own personal obsession with the anus.  Are you gay?",0,1,1,0.9999599456787109
So the Reform party was 25 years ahead of the times? Pretty good for people the media liars referred to as Neanderthals.,0,1,1,0.9875683188438416
I wonder if Truth lives far from our increasingly foreign dominated banlieux?,0,1,1,0.9669140577316284
"It's not racial rights, it's legal rights in the treaties stemming from the Royal Proclamation of 1763. You might want to learn some of this nations history, JB0713, and accept your responsibility to observe the law.",0,0,0,0.3775406777858734
Complaining that you might get blown up on the way to vacation is islamophobic.,0,1,1,0.9241418242454529
He refused to design ANY kind of wedding cake from the moment he heard the wedding was for a gay couple. This is all about religious conservatives wanting the absolute right to discriminate against gay couples while still being protected by the civil rights laws from discrimination against them.,1,1,1,0.9986749291419983
The military will refuse to follow Trump without the authorization of Congress. They've already refused to listen to him on the Transgender ban...,0,1,1,0.622459352016449
"Jeez, you guys truly are delusional. The Republicans are rabidly antigay...whether it's passing  laws to allow discrimination against gays on religious grounds or telling them what they aren't allowed to do with their genitals.",1,1,1,0.9994471669197083
Israeli press suppression behaviour should be publically denounced by all Jews. Israeli right-wing nationalist are now operating as the Fascist of old.,0,1,1,0.9986749291419983
"Well, aren’t we just a ray of frigging sunshine.",0,1,1,0.7057850360870361
"He's a man so that won't do.  I was thinking more along the lines of Theresa Spence now that she's looking for work but I'm pretty sure the CBC is hoping to cover all of their bases by hiring a non-white, aboriginal, trans gendered individual.",1,1,1,0.9999724626541138
Does it say loser on it?,0,0,0,0.3486451506614685
real amercins are pro immagrioshen.....jews what to move to usa ....death to trump.....death to greeddy capitlist.....,1,1,1,0.9997387528419495
So that encompasses whiny non smokers as well?,0,0,0,0.18242551386356354
Tell that to the ashes of the Jews in Auschwitz etc....,1,1,1,0.9997040629386902
I always like hearing from a 'true - blue Conservative' as you have claimed to be on past posts. Keep it up......................................./sarc,0,1,1,0.9796676635742188
"Oh Yes - The Media IS FILLED with account of Christian Terrorists blowing up planes, people, launching Jihad etc. etc. etc....While we are at it, PLEASE share some stories of Christian Polygamists and Beastiality as well....Yes, that is what we thought.",0,1,1,0.9998910427093506
CTV News Montreal headline today: Visiting imam denounced for calling Jewish people 'evil' Where are the voices of protest and uproar over this ???  And one questions why there is Islamophobia  ??,0,1,1,0.9241418242454529
"Christian, Jewish, islam are the death religions. You have to die to reach heaven.",1,1,1,0.999841570854187
"""We"" were not all involved in the collapse of integrity and reason, Chipreader. He's been ""Steve"" to me, ever since the murdering oilman Dubya dubbed him.",0,1,1,0.9890130758285522
"Yes, time to move forward, respect right and the rule of law, not try to enforce a monoculture on other people.",0,0,0,0.11920291930437088
"***And for my next comment, I will channel Roy's justification for everything***  You want Trump to fire someone just because he doesn't like Jews?  What is this? Nazi Germany?",1,1,1,0.9902915358543396
"when you spread riches around, population growth slows down. you cant just dictate to the poor, you need to help lift them from poverty. then they will stop having so many kids.",0,1,1,0.9875683188438416
"I think you should have used the term, empathy, instead of, compassion.",0,0,0,0.0009110512328334153
@progressive: those aren't the average schools though. the average american education experiance is CRAP. even the Americans admit it,0,1,1,0.9953904151916504
imagine actually being religious in 2019...did your parents not let you go to science class?,1,1,1,0.9859364032745361
Certainly explains his one and only policy idea of legalizing or de-criminalizing pot... I'm sure he has others but probably can't remember them.,0,1,1,0.9149009585380554
"I find it hard to take this congresswoman clown serious, she looks like a transgendered cowboy/girl. What a joker!",1,1,1,0.9999687671661377
skyofblue: Rio is a well known poster who posts almost exclusively on jewish or Israel related stories.  He clearly has an agenda and would be happy if jews were eradicated completely.,0,1,1,0.9992903470993042
"Refresh my memory, which religion killed millions of people in the name of imperialism or then thousands of people in Ireland or during the Thirty Years War or during fascist rule in Spain, Italy and Germany.",0,1,1,0.9859364032745361
"Progressive....I guess you can get away saying whatever you want in your world where facts don't matter and you feel that you are right because you keep repeating falsehoods. Mind boggling, really.",0,1,1,0.9997040629386902
"Alceste, Paris voted 10% Le Pen Paris is  20 % Muslim ? 20 % other immigrants ? 50% urban leftists? - so why is that surprising?",0,1,1,0.9890130758285522
"Turing was persecuted because he was gay, even after his heroism in the war.  That is the type of society we had in the west when the Church had more 'leadership.'  The same ethic is trying to block women priest, but it is dying out.",0,1,1,0.8175744414329529
"It's Mass!!!  Jeez, Catholics can't even spell it correctly!  Always a capital M!  Always!",0,1,1,0.9924227595329285
"Say, JD, maybe you can let also readers know what the Christians, the Jews, the Buddhists and the Hindus will be up to as well. Or stick to what you know, the bigots and fools.",0,1,1,0.999841570854187
"Oh, come on, Thatcher - you didn't even mention the current Jones/Infowars conspiracy theory that Jewish actors were impersonating the white supremacists, KKK and Nazis to discredit them. You're slipping.",0,1,1,0.9994471669197083
The BC Liberals have been trying to scare gullible sheep in B.C. since their old Socred days. Remember old Bennett's 'The Socialist horde is at the gate!'Famous fearmongers the whole lot of them.,0,1,1,0.9959298968315125
"Oh great, now we have a Toronto-based illustrator and textile designer telling Canada's snowboarding drama teacher Facebook Prime Minister Robin Hood how to run the immigration system.",0,1,1,0.9971990585327148
"Sure you want people to be damned. If you did not want it, you would reject Canatate Domino and accept Dignitatis Humanae.  Your God is a bigot. He sends Jews to hell for being Jews. How does this differ from the Nazis sending Jews to Buchenwald for being Jews?",1,1,1,0.9999645948410034
"Mark, byline has no hyphen and people are listed 'in,' not 'on.' Isn't picking flysh*t out of pepper just tons of fun!",0,1,1,0.9149009585380554
Throw in a couple scenes of female genital mutilation and you have a ' How to Behave ' documentary for Muslim dominated countries.,1,1,1,0.9999251365661621
Not really - there is something SERIOUSLY rotten in the PC party though.,0,1,1,0.7772998809814453
Who wants a nuclear deal with Iran when the military-industrial-security-banker-government-religion complex would profit immensely by a war on Iran and Artillery Hillary is waiting in the wings to become commander-in-chief with her very own war?,0,1,1,0.9996646642684937
Nope.  Trump's campaign promise was a Muslim ban.,0,1,1,0.9324532747268677
"So f?hlt sich der Reichspropagandaminister stark genug, in seiner Position, die F?hrung der Partei die Nationalsozialistische Deutsche Arbeiter-Frage zu stellen.",0,1,1,0.957912266254425
"An interesting question, but one you're not going to try to answer, I see, slofstra.  I'll give my opinion on yours, though.  The fact that TWU would be the only law school with this rule makes it no better than a single corner store which refuses to serve jews.",0,1,1,0.9998910427093506
Americans don't ban Muslim women from wearing facial coverings. As far as I know it's not even on their radar. So why are Canadians so hyped up about it?,0,1,1,0.9465966820716858
"He supports people who have. He's against gay marriage, and for the right for companies and individuals to discriminate against gays.",0,1,1,0.9998205304145813
"Sure 90% of Muslims will be patriotic when we are re-writing our laws to accommodate a 1% minority! We treat them like Gods while ignoring the truth about Islam, we whitewash the reality of their religious text and their goals in our society.",1,1,1,0.9999852180480957
Last time I checked there wasn't any Jews shouting death to Americans,1,1,1,0.9940890073776245
Infowars?  Congratulations on losing all credibility. Have another beer and watch more TV.  Obama made my frog gay with chemicals while cloning 9/11!,0,1,1,0.9999810457229614
"And a boot smashing a human face, forever.",0,1,1,0.9940890073776245
"No, we do not. You've had your day, get lost, buh bye.",0,1,1,0.9975274205207825
"If you smell anything like you look, no wonder you have to spend most of your time posting on internet forums",1,1,1,0.9947799444198608
Unless I am 'cis' and I have low T ....then I have no way to be competitive.   Why can't everyone raise their testosterone to a pre-agreed level?   . transgendered athletes are allowed to raise their testosterone - why not everyone?,0,1,1,0.9971990585327148
"Oh, I see, Alexvega... so, In other words, guilty until proven innocent, hmm? Yup... quite simple. Except that our justice system works on the reverse premise. Next...",0,0,0,0.43782350420951843
"Wrong. Oh, yeah, they're every-ready, to govern, alright, at the drop of a hat (or a writ) But the questions are: (1) Do they deserve to? (2) Are they able?",0,0,0,0.014063626527786255
"The corporations are mere amateurs when it comes to politicians pitching 'stupidity' wrapped up un the latest partisan mantra of FREE social services, health care, education, blah, blah, fiddle, faddle, jobs ... vote for ME ....",0,1,1,0.9964063763618469
He was shouting God's name as he killed which is common for Islamic terrorists.. That might indicate his motivation,0,1,1,0.998498797416687
This is illogical thinking.  Viagra costs (which should be paid by the individual) are spread across the millions ho serve.  Sex change drugs would apply only to the tiny minority who are 'trans'  -- so naturally the Viagra cost would be far greater.,0,1,1,0.9971990585327148
Right on Sarah Sanders!  She's not forcing anything on anybody--it's done silently and privately.  Psalms 14:1 The fool has said there is no God.  Which is in the Jewish Old Testament.   For the loud unbelieving Jewish friends.,0,1,1,0.9989677667617798
"For all the liberal supporters that says she should get help, why not pay for every member of parliament spouse also? After all if their spouse is doing something for them, why shouldnt they receive money also? Or is it just for SGT?",0,1,1,0.9859364032745361
Every sperm is sacred? The little whimpers of each sperm must make you cry,0,1,1,0.8933094143867493
I’m trying to imagine you with a personality.,0,0,0,0.2689414322376251
Standing up to those who would eliminate you and your country is honorable. The only bullies in this conflict are the hateful Jew-hating Palestinians and their terrorist civilian-stabbing inhabitants whose goal is to eradicate Jews.,0,1,1,0.999995231628418
"I have no regard for Trump, but not to worry, the left wing media will shamelessly shill for Clinton. No less than the Canadian media shills for the left.",0,1,1,0.9947799444198608
That was simply an excuse... The average German soldier will claim they never fought to exterminate the Jews....,0,1,1,0.9982993006706238
"You sound like you need to bone up on your WW2 history to see what was actually happening. There is simply no current comparison for what was going on, and the bombing (nuke and non-nuke alike) was necessary.",0,1,1,0.970687747001648
Young and bright....' are there no older homosexuals?,0,1,1,0.9241418242454529
"Harper is dismantling the peace, order and good government that once was, he is guaranteeing that the left can never put it back together without natural resources extraction. Harper is very much remembering his base.",0,1,1,0.9978172779083252
Amazing that every serving transgender member of our military doesn't suffer from 'bone spurs' isn't it? 'Bone spurs'  is a symptom of  'P_ssy  running away because people shooting at me is scary!' disease.  Comes with complementary yellow stripe on back,1,1,1,0.9999852180480957
Really?  They're not focusing on transgender bathroom rights and strong-arming universities to hire more women?  What will Justin talk about?,0,1,1,0.9241418242454529
"Between this gang and the Catholic church, there isn't much respect for organized religion these days. At least they aren't sexually molesting innocent little boys like the Catholic church.",1,1,1,0.9998205304145813
If the boomers had paid their way we wouldn't have so much provincial and federal debt.,0,1,1,0.9940890073776245
Ah yes !! The G & M elite's version of 'freedom of opinion'. Just a FEW times for moi as well !!,0,1,1,0.970687747001648
"Wow, taking the 10 seconds to reply is quite the heroic feat. ",0,0,0,0.10669060051441193
"Tin foil hat crowd, if the shoe fits & it seems to fit you well Jack.",0,1,1,0.970687747001648
Trump is an honourary Jewish President  3 kids 2 married Jewish 1 married half Jewish  Goodbye Obama's anti-Israel - not very subtle,0,1,1,0.9980732202529907
"everything is a protected class now a days.' Except the beleaguered white, christian male, amirite?",0,1,1,0.9999251365661621
a Mosque is a Mosque is a Mosque Where else do they teach their Hate for non-Muslim's?,1,1,1,0.9997040629386902
What a laugh ... but apparently he's smart enough to lead our country ... how screwed up is that ?,0,1,1,0.9859364032745361
"You have never heard about Bill Clintons rape charges? Why am I wasting my time, you probably love Turdo also as prime minister.",1,1,1,0.9999039173126221
"wolfhall, If Obama's politically correct capitulation to gay marriage was his greatest 'accomplishment', it's no wonder liberalism is dying in the US just as it nearly died in Canada under Jean Chretien.",0,1,1,0.9997695088386536
"The Libs in their infinite wisdom decided a shiny pony camp councillor was much better that a highly educated astronaut. Yup, the libs are always the smartest in the room.",0,1,1,0.9997387528419495
"Personally, I don't agree with Kenney's politics or social values, but it would be interesting to see Alberta with its first gay Premier.  Definitely something to talk about.",0,0,0,0.09534946084022522
Let me guess: M.W. ?Elizabeth is a gem among the Globe columnists.,0,0,0,0.16451644897460938
"Yes, I do have a question, franco prairie.  You call Justin Trudeau 'gender fluid.'  That sounds homophobic to me.  Can you explain it?",0,1,1,0.531209409236908
