model,comparison,n,mean_abs_dp,max_abs_dp,mean_dp,label_flips,spearman,ok
Llama-3-1-8B-Instruct,"baseline, v1 items (v2 scores)",500,0.006514500323240283,0.1092874190354417,0.0005220694074624571,2,0.999256581479066,True
Llama-3-1-8B-Instruct,"baseline, shared items (v2 grid)",52,0.01633627459562411,0.06996917115675888,0.001515926265207815,2,0.9950238186160518,False
Llama-3-1-8B-Instruct,"framed, identical prompts",1768,0.013519189348808035,0.09716374438771969,0.0031021591984846104,38,0.9984132377216773,False
Llama-3-1-8B-Instruct,"  framed, embedded",364,0.012563418813802046,0.0723716126072258,0.003241680103997308,7,0.9982094958585125,False
Llama-3-1-8B-Instruct,"  framed, prefix",676,0.01464263185256835,0.09716374438771969,0.0036979830112956595,13,0.9974755077670401,False
Llama-3-1-8B-Instruct,"  framed, reworded",364,0.014105967997239458,0.07585017185669152,0.0018791955226343656,12,0.9976226671998955,False
Llama-3-1-8B-Instruct,"  framed, suffix",364,0.011801788014113445,0.07328766427686989,0.0030790720307444968,6,0.9967645303410535,False
Qwen2-5-7B-Instruct,"baseline, v1 items (v2 scores)",500,0.0024077331566215903,0.1113287187062056,-0.0007753284072939372,1,0.9023413800042046,True
Qwen2-5-7B-Instruct,"baseline, shared items (v2 grid)",52,0.017840398913691012,0.1113287187062056,-0.003967729041930717,0,0.9938709607387848,False
Qwen2-5-7B-Instruct,"framed, identical prompts",1734,0.009601683556642518,0.2166433679270367,-0.0002653622207429667,33,0.9989392298468107,True
Qwen2-5-7B-Instruct,"  framed, embedded",357,0.011014471258682063,0.14523567633568624,0.000938269638021751,8,0.9983010879523675,False
Qwen2-5-7B-Instruct,"  framed, prefix",663,0.00674315693047675,0.21353658795748726,-0.0005095965358236781,14,0.9989317585064357,True
Qwen2-5-7B-Instruct,"  framed, reworded",357,0.006934438676893621,0.2166433679270367,-0.0017208951672464706,1,0.9991963004439487,True
Qwen2-5-7B-Instruct,"  framed, suffix",357,0.0161648330400883,0.1919898829387101,0.00044011688071714055,10,0.9951443971715084,False
