item_id,text,category,n_raters,entropy,variance,p_offensive,baseline_predicted,baseline_prob_yes
899,"If you smell anything like you look, no wonder you have to spend most of your time posting on internet forums",random,72,2.292092170106137,1.8470293209876543,0.625,1,0.970687747001648
3969,Donna Trump?  News Flash:  Trump is Transgender!,social-group,20,2.2854752972273342,2.16,0.65,1,0.9525741338729858
3263,"You left out one trait, they are also Jewish.  But if she had said older, white Jewish men, oh the outrage.",social-group,21,2.267117875964918,1.6643990929705217,0.6190476190476191,1,0.9525741338729858
2635,You're so rad. What's the point of being Catholic if one can't angst over one's salvation?! :),social-group,23,2.2619961981872954,1.9773156899810964,0.4782608695652174,0,0.24508501589298248
2871,"There are lots of nationalist/sovereigntist movements that are not dirty words ... in Scotland, Catalonia and Quebec, for example. That's because they're not right-wing, ethno-nationalist, racist movements. Now white or Jewish or Islamic nationalism/sovereigntism on the other hand ...",social-group,21,2.241781258077324,2.3718820861678003,0.5238095238095238,1,0.9525741338729858
79,"No country deserves someone like trump. However, the gop does.",random,62,2.2020097833002965,1.860561914672216,0.4032258064516129,1,0.977022647857666
4506,...or more accurately 'some animals never got to be equal.. yet'. Our First Nations need a little more time and consideration to be considered equal in a lot of Canadians' eyes.,moral,22,2.190515847687587,1.7954545454545454,0.4090909090909091,1,0.5926666259765625
2904,Yup. Why did the Church stop talking about sodomy (homo- and heterosexual) as sinful?,social-group,22,2.186704345910025,2.2479338842975207,0.45454545454545453,0,0.3775406777858734
95,What a fool - Trudeau can try to put gloss over the obvious however the raw belly of Quebec society is showing.,random,60,2.155764140580779,2.1141666666666667,0.38333333333333336,1,0.9465966820716858
3759,Just rough gay sex getting a little out of hand.,social-group,21,2.1485357333138198,2.1496598639455775,0.38095238095238093,1,0.8354835510253906
3605,"***And for my next comment, I will channel Roy's justification for everything***  You want Trump to fire someone just because he doesn't like Jews?  What is this? Nazi Germany?",social-group,24,2.1403360647604437,2.2708333333333335,0.5833333333333334,1,0.9796676635742188
951,"Wow, commenting on a post about anti-semetism, you post a racist comment. What a surprise.",random,53,2.1356362109162186,1.9836240655037378,0.37735849056603776,1,0.9669140577316284
677,what a load of garbage. the western lunatic fringe took us all on a ride under harpers machiavellian manipulations. the rest of us westerners are finally seeing through it and are sickened by it.,random,58,2.1333410671935242,1.9979191438763377,0.3620689655172414,1,0.970687747001648
1791,"Antisemitism suffers from the  same problem as this proposed law. Criticism of Israeli policies is not criticism of judaism.  All jews are evil = anti-semitism Israel,has engaged in illegal occupations = not anti-semitism",social-group,22,2.1283310497671026,2.4318181818181817,0.4090909090909091,0,0.4687906503677368
2806,"New travel ban makes sense to me. If the Country cannot provide relevant information they should not be allowed to enter, Muslim or otherwise.",social-group,23,2.127065630893372,1.6030245746691871,0.391304347826087,1,0.531209409236908
628,Dalton is not a crook!!! He is incompetent!!! Big Difference.,random,58,2.1220658663709395,1.36385255648038,0.41379310344827586,0,0.3775406777858734
2147,It's pretty sad that the Assistant Police Chief seems to accept that the scope of the term 'terrorism' is confined to terrorism carried out by Muslims.,social-group,24,2.1216535224393334,2.539930555555556,0.625,1,0.9626730680465698
3108,"And a boot smashing a human face, forever.",random,23,2.1137392619169884,2.650283553875236,0.4782608695652174,1,0.977022647857666
2718,Are you Obi Wan Kenobi? Is your next line to tell us that we will never find a more wretched hive of scum and villainy?,random,20,2.1037016960573482,2.15,0.45,0,0.08509904146194458
989,Can the Globe & Mail please hire staff who can write proper english and doesn't do their due diligence from conservative election ads? Harper has delivered 9 deficits in a row and 2015 will be a deficit year as well contrary to conservative claims.,random,57,2.1029334343823503,1.8781163434903045,0.3684210526315789,1,0.7549149990081787
2739,"...Move on and solve the issues in your community and stop seeing yourself as a victim.,,' same for Jewish community ?",social-group,24,2.1023037954930768,2.493055555555556,0.4583333333333333,1,0.9241418242454529
589,"You sound like you need to bone up on your WW2 history to see what was actually happening. There is simply no current comparison for what was going on, and the bombing (nuke and non-nuke alike) was necessary.",random,57,2.101928088293572,2.0523237919359802,0.42105263157894735,1,0.9046505093574524
100,Maybe it's time for the family owners to get off their lazy backsides and do the work themselves?,random,62,2.086605216789225,2.005463059313215,0.3548387096774194,1,0.977022647857666
942,And How many jihadists and sharia law proponents in the mix?,random,48,2.085303094277156,1.634982638888889,0.375,1,0.9046505093574524
1347,I wouldn't say that 'Being gay has nothing to do with being a pedarast.' Pederasty is a 'sub-set' of male homosexuality. So a pederast is a homosexual male while not all homosexual males are pederasts. So 'nothing to do with' is overstating it.,social-group,22,2.0837651410695517,2.1508264462809916,0.36363636363636365,0,0.29421496391296387
1916,"With 325,886, 603 people in the US (three seconds ago) and 'One birth every 8 seconds and One death every 11 seconds', one 'transgender' critter more or less is really irrelevant!  https://www.census.gov/popclock/",social-group,23,2.082737369647551,2.4234404536862004,0.43478260869565216,1,0.7772998809814453
2900,Do these girls face genital mutilation as they do in Islamic cultures?,social-group,23,2.071111001423678,2.2495274102079397,0.6956521739130435,1,0.9525741338729858
3058,"Islamist' terrorists, please, Guest997. Amid the carnage, butchery, and ignorance, we must use accurate terms and remain politically correct.",social-group,21,2.0698936164374757,2.435374149659864,0.38095238095238093,1,0.9241418242454529
484,"If we don't sell them the ordinance, some-one else will, has to be the laziest ethical cop out argument. Why not just say we will sell them the ordinance. All consequences be damned, and the devil take the...",random,61,2.0676399875140663,1.9473259876377318,0.3442622950819672,1,0.851952850818634
2612,Really?  They're not focusing on transgender bathroom rights and strong-arming universities to hire more women?  What will Justin talk about?,social-group,23,2.0668883271866694,1.4744801512287338,0.391304347826087,1,0.8175744414329529
143,There's always room for a second center-left party. Just no room for extreme right-wingers.,random,66,2.0593435255582038,1.7245179063360883,0.3484848484848485,1,0.622459352016449
3639,Yeah ... you also said that about Trump's first Muslim ban.  How did that work out?,social-group,23,2.054258150862612,1.4480151228733464,0.34782608695652173,1,0.9525741338729858
1560," A lesbian ,  a native,  and a Rabi are in a life boat ... '  Yadda yadda yadda",social-group,23,2.054258150862612,2.3137996219281662,0.5652173913043478,1,0.7057850360870361
1882,Great?  2 homosexual males using surrogate mother(2) produce another homosexual male or lesbian or more homosexual males and/or lesbians.,social-group,23,2.0527392854782978,2.336483931947069,0.7391304347826086,1,0.8933094143867493
3978,"No, I am perfectly correct. Paprocki's statement shows fear and loathing of gays. Pandora supports Paprocki's statement. Pandora ALWAYS supports conservative bishops when they are criticized -- always.   Once again, I speak the facts that Pandora would like to brush off.",social-group,21,2.0454501601528423,1.582766439909297,0.38095238095238093,1,0.977022647857666
1128,Please learn to read,random,52,2.0404644153641924,1.5014792899408285,0.36538461538461536,0,0.042087726294994354
607,Ascalepius: You should take a pill. You're irony deficient.,random,56,2.038078955766772,1.8252551020408159,0.35714285714285715,0,0.18242551386356354
1778,I’m trying to imagine you with a personality.,random,21,2.034709089239382,1.4421768707482994,0.3333333333333333,0,0.29421496391296387
785,JH....many of your posts are actually ramblings.,random,62,2.0320990256246265,1.7804370447450575,0.3225806451612903,0,0.24508501589298248
4417,And we also have the duty to avoid prostituting our Catholic identity by appeals to phony dialogue that mask an abdication of our moral witness.'  (Archbishop Chaput 2009)  What a nasty comment!,social-group,21,2.0280916850766384,1.6099773242630386,0.42857142857142855,0,0.3486451506614685
1877,Sorry about not saying Islam is in no conceivable way involved in these murders.,social-group,22,2.023803940206665,2.7045454545454546,0.4090909090909091,0,0.10669060051441193
4274,I didn't know Donald Trump is transgendered!,social-group,22,2.023803940206665,2.7871900826446283,0.45454545454545453,1,0.970687747001648
3788,"CGL can build pipelines in hell, rather than turn Earth into an inferno",random,23,2.020800094781482,2.1928166351606806,0.34782608695652173,0,0.10669060051441193
1737,Propaganda of homosexuality should be forbidden.,social-group,22,2.020727779800787,2.9669421487603302,0.45454545454545453,1,0.9626730680465698
1578,Steve Hewitt wrote that Islamophobia is a cause of Islamist terrorism.  What a perfect example of putting the cart before the horse.  It's far more likely that Islamist terrorism is the cause of Islamophobia.,social-group,24,2.0172269629944766,1.609375,0.2916666666666667,1,0.6791787147521973
3143,I think the percentage of Canadians he is offensive to is higher than your estimate. Even white males like myself are offended by this man.,random,23,2.0152756746782745,1.4177693761814745,0.30434782608695654,0,0.3486451506614685
389,Hudak is not responsible for the current financial mess in Ontario. Still journalists are after Hudak rather than the premier. They must be the pet-bull of the governing party.,random,53,2.011437950840957,1.3357066571733711,0.37735849056603776,1,0.9796676635742188
1634,It's because the editors don't know anything.,random,22,2.0060603254083382,1.5723140495867767,0.36363636363636365,1,0.531209409236908
1336,Nope.  Trump's campaign promise was a Muslim ban.,social-group,25,2.0027395395328305,2.3903999999999996,0.36,1,0.8933094143867493
451,"cberk, Common sense - you should try it sometime.",random,52,2.001717954713981,1.412352071005917,0.34615384615384615,1,0.6513549089431763
1082,"@ MJT Do you think being fired for a legal non-corporate tweet is appropriate? If yes, please let me know where you work so I can be sure to never apply for a job there.",random,60,1.9998428398862385,1.5030555555555556,0.35,1,0.9669140577316284
1112,What a laugh ... but apparently he's smart enough to lead our country ... how screwed up is that ?,random,54,1.9887985869395122,1.336076817558299,0.2777777777777778,1,0.9324532747268677
3161,"A Catholic Women's Strike is one of my dreams.  I would envision all the women, nationwide, refusing to do any work of any kind for the church, including attend Mass, starting on a Thursday and ending on a Monday morning.  Pick a date, I'm in.",social-group,23,1.9836369220739456,2.6805293005671076,0.391304347826087,1,0.5926666259765625
1731,"That is an utterly ridiculous thing to say, since these poor people were specifically targeted because they were members of the LGBT community.  That would be like saying that Adolf Hitler targeted 6 million people for death in concentration camps in WWII, and failing to mention that they were Jews.",social-group,21,1.9766480916739717,2.0589569160997727,0.3333333333333333,1,0.8175744414329529
3167,"There are probably valid moral arguments about banning transgendered persons from serving in the military.  This is not one of them, and reeks of adolescent moral reasoning. I'm surprised the Denver Post chose to publish it.",social-group,21,1.9766480916739717,1.6099773242630382,0.3333333333333333,1,0.7981867790222168
1500,“alternative facts” that are spread about Muslims by anti-Muslim bigots.  --- There you have it: everyone criticizing Islam or Muslim societies practices are bigots and their speech is 'alternative facts' or soon hate.,social-group,22,1.9698452580387984,1.9752066115702478,0.4090909090909091,1,0.9740425944328308
2196,I know! ISISists are EVERYWHERE!! Don't forget to check under your bed! (Harper has your broom closet covered) (lol),random,22,1.9681300137657638,2.107438016528926,0.4090909090909091,1,0.9669140577316284
2509,I thought that only trans genders shop at Target ?,social-group,24,1.9677648376739316,2.4149305555555554,0.7083333333333334,1,0.9796676635742188
4306,Young and bright....' are there no older homosexuals?,social-group,23,1.9666647687885894,1.9697542533081285,0.34782608695652173,1,0.9324532747268677
551,"The UN is an ineffectual and corrupt organization many of whose members are dictatorships. We have democratic elections which are fairly won, even if some don't like it. The people of Canada decide.",random,59,1.9608643659259515,1.636885952312554,0.3389830508474576,1,0.6513549089431763
458,Have they really? I like Canada - I just don't like the bigots.,random,52,1.957789629136571,1.7703402366863907,0.36538461538461536,1,0.9241418242454529
1811,"You do realize that Iran and Russia are allies, right?.... and that ISIS is Sunni muslim and one of its top goals is to eradicate Shia muslims (which the ruling group in Iran)? ISIS and Iran are sworn enemies.   Educate yourself!",social-group,24,1.9575187496394222,1.5260416666666667,0.25,1,0.9241418242454529
43,Mulroney's legacy whether you like him or not 1. North American Free Trade 2. GST if they are bad we had about 20 years to get rid of them so they must be good or we are lazy and incompetent grudgingly admit Mulroney left a legacy CHRETIEN left none,random,37,1.9495127000009742,1.3601168736303872,0.2972972972972973,1,0.622459352016449
3246,"Huh, maybe that's why lesbian sex is shown in straight porn and not considered homosexual porn.'  And you know this how?",social-group,24,1.9485863026426609,2.5677083333333335,0.3333333333333333,1,0.977022647857666
2753,"You are partially correct.  I looked at the charts again and indeed, racial crimes against blacks did exceed crimes against jews.  However, your assertion that  hate crimes against wiccans exceeded  hate crimes against jews is laughable.",social-group,24,1.936482383665439,1.5399305555555554,0.2916666666666667,1,0.7772998809814453
2301,Members of one religion bombing members of another...just as Christians killed Cathars or Catholics killed Protestants (and vice versa) years ago. Maybe absolute certitude that you are hearing the true teachings of God is not always a good thing.,social-group,22,1.9338169454856058,2.026859504132231,0.3181818181818182,0,0.2689414322376251
1742,How about keeping it to 'A nice Family moment' in a Disney film. Why does there have to be a Nice Gay Moment?,social-group,22,1.9338169454856058,2.5950413223140507,0.36363636363636365,1,0.9740425944328308
1263,Surely your not suggesting this man was invincibly ignorant of Catholic teaching or was compelled to behave in the way he did?,social-group,23,1.9311422645161294,1.3043478260869565,0.2608695652173913,0,0.03308597952127457
3060,"I am concerned that, whether they are conscious of it or not, the white men who would vote for Trump have never fully accepted women and people of color as equals...'  Not only these, but also LGBT folks and Jews, two other groups many of these white supremacist types hate.",social-group,22,1.9290908511188094,2.216942148760331,0.5454545454545454,1,0.9046505093574524
3934,It foments anti-Muslim animus.,social-group,18,1.9274512249645188,2.246913580246913,0.5,1,0.7981867790222168
2853,you mean a transgendered horse.,social-group,23,1.9257964794546463,2.3364839319470696,0.43478260869565216,1,0.9324532747268677
444,only if you are a liberal or a dipper,random,46,1.9251735116075492,1.565217391304348,0.2826086956521739,1,0.9525741338729858
937,"Another one jealous of the rich, did the toronto star send you over",random,56,1.9186827097443981,1.2318239795918369,0.32142857142857145,1,0.8933094143867493
2083,"Some Canadian milk producers - you do know that cheese is made with milk ? - are going to be squeezed.. And the Europeans want nothing to do with hormone beef. Strange people over there, eh?",random,24,1.9182958340544893,1.888888888888889,0.3333333333333333,1,0.9324532747268677
580,"Same drivel about low information voter, nobody buys that BS anymore, come up with something more tangible. What is unrealistic about building a wall? Again, spell it out.",random,55,1.9173556051827532,1.3441322314049589,0.23636363636363636,1,0.8175744414329529
486,"Your view is distorted by your politics, and by trying to get a job at McDonalds....",random,62,1.9067996227090787,1.9732049947970862,0.3548387096774194,1,0.8933094143867493
236,"Good, timely open protest of federal government policy. Conservative supporters will unfortunately condemn the message as anti-Semitic rather than a legitimate cry for peace.",random,64,1.9039768438070084,1.421630859375,0.265625,1,0.6513549089431763
2287,Your lack of Christian charity always amazes me.,social-group,24,1.9031071683628114,1.0260416666666667,0.3333333333333333,1,0.6791787147521973
3237,Every sperm is sacred? The little whimpers of each sperm must make you cry,moral,23,1.9010223772961141,1.34593572778828,0.2608695652173913,1,0.5926666259765625
441,"Dad, as he undoes his belt to deliver a (much needed) swat: go ahead and call them, son... the Liberals haven't made good on their vow yet!!",random,49,1.896839543340587,1.2444814660558101,0.24489795918367346,1,0.9669140577316284
1057,"Tin foil hat crowd, if the shoe fits & it seems to fit you well Jack.",random,55,1.8963517793760993,1.7077685950413228,0.3090909090909091,1,0.970687747001648
1050,"Some people do not have the courage that freedom requires. They will never feel safe, not matter what security measures are taken. Have you considered a closet?",random,59,1.8904584591160487,1.1692042516518244,0.23728813559322035,1,0.851952850818634
398,Troll. Hey Harper isn't PM.,random,53,1.8862128166028191,2.0768956924172306,0.3584905660377358,0,0.2018132209777832
842,This guy never signed up for Econ 101 in college...,random,60,1.8819991186047165,1.4475,0.2833333333333333,0,0.03308597952127457
3371,Would the transgendered adult male who now identifies as a prepubescent girl suffer from a psychological disorder in your opinion?,social-group,21,1.8814099964358764,1.619047619047619,0.23809523809523808,1,0.957912266254425
1002,If the boomers had paid their way we wouldn't have so much provincial and federal debt.,random,60,1.881242415200156,1.3988888888888886,0.23333333333333334,1,0.9669140577316284
2037,"Demographics would like to differ and tv ratings. Majority of blacks, Chinese, Jews and Flippinos prefer Basketball. These groups combined together represent a powerful force in demographics and  finance.",social-group,20,1.8804820237218405,1.4475,0.25,1,0.9740425944328308
3007,I agree......Jesus had cigars and bourbon with jazz playing for the social hour after the last supper......how quickly some folks forget.,social-group,23,1.8741838269462516,1.7769376181474477,0.43478260869565216,1,0.9626730680465698
2129,Where are the stories about retail businesses owned by homosexuals(or LGBT)? They have to be raking in the money.,social-group,23,1.8741838269462516,1.7088846880907373,0.30434782608695654,1,0.9740425944328308
745,Logical thinking is not a strong point with many in the G&M Commentariat,random,66,1.8690165300771575,1.2518365472910928,0.24242424242424243,0,0.3486451506614685
66,"Mr Paladin, the framers were, no doubt, well versed in the English language which you, evidently, are not. Try not to read things into a passage which exist neither in fact nor intent.",random,66,1.8690165300771575,1.3296602387511474,0.24242424242424243,1,0.6513549089431763
2455,I suppose that white men might also be transgendered so...,social-group,23,1.8546890001763978,1.8676748582230625,0.2608695652173913,1,0.957912266254425
2172,She is a 'blogger' not a journalist. This last piece will definitely not go 'viral'.Yawn...time for a popsicle.,random,23,1.8546890001763978,1.5198487712665407,0.2608695652173913,0,0.3486451506614685
1307,Slavery killed a lot more Africans than Nazism did Jews.'  How did you calculate this?,social-group,24,1.8489879890775276,2.581597222222222,0.375,1,0.9525741338729858
1339,"colon7, you are partially right. Religion is the problem. A minority of one religion.",random,24,1.8454372523105547,1.4166666666666667,0.20833333333333334,1,0.8933094143867493
139,Canada's evaluation process is really weak.,random,64,1.8441670948761433,1.55859375,0.265625,0,0.042087726294994354
2291,"The North Korean 'people' really don't have much say now, do they?  But yes...when we have a draft dodging, chickenhawk, wanna-be tough guy saber rattling and gambling with the lives of our military men and women...transgender, straight, or whatever...it doesn't help the situation...",social-group,22,1.8429078545765154,1.588842975206611,0.22727272727272727,1,0.9149009585380554
2668,"Apparently some of the trans-soldiers feel like they were fired via tweet. In any event, these sorts of communications are not fitting of a true leader. I find them shameful.",social-group,23,1.840725770865122,1.5198487712665407,0.21739130434782608,1,0.531209409236908
3005,"Lorna, what is your take on the story of the great deluge? In that scenario god euthanized most of the human race for being 'sinful'. Whether you consider it literal or allegorical it doesn't say much for the sanctity of human life by your creator.",moral,22,1.8383685150260662,1.2644628099173554,0.2727272727272727,1,0.9669140577316284
2884,No faith is required to not believe in fairies. No faith is required to not believe in unicorns. No faith is required to not believe in Apollo or Zeus. And no faith is required to not believe in your god either.,moral,22,1.8333208226910545,2.0433884297520652,0.2727272727272727,1,0.8807970285415649
