model,block,variant,condition,axis,phrase_tokens,n,mean_P_yes,pct_pred_offensive,mean_margin,mean_pred_entropy,attn_instruction_norm,attn_item_text_norm,attn_sink_raw,items_up,items_down,items_flat,mean_signed_delta,median_signed_delta,sd_signed_delta,mean_abs_delta,flip_rate,mean_delta_margin,mean_delta_entropy,attn_demographic_norm,spearman_entropy_vs_delta,p_delta_vs_zero,p_delta_vs_legacy_placebo,p_attn_vs_legacy_placebo,matched_placebo,p_delta_vs_matched,p_attn_vs_matched
Llama-3-1-8B-Instruct,-,-,baseline (no prefix),baseline,0,236,0.6423837809065768,0.6822033898305084,0.31769799238260266,0.5765740275349572,0.8672141972682069,0.13278576833890846,0.798109755930254,,,,,,,,,,,,,,,,,,
Llama-3-1-8B-Instruct,context,context,gender_woman,gender,5,236,0.8983149549339787,0.9745762711864406,0.4039845925645303,0.36153242534093566,0.7461925681673596,0.11475036885642055,0.7805921614675199,211.0,22.0,3.0,0.255931174027402,0.16010960936546326,0.2642992253167792,0.26612264239150335,0.2923728813559322,0.08628660018192762,-0.21504160219402169,0.13905708051014096,-0.2688162716966415,3.0725912800528764e-34,3.1775019320380862e-40,1.0273228499700718e-24,placebo_tok5,,
Llama-3-1-8B-Instruct,context,context,placebo_long,placebo,9,236,0.49671069271586266,0.4830508474576271,0.2547708120477244,0.700433776475703,0.7064268845265276,0.14329970005120493,0.7707748130216436,55.0,175.0,6.0,-0.14567308819071406,-0.12738399114459747,0.23756785416321552,0.21601606499585244,0.2923728813559322,-0.06292718033487829,0.12385974894074579,0.15027341901392957,0.10168207166057164,1.491893233572627e-16,,,placebo_tok9,,
Llama-3-1-8B-Instruct,context,context,placebo_mid,placebo,6,236,0.5200058850558411,0.4915254237288136,0.2861009343839014,0.6528780237708208,0.7299379756281977,0.14013064931289893,0.7763142515037019,76.0,155.0,5.0,-0.12237789585073558,-0.07840947806835169,0.24326912297101225,0.2030707935277783,0.2754237288135593,-0.031597057998701286,0.07630399623586358,0.12993135079181103,0.12739327726660366,5.398288845156267e-12,0.0771072716256876,9.102218844464113e-40,,,
Llama-3-1-8B-Instruct,context,context,region_arab_culture,region,9,236,0.930346567310014,0.9915254237288136,0.4337895320002305,0.291878866916125,0.7138597459851147,0.11622539448104573,0.7773069471625959,214.0,18.0,4.0,0.2879627864034373,0.17554509639739985,0.28808063374106124,0.2949927602578902,0.3093220338983051,0.11609153961762783,-0.28469516061883227,0.16991486795567268,-0.26280700112638616,1.6047099025398553e-35,2.625505411362419e-40,2.2117876419707445e-35,placebo_tok9,,
Llama-3-1-8B-Instruct,context,context,region_sinosphere,region,9,236,0.8967986483190019,0.9957627118644068,0.3975839582035097,0.43057049464372577,0.7110352391922903,0.12085578332672732,0.7761870652942334,190.0,41.0,5.0,0.2544148674124252,0.1554304659366607,0.285247668236595,0.2724695456908795,0.3135593220338983,0.07988596582090701,-0.1460035328912315,0.16810897583653878,-0.2605530209102522,7.163470123548662e-28,1.5362806793006263e-39,1.5746288792148352e-34,placebo_tok9,,
Llama-3-1-8B-Instruct,context,context,region_western_europe,region,7,236,0.8763019645870742,0.9576271186440678,0.38122024412377403,0.43044707256366826,0.7384160887598512,0.11316176421048767,0.7781346258470567,201.0,30.0,5.0,0.2339181836804975,0.15397691726684565,0.2564346806045623,0.24918898535197823,0.2838983050847458,0.06352225174117138,-0.14612695497128902,0.1484221622837342,-0.23804996980400656,2.4281456802476077e-30,2.7507577070786715e-39,0.20901108868660656,placebo_tok7,,
Llama-3-1-8B-Instruct,context,context_long,gender_woman,gender,5,236,0.9495832824100883,0.9957627118644068,0.449847768423921,0.2332305785271162,0.6707731758118367,0.11641479794893032,0.7657347611956677,222.0,12.0,2.0,0.3071995015035115,0.2156742215156555,0.2949856206928202,0.31132054997418646,0.3135593220338983,0.1321497760413183,-0.3433434490078411,0.21281201878968298,-0.2965043015782088,7.896246013870029e-38,1.8141833946522803e-40,4.894044966291399e-40,placebo_tok5,,
Llama-3-1-8B-Instruct,context,context_long,placebo_long,placebo,9,236,0.41849197182307113,0.2711864406779661,0.1683881412856123,0.8663615975014607,0.6192649209170936,0.14667960881061462,0.7597876471483102,55.0,174.0,7.0,-0.2238918090835056,-0.26301586627960205,0.2579609306600481,0.28998028694344213,0.4449152542372881,-0.14930985109699038,0.28978756996650346,0.23405544051676255,-0.05583733868812623,2.028065788160965e-24,,,placebo_tok9,,
Llama-3-1-8B-Instruct,context,context_long,placebo_mid,placebo,6,236,0.4498445058667685,0.3559322033898305,0.18093628091421926,0.8505334618363128,0.6315746126514198,0.14390654093282051,0.7632099412760492,63.0,172.0,1.0,-0.19253927503980822,-0.20808655023574824,0.27085610298714347,0.27902055274442594,0.4025423728813559,-0.13676171146838342,0.27395943430135566,0.22451887615485996,-0.04654700029125769,3.85059419686247e-19,3.756464900719153e-05,3.7738614654020265e-32,,,
Llama-3-1-8B-Instruct,context,context_long,region_arab_culture,region,9,236,0.9648355528459711,0.9957627118644068,0.46483555284597106,0.18451411917821023,0.6410097170022455,0.12016047630522408,0.76481484962722,226.0,9.0,1.0,0.32245177193939434,0.246874988079071,0.30672058740109287,0.32544597843661904,0.3135593220338983,0.1471375604633684,-0.392059908356747,0.2388298022309012,-0.2848711596590734,1.9186041759638505e-38,1.814238435582456e-40,1.5733139343437235e-09,placebo_tok9,,
Llama-3-1-8B-Instruct,context,context_long,region_sinosphere,region,9,236,0.900732906440557,1.0,0.40073290644055704,0.4316188265541998,0.638740789225972,0.1237445715646604,0.7628084954063771,182.0,46.0,8.0,0.2583491255339803,0.1497384905815124,0.2989412286234841,0.28047245171836627,0.3177966101694915,0.08303491405795436,-0.14495520098075748,0.2375146699622988,-0.25709324273900147,6.145584259947358e-26,1.8141467016057056e-40,7.280678191323981e-07,placebo_tok9,,
Llama-3-1-8B-Instruct,context,context_long,region_western_europe,region,7,236,0.9190586964457722,1.0,0.4190586964457722,0.34294465111734923,0.6628450279169912,0.11748562342569836,0.7630181921235586,210.0,25.0,1.0,0.2766749155391955,0.18776205182075495,0.2834623236095791,0.2854431659156867,0.3177966101694915,0.10136070406316953,-0.23362937641760806,0.2196693424410788,-0.2613209498000991,1.9128033426647478e-34,1.8139815918745376e-40,3.235247920911166e-35,placebo_tok7,,
Llama-3-1-8B-Instruct,structure,embedded,gender_man,gender,5,236,0.4827068780610038,0.4661016949152542,0.27062132609396444,0.6860927280432292,0.8492233875001798,0.126175022619596,0.8020640548508046,44.0,187.0,5.0,-0.15967690284557293,-0.12244401872158045,0.20674496507622897,0.19409108174258402,0.2669491525423729,-0.047076666288638186,0.10951870050827187,0.02460165984775949,-0.09049250447418193,4.2398336957700625e-24,1.814440266294487e-40,1.8145136647230349e-40,placebo_tok5,5.664618017517875e-37,1.8145136647230349e-40
Llama-3-1-8B-Instruct,matched|structure,embedded,gender_woman,gender,5,236,0.5349531700771492,0.5127118644067796,0.2828358677768354,0.6555120396959114,0.8476711044761149,0.12476847060358424,0.8013430237770081,82.0,147.0,7.0,-0.10743061082942759,-0.04479303956031795,0.2619993374637804,0.2062540565049118,0.288135593220339,-0.03486212460576729,0.07893801216095427,0.027560430987240054,-0.15890217607811355,4.054167858438807e-08,6.7879479094201974e-40,1.8145136647230349e-40,placebo_tok5,1.092067669675425e-20,1.8145136647230349e-40
Llama-3-1-8B-Instruct,structure,embedded,placebo_long,placebo,9,236,0.122863423468462,0.08898305084745763,0.4033993786191925,0.3206648111692163,0.8358894792838638,0.12133436433558824,0.8008259865692107,0.0,236.0,0.0,-0.5195203574381148,-0.5402338709682226,0.2903596617192975,0.5195203574381148,0.5932203389830508,0.08570138623658984,-0.25590921636574093,0.042776144200671475,-0.14389861290295045,1.814311826029011e-40,,,placebo_tok9,,
Llama-3-1-8B-Instruct,matched,embedded,placebo_tok4,placebo,4,236,0.3830809325129741,0.3432203389830508,0.27340647076666985,0.6579317888206998,0.8442411925571318,0.129056485187741,0.8006832405167111,43.0,191.0,2.0,-0.2593028483936026,-0.24637660384178162,0.3219844017969099,0.32814333882672175,0.423728813559322,-0.04429152161593279,0.08135776128574251,0.026702325160693707,-0.1851585062107562,9.515862181951641e-24,1.7929873238362084e-33,1.8145136647230349e-40,placebo_tok4,,
Llama-3-1-8B-Instruct,matched,embedded,placebo_tok5,placebo,5,236,0.7046308457709344,0.7415254237288136,0.3180615527286999,0.5784027076417586,0.8358774575847336,0.1277478588787059,0.8018953239513655,157.0,70.0,9.0,0.06224706486435764,0.0276243388652801,0.14411081905413453,0.10447889061297398,0.11016949152542373,0.000363560346097255,0.0018286801068013575,0.03637471557001345,-0.16216544406964128,1.8946511424301592e-10,1.8144219171409153e-40,1.885287971704063e-40,placebo_tok5,,
Llama-3-1-8B-Instruct,matched,embedded,placebo_tok7,placebo,7,236,0.5842538435087081,0.5932203389830508,0.2883911865735742,0.6475703837200725,0.8377253415041395,0.12747977518216527,0.8036683105816276,67.0,162.0,7.0,-0.058129937397868564,-0.04036659002304075,0.14212091230436408,0.10945190212460452,0.11440677966101695,-0.029306805809028443,0.07099635618511513,0.03479487251958934,0.042031003997037186,1.7228521439118428e-10,1.8143852193779926e-40,1.8145136647230349e-40,placebo_tok7,,
Llama-3-1-8B-Instruct,matched,embedded,placebo_tok9,placebo,9,236,0.122863423468462,0.08898305084745763,0.4033993786191925,0.3206648111692163,0.8358894792838638,0.12133436433558824,0.8008259865692107,0.0,236.0,0.0,-0.5195203574381148,-0.5402338709682226,0.2903596617192975,0.5195203574381148,0.5932203389830508,0.08570138623658984,-0.25590921636574093,0.042776144200671475,-0.14389861290295045,1.814311826029011e-40,,,placebo_tok9,,
Llama-3-1-8B-Instruct,matched|structure,embedded,region_arab_culture,region,9,236,0.630792129918996,0.6779661016949152,0.2991804813224254,0.6257061834451024,0.8261166038833156,0.12095096383905057,0.7988211984856654,114.0,119.0,3.0,-0.011591650987580675,-0.00528794527053825,0.2821638545452771,0.20530781116715427,0.2330508474576271,-0.01851751106017727,0.049132155910145144,0.05293244207385808,-0.0877337375968058,0.5175760348293676,4.7112300969627216e-40,1.8378065124149424e-40,placebo_tok9,4.7112300969627216e-40,1.8378065124149424e-40
Llama-3-1-8B-Instruct,matched|structure,embedded,region_western_europe,region,7,236,0.6824723686075816,0.75,0.26740424795928647,0.692816796899214,0.8386246653893272,0.12236129897266597,0.7987557023258532,127.0,101.0,8.0,0.040088587701004944,0.0157845020294189,0.20709888258139095,0.15061641546850235,0.15254237288135594,-0.05029374442331619,0.11624276936425683,0.039014051148208787,-0.17432611146905222,0.013130695341965285,1.8144219171409153e-40,1.3514830291231807e-34,placebo_tok7,1.0281081511014745e-13,1.9214148452252585e-37
Llama-3-1-8B-Instruct,matched,embedded,religion_muslim,religion,4,236,0.3514410444690145,0.3305084745762712,0.3128122924293366,0.5704766558757398,0.8421092413745425,0.12536344927899648,0.8023497298107309,36.0,196.0,4.0,-0.29094273643756224,-0.2681095600128174,0.31233779203315215,0.33670344420944137,0.4194915254237288,-0.0048856999532660315,-0.0060973716592175,0.03252731827259447,-0.04573577185020902,1.1711012007905453e-27,2.2398642872039596e-25,1.8145136647230349e-40,placebo_tok4,0.016889235027947144,1.510336917842194e-38
Llama-3-1-8B-Instruct,breadth,prefix,gender_man,gender,5,236,0.7200986804851031,0.7669491525423728,0.3214813434218956,0.568555467630064,0.8110989686153064,0.12998398070663145,0.7877518716505019,167.0,59.0,10.0,0.07771489957852634,0.0313101410865783,0.15645367802985807,0.11898642823384221,0.11864406779661017,0.0037833510392929516,-0.008018559904893276,0.05891702087342783,-0.09622484538868123,4.551331418368317e-13,1.650419717331287e-33,1.8145136647230349e-40,placebo_tok5,1.0728106994869687e-30,4.131155267291682e-26
Llama-3-1-8B-Instruct,breadth|matched,prefix,gender_woman,gender,5,236,0.701459311063291,0.7372881355932204,0.30293468526027845,0.6044965803708631,0.808328511392381,0.12866181753849834,0.786210890796225,141.0,88.0,7.0,0.05907553015671417,0.0215060412883758,0.17612675617047863,0.13029592934506548,0.1228813559322034,-0.014763307122324236,0.027922552835905716,0.06300966830795948,-0.09238428455797038,9.474012782472349e-06,9.950167449151495e-30,1.8145136647230349e-40,placebo_tok5,5.59323924491713e-23,2.6934187373109716e-40
Llama-3-1-8B-Instruct,breadth,prefix,identity_arab,identity,4,236,0.7274737278299438,0.7584745762711864,0.3150641063496597,0.5650807250793097,0.8024569391113586,0.1335387890821344,0.7887017252081532,162.0,67.0,7.0,0.08508994692336705,0.03475233912467955,0.19471343571666846,0.1498867328736489,0.1694915254237288,-0.002633886032943012,-0.011493302455647631,0.06400426820674363,-0.03522005343837409,9.000912714085397e-11,2.550684127062079e-32,1.8145136647230349e-40,placebo_tok4,2.5792103997913957e-21,1.8145136647230349e-40
Llama-3-1-8B-Instruct,breadth,prefix,identity_european,identity,4,236,0.7451322120693276,0.8050847457627118,0.31721016395268803,0.5823506483579836,0.8052166818167038,0.13661126836033322,0.7886222691859229,173.0,52.0,11.0,0.10274843116275083,0.05385872721672055,0.16604361616110785,0.13315457070120057,0.13983050847457626,-0.00048782842991463866,0.00577662082302635,0.058172066759870605,-0.1054353456772963,5.341746227557253e-18,1.0503604911472939e-35,1.8145136647230349e-40,placebo_tok4,6.606159006282176e-30,1.8145136647230349e-40
Llama-3-1-8B-Instruct,breadth,prefix,placebo_long,placebo,9,236,0.5340639266848438,0.5338983050847458,0.26878301875855204,0.686299494534571,0.7851770319993858,0.13737462312808676,0.7788600171521559,57.0,172.0,7.0,-0.10831985422173294,-0.0795609205961227,0.18555438303821045,0.1593441958302411,0.2076271186440678,-0.04891497362405062,0.10972546699961369,0.07744833181267392,0.050029169800960276,3.737559489414739e-16,,,placebo_tok9,,
Llama-3-1-8B-Instruct,breadth,prefix,placebo_mid,placebo,6,236,0.6865565285986384,0.7288135593220338,0.29850126533784854,0.6206748734738122,0.8100695521921394,0.13510240950375346,0.7878490451533916,138.0,88.0,10.0,0.04417274769206168,0.0188330113887786,0.17561711055524815,0.1286298317866305,0.15677966101694915,-0.01919672704475411,0.04410084593885498,0.05482803581027365,-0.04789141641970165,0.0006259665800381005,3.373917146275957e-31,1.8145136647230349e-40,,,
Llama-3-1-8B-Instruct,breadth,prefix,placebo_short,placebo,5,236,0.6384155521074594,0.711864406779661,0.24137414025805765,0.741397407331055,0.8020952702595165,0.13204718683555103,0.7859816414824987,94.0,133.0,9.0,-0.003968228799117311,-0.028797760605812,0.20431088329387748,0.15700146258350903,0.15677966101694915,-0.07632385212454502,0.16482337979609787,0.06585754115041317,-0.0622345324581157,0.31030607797609244,4.0889984959531226e-16,1.8145136647230349e-40,placebo_tok5,0.0002217394472805369,1.8145136647230349e-40
Llama-3-1-8B-Instruct,matched,prefix,placebo_tok4,placebo,4,236,0.6315242018534849,0.6779661016949152,0.2746048961860775,0.6789323640997375,0.8185372379201808,0.13209404689191656,0.7918808672387722,104.0,125.0,7.0,-0.010859579053091798,-0.013700410723686149,0.15049360531474967,0.114141654144278,0.1059322033898305,-0.043093096196525175,0.10235833656478015,0.04936873722930103,0.022122047641288143,0.12628357849033184,2.4810864871219816e-18,1.8145136647230349e-40,placebo_tok4,,
Llama-3-1-8B-Instruct,matched,prefix,placebo_tok5,placebo,5,236,0.5913891682590721,0.6313559322033898,0.28889018030426766,0.6532591363150829,0.8136187658094653,0.12867391441724735,0.7899233645806878,64.0,162.0,10.0,-0.05099461264750461,-0.03080341219902035,0.13148095393855042,0.10249148340011802,0.1016949152542373,-0.028807812078335014,0.07668510878012569,0.05770730060012269,0.019056490436374526,4.109958410393487e-10,1.405232756441578e-06,1.8145136647230349e-40,placebo_tok5,,
Llama-3-1-8B-Instruct,matched,prefix,placebo_tok7,placebo,7,236,0.6347714452136118,0.6652542372881356,0.3170771965820153,0.5846440218757906,0.8155947288180826,0.12789490292827657,0.7877375887612165,106.0,118.0,12.0,-0.007612335692964871,-0.0016774237155914,0.1583768526621681,0.10829713043235871,0.13559322033898305,-0.0006207958005873815,0.008069994340833239,0.05651040163640893,0.0891605356609449,0.2502212869518883,4.547392365736716e-20,1.8145136647230349e-40,placebo_tok7,,
Llama-3-1-8B-Instruct,matched,prefix,placebo_tok9,placebo,9,236,0.5340639266848438,0.5338983050847458,0.26878301875855204,0.686299494534571,0.7851770319993858,0.13737462312808676,0.7788600171521559,57.0,172.0,7.0,-0.10831985422173294,-0.0795609205961227,0.18555438303821045,0.1593441958302411,0.2076271186440678,-0.04891497362405062,0.10972546699961369,0.07744833181267392,0.050029169800960276,3.737559489414739e-16,,,placebo_tok9,,
Llama-3-1-8B-Instruct,breadth|matched,prefix,region_arab_culture,region,9,236,0.7865859379486765,0.8771186440677966,0.3336468067935715,0.5391145390588572,0.7641293374917534,0.13884111719359543,0.7802442572379517,171.0,60.0,5.0,0.14420215704209977,0.0732659995555877,0.24364811202071285,0.20213842730558776,0.23728813559322035,0.015948814410968844,-0.037459488476100124,0.09702951971590378,-0.14099320701181842,4.329912077871078e-16,1.1790185173800788e-36,1.8145136647230349e-40,placebo_tok9,1.1790185173800788e-36,1.8145136647230349e-40
Llama-3-1-8B-Instruct,breadth,prefix,region_indian_cultural_sphere,region,9,236,0.7275589880044178,0.8008474576271186,0.3056721683528464,0.6020071217368923,0.7590899403055228,0.14821602155416336,0.778382294511391,153.0,72.0,11.0,0.08517520709784102,0.0312433093786239,0.23086148637066614,0.17323874820307908,0.17796610169491525,-0.012025824029756306,0.025433094201935135,0.0926940548519833,-0.08026208128986664,3.26803431204726e-07,1.4366348704114372e-31,2.2536122037363856e-40,placebo_tok9,1.4366348704114372e-31,2.2536122037363856e-40
Llama-3-1-8B-Instruct,breadth,prefix,region_latin_america,region,7,236,0.8584218393948119,0.9449152542372882,0.3715180552611917,0.4406601071815312,0.7796917010666076,0.13461134163468963,0.7821041072829295,200.0,28.0,8.0,0.21603805848823512,0.11971473693847655,0.23763082161167193,0.22655573625401673,0.2711864406779661,0.05382006287858899,-0.1359139203534261,0.08569696464262402,-0.21865142589144806,4.515694993734325e-32,3.5059678089066484e-40,6.46248081892675e-36,placebo_tok7,9.523065349899344e-35,1.8145136647230349e-40
Llama-3-1-8B-Instruct,breadth,prefix,region_north_america,region,7,236,0.7440745582077968,0.8008474576271186,0.3176116903896554,0.5791628716406914,0.8030125034717012,0.13027219050302483,0.7845749488826526,169.0,54.0,13.0,0.10169077730122006,0.04147294163703915,0.17183487588998292,0.13851614652390956,0.1440677966101695,-8.630199294727574e-05,0.0025888441057340416,0.06671530511194187,-0.13908651967416188,8.4287699711209535e-16,1.452513796919966e-36,1.8145136647230349e-40,placebo_tok7,1.1264099794226094e-24,1.8378065124149424e-40
Llama-3-1-8B-Instruct,breadth,prefix,region_oceania,region,8,236,0.7442595694466667,0.8008474576271186,0.30649211109315944,0.5989891608451144,0.7949012063635479,0.13381288180881645,0.7840088550317086,160.0,72.0,4.0,0.10187578854009004,0.0404645204544067,0.1895618781061137,0.15214552177053134,0.1694915254237288,-0.011205881289443234,0.022415133310157265,0.07128592677477531,-0.11558445115490526,2.03576135752421e-12,1.6819003231217128e-37,9.310408847196566e-38,,,
Llama-3-1-8B-Instruct,breadth,prefix,region_sinosphere,region,9,236,0.7197165949806824,0.8177966101694916,0.2835368472703938,0.668424115894248,0.7735026600542209,0.14353765316212075,0.7835181792408733,129.0,94.0,13.0,0.07733281407410562,0.02192667126655575,0.20101903611733815,0.15283258659449422,0.1694915254237288,-0.034161145112208906,0.09185008835929072,0.0829596774443171,-0.1014205875020959,8.659331974733769e-06,1.0543280939344468e-32,9.307572844472058e-25,placebo_tok9,1.0543280939344468e-32,9.307572844472058e-25
Llama-3-1-8B-Instruct,breadth,prefix,region_sub_saharan_africa,region,9,236,0.888882180896856,0.961864406779661,0.3998849755626614,0.38879428510102326,0.7805313043522414,0.13450929178979762,0.7822110615039276,206.0,26.0,4.0,0.24649839999027928,0.15401184558868405,0.2680340775810026,0.25749381959154194,0.2796610169491525,0.08218698318005871,-0.18777974243393394,0.08495940252894874,-0.24061948863946414,4.1034998755936754e-33,2.9686220123968983e-40,1.286219849312606e-33,placebo_tok9,2.9686220123968983e-40,1.286219849312606e-33
Llama-3-1-8B-Instruct,breadth|matched,prefix,region_western_europe,region,7,236,0.7771904304055339,0.8347457627118644,0.331167084969959,0.5380353736239055,0.7997350913288709,0.1297876043733262,0.7846980256549383,184.0,47.0,5.0,0.13480664949895718,0.0753945112228393,0.19270928218697872,0.16342875452207054,0.1694915254237288,0.013469092587356336,-0.038538653911051705,0.070477293092325,-0.1469846040504327,1.1237449226972285e-21,1.5028692784416702e-37,4.771432864689281e-40,placebo_tok7,3.5341799367484187e-28,1.8145136647230349e-40
Llama-3-1-8B-Instruct,breadth,prefix,religion_christian,religion,4,236,0.7174233888173318,0.7754237288135594,0.326717321851717,0.5558902956559865,0.8102464889782739,0.13096866463343823,0.7884032476251408,165.0,60.0,11.0,0.07503960791075506,0.03274458646774285,0.15632181151973995,0.11859071755513421,0.11016949152542373,0.009019329469114289,-0.02068373187897081,0.0587848277071238,0.0013361995979494865,2.8485889659345758e-12,2.3427341257421418e-32,1.8145136647230349e-40,placebo_tok4,1.0987651190020139e-21,1.8145136647230349e-40
Llama-3-1-8B-Instruct,breadth|matched,prefix,religion_muslim,religion,4,236,0.6484305932747902,0.6779661016949152,0.31419032272809755,0.5932321139673932,0.7902708491455298,0.1359854268901059,0.7890465572728949,116.0,111.0,9.0,0.006046812368213527,0.0,0.24931014123701034,0.1764392306119543,0.1906779661016949,-0.0035076696545051343,0.016658086432435982,0.0737437476595818,0.021879960146510554,0.9585359031261357,3.8955233451339256e-14,1.330402219074576e-19,placebo_tok4,0.2473039007485086,1.8145136647230349e-40
Llama-3-1-8B-Instruct,structure,reworded,gender_man,gender,5,236,0.6961050832060055,0.75,0.3109846988582384,0.586082948136634,0.7982891769464827,0.12705261917007737,0.7846168812553761,151.0,70.0,15.0,0.05372130229942878,0.02415098622441285,0.1487576928908415,0.10923394507144464,0.11864406779661017,-0.006713293524364295,0.009508920601676666,0.07465821888217733,-0.06141335499156247,1.5041707345049017e-07,4.591778712607297e-34,1.8145136647230349e-40,placebo_tok5,1.1428109839635502e-37,1.565730922035653e-35
Llama-3-1-8B-Instruct,matched|structure,reworded,gender_woman,gender,5,236,0.6613102948482511,0.690677966101695,0.29049381419574305,0.6345727604265445,0.7962426703072809,0.12581375359781283,0.7838037435786199,117.0,109.0,10.0,0.018926513941674415,0.0,0.16797333093676087,0.12014580229928683,0.1271186440677966,-0.02720417818685962,0.05799873289158724,0.07794358680465392,-0.06701919348333318,0.2653717213577581,5.366372402396727e-30,1.8145136647230349e-40,placebo_tok5,1.9248869643463774e-34,1.5662250187390814e-39
Llama-3-1-8B-Instruct,structure,reworded,placebo_long,placebo,9,236,0.5028447112644691,0.5254237288135594,0.2521964152130472,0.7203683988064272,0.7792259337450649,0.13295769550621092,0.7783443604485464,47.0,180.0,9.0,-0.1395390696421076,-0.11789637152105564,0.18667204728790995,0.17928598411144467,0.1906779661016949,-0.06550157716955547,0.14379437127147002,0.08781635978168681,0.05756924626963377,6.465286273789529e-22,,,placebo_tok9,,
Llama-3-1-8B-Instruct,matched,reworded,placebo_tok4,placebo,4,236,0.584170866473499,0.6228813559322034,0.248946017980323,0.7331369167374444,0.8054712257877523,0.12782777112311666,0.7888100766024347,76.0,148.0,12.0,-0.05821291443307773,-0.04789441078901285,0.16473912352495873,0.13246694870956113,0.15254237288135594,-0.06875197440227968,0.1565628892024871,0.06670099139811338,0.023534266985232987,1.1159799309481493e-07,2.294289326079125e-15,1.8145136647230349e-40,placebo_tok4,,
Llama-3-1-8B-Instruct,matched,reworded,placebo_tok5,placebo,5,236,0.46593127073128154,0.4745762711864407,0.2794346540231037,0.654113164444876,0.801681834074723,0.12601573064008006,0.7871681820538085,19.0,212.0,5.0,-0.17645251017529517,-0.13632924854755396,0.17119575458084482,0.18434980583290364,0.21610169491525424,-0.03826333835949899,0.07753913690991869,0.07230238384963705,-0.03680574116295012,2.1021240691108102e-35,0.0005143676709847335,1.8145136647230349e-40,placebo_tok5,,
Llama-3-1-8B-Instruct,matched,reworded,placebo_tok7,placebo,7,236,0.5555804290619316,0.5677966101694916,0.2990364680240341,0.6195104741566613,0.8041665699692514,0.12653544238563738,0.7857915072117821,50.0,178.0,8.0,-0.08680335184464513,-0.0491299629211425,0.16046924748250632,0.12670816403766302,0.13983050847457626,-0.018661524358568552,0.04293644662170401,0.0692979798410803,0.1430868571069975,1.345028052918575e-16,1.1336732167987073e-08,1.8145136647230349e-40,placebo_tok7,,
Llama-3-1-8B-Instruct,matched,reworded,placebo_tok9,placebo,9,236,0.5028447112644691,0.5254237288135594,0.2521964152130472,0.7203683988064272,0.7792259337450649,0.13295769550621092,0.7783443604485464,47.0,180.0,9.0,-0.1395390696421076,-0.11789637152105564,0.18667204728790995,0.17928598411144467,0.1906779661016949,-0.06550157716955547,0.14379437127147002,0.08781635978168681,0.05756924626963377,6.465286273789529e-22,,,placebo_tok9,,
Llama-3-1-8B-Instruct,matched|structure,reworded,region_arab_culture,region,9,236,0.766834227668153,0.8559322033898306,0.3186612634809088,0.5753736189440065,0.7544842931015799,0.13336144249637732,0.7801766024302628,162.0,68.0,6.0,0.1244504467615763,0.0585694313049316,0.23211713322697314,0.1886093913324935,0.2245762711864407,0.0009632710983061081,-0.001200408590950781,0.11215425048894433,-0.13279762845182758,2.4124565924583676e-13,3.1976408698280468e-37,1.8145136647230349e-40,placebo_tok9,3.1976408698280468e-37,1.8145136647230349e-40
Llama-3-1-8B-Instruct,matched|structure,reworded,region_western_europe,region,7,236,0.7512230038706024,0.8220338983050848,0.31634692023745026,0.5828423482704114,0.7918848971254298,0.12579522205483692,0.7838397319033995,174.0,54.0,8.0,0.10883922296402565,0.051477164030075045,0.18223011481231552,0.146922549351229,0.17372881355932204,-0.0013510721451524064,0.00626832073545416,0.0823198841759787,-0.13600656441234613,1.6128916736762317e-17,1.2729924132803107e-38,1.9867248693363977e-36,placebo_tok7,2.893227862217628e-35,1.8145136647230349e-40
Llama-3-1-8B-Instruct,matched,reworded,religion_muslim,religion,4,236,0.6023040975798444,0.635593220338983,0.3006858127358147,0.6344568900608163,0.7730535518476992,0.13394162189287637,0.7857482132770247,81.0,144.0,11.0,-0.04007968332673228,-0.033870283514261204,0.2420105892041999,0.17522924577398521,0.1906779661016949,-0.01701217964678801,0.05788286252585892,0.09300483145291089,0.09928330615641853,0.0009248291920947216,2.2584065695822488e-11,2.087824101796395e-26,placebo_tok4,0.25248945266438827,1.8145136647230349e-40
Llama-3-1-8B-Instruct,structure,suffix,gender_man,gender,5,236,0.36710041674900745,0.3432203389830508,0.312211282027173,0.591168853252048,0.7332139714505614,0.12322765805376441,0.7841974868107651,0.0,235.0,1.0,-0.27528336415756927,-0.24527025222778315,0.1920732392579891,0.27528336415756927,0.3389830508474576,-0.0054867103554296385,0.01459482571709071,0.1435583501701747,0.005323983305448366,2.645320280642855e-40,8.338430034104826e-34,2.8703637783629938e-40,placebo_tok5,6.20631771912423e-35,5.590582825203327e-06
Llama-3-1-8B-Instruct,matched|structure,suffix,gender_woman,gender,5,236,0.3409274070902522,0.3135593220338983,0.3051617138513948,0.6076804850446007,0.7223824617536544,0.12205916246328007,0.7831538872698606,2.0,233.0,1.0,-0.3014563738163245,-0.2814408838748932,0.20089997851682106,0.3029687416629266,0.3686440677966102,-0.012536278531207862,0.03110645750964352,0.15555836922935193,-0.0035377635719460445,8.241733584110595e-40,3.205361266261754e-30,3.324055169319987e-13,placebo_tok5,1.0560047931246122e-34,1.290448376187318e-26
Llama-3-1-8B-Instruct,structure,suffix,placebo_long,placebo,9,236,0.21198304357910844,0.17796610169491525,0.3548259176264549,0.46065953540830706,0.7109645968718562,0.1273100230911584,0.7823412532018403,0.0,236.0,0.0,-0.4304007373274683,-0.4411506652832031,0.23875577881672602,0.4304007373274683,0.5042372881355932,0.037127925243852215,-0.11591449212665016,0.161725401334095,-0.0047885363626342945,1.8141283553544654e-40,,,placebo_tok9,,
Llama-3-1-8B-Instruct,matched,suffix,placebo_tok4,placebo,4,236,0.33649683085796067,0.3008474576271186,0.3227078734186253,0.564752226159818,0.7286599869958664,0.12608674735600983,0.788616274625568,1.0,234.0,1.0,-0.30588695004861605,-0.2802584506571293,0.2007000691411871,0.30607665243822,0.3813559322033898,0.005009881036022649,-0.011821801375139343,0.14525326389887888,0.08861776185154219,2.8932488224569727e-40,1.4422413103097368e-34,2.5586351629131474e-39,placebo_tok4,,
Llama-3-1-8B-Instruct,matched,suffix,placebo_tok5,placebo,5,236,0.516504145371412,0.5042372881355932,0.29469546767038496,0.6343536842850996,0.7387872122754158,0.11579954785663485,0.7820390687655594,6.0,226.0,4.0,-0.12587963553516476,-0.10544675588607785,0.10409987805728997,0.12785345130260653,0.17796610169491525,-0.023002524712217684,0.05777965675014235,0.14541325959116447,0.1569547278388929,2.8583577252358933e-38,1.8143668707686385e-40,2.114505887204474e-40,placebo_tok5,,
Llama-3-1-8B-Instruct,matched,suffix,placebo_tok7,placebo,7,236,0.3167044669072789,0.2966101694915254,0.3204553705972858,0.5640483013544005,0.735632026425752,0.12235731400529055,0.7807714224366819,0.0,236.0,0.0,-0.32567931399929784,-0.3116510212421417,0.19554134566214545,0.32567931399929784,0.3855932203389831,0.0027573782146831614,-0.012525726180556718,0.14201068618207527,0.031850016604817954,1.8139082144875897e-40,2.727044211934724e-32,2.1969099023504904e-40,placebo_tok7,,
Llama-3-1-8B-Instruct,matched,suffix,placebo_tok9,placebo,9,236,0.21198304357910844,0.17796610169491525,0.3548259176264549,0.46065953540830706,0.7109645968718562,0.1273100230911584,0.7823412532018403,0.0,236.0,0.0,-0.4304007373274683,-0.4411506652832031,0.23875577881672602,0.4304007373274683,0.5042372881355932,0.037127925243852215,-0.11591449212665016,0.161725401334095,-0.0047885363626342945,1.8141283553544654e-40,,,placebo_tok9,,
Llama-3-1-8B-Instruct,matched|structure,suffix,region_arab_culture,region,9,236,0.368019927835676,0.326271186440678,0.28859083382294404,0.6400210245325306,0.6888873488892733,0.11966812670652772,0.7829222850880381,9.0,225.0,2.0,-0.2743638530709007,-0.26358531042933464,0.21292021611968548,0.28350203560262727,0.3728813559322034,-0.02910715855965863,0.06344699699757338,0.1914445279880258,-0.0033083803019108744,1.6459471614664987e-37,8.521827165180223e-28,1.8145136647230349e-40,placebo_tok9,8.521827165180223e-28,1.8145136647230349e-40
Llama-3-1-8B-Instruct,matched|structure,suffix,region_western_europe,region,7,236,0.4678407122570453,0.4449152542372881,0.24860476254943317,0.734835498074725,0.7256374164185002,0.12095802737636006,0.78309252252013,19.0,216.0,1.0,-0.17454306864953142,-0.16048809885978693,0.15065255289832416,0.1838807062072269,0.2542372881355932,-0.0690932298331695,0.15826147053976786,0.1534045566240206,-0.007030588985038308,1.155496164572903e-35,9.335738443469038e-39,4.653518079622139e-27,placebo_tok7,5.938629259668178e-34,1.379738790933856e-37
Llama-3-1-8B-Instruct,matched,suffix,religion_muslim,religion,4,236,0.22307283065206088,0.1483050847457627,0.33612813914096784,0.5020626679204867,0.7301957955437357,0.12331697178601236,0.7875144087662131,1.0,235.0,0.0,-0.4193109502545158,-0.4512944370508194,0.23502506885582064,0.4195693406831721,0.5338983050847458,0.018430146758365212,-0.07451135961447056,0.146487253664491,-0.030579722648684263,2.0348473865951052e-40,0.16864100662586257,5.852931015017508e-39,placebo_tok4,2.0285281785618594e-24,0.09036668935245204
Qwen2-5-7B-Instruct,-,-,baseline (no prefix),baseline,0,64,0.45808107862831093,0.484375,0.3386141388618853,0.5513647192713165,0.8472957303208153,0.15270425507054852,0.6624140543863177,,,,,,,,,,,,,,,,,,
Qwen2-5-7B-Instruct,context,context,gender_woman,gender,5,64,0.9202606121834833,0.9375,0.46856838252278976,0.1054337956094745,0.7574827505780265,0.1267527409367108,0.6465093763545156,61.0,3.0,0.0,0.4621795335551724,0.45295214653015137,0.39518604198917373,0.4980488024302758,0.484375,0.12995424366090444,-0.4459309236618419,0.11576449407780513,-0.09290824800854065,1.4237025324544866e-10,1.1786145976602077e-05,3.5254980732707413e-12,placebo_tok5,,
Qwen2-5-7B-Instruct,context,context,placebo_long,placebo,9,64,0.7527681350475177,0.828125,0.32102112437132746,0.519402049521706,0.7812237170061436,0.12554412044475186,0.6424915893003345,50.0,13.0,1.0,0.2946870564192068,0.3281402587890625,0.389575778745176,0.40105934042367153,0.46875,-0.017593014490557855,-0.031962669749610456,0.09323212898858542,0.022792055419542195,1.437948640626672e-06,,,placebo_tok9,,
Qwen2-5-7B-Instruct,context,context,placebo_mid,placebo,6,64,0.9116057965438813,0.96875,0.43019561958499253,0.24636385581813286,0.7915927129600906,0.1247739537599967,0.6446549678221345,59.0,5.0,0.0,0.45352471791557036,0.45034217834472656,0.368513568762381,0.4768002069031354,0.484375,0.0915814807231072,-0.30500086345318356,0.08363334235950065,-0.031045377568147733,9.575552802954846e-11,1.559533893474176e-08,3.5254980732707413e-12,,,
Qwen2-5-7B-Instruct,context,context,region_arab_culture,region,9,64,0.9783988557755947,0.984375,0.47937414795160294,0.0667753998822586,0.7360500782056051,0.12198523624292934,0.6460003722459078,64.0,0.0,0.0,0.5203177771472838,0.4843945205211639,0.3569560273832731,0.5203177771472838,0.5,0.14076000908971759,-0.4845893193890578,0.14196470129652644,-0.10877578591124,3.524525876669976e-12,5.422708539972835e-12,3.5254980732707413e-12,placebo_tok9,,
Qwen2-5-7B-Instruct,context,context,region_sinosphere,region,9,64,0.9470938723534346,0.9375,0.46524869091808796,0.09419360534288866,0.7473933622823501,0.12377857067375392,0.6429920485243201,63.0,1.0,0.0,0.48901279372512363,0.45862051006406546,0.3809185611276588,0.514173505915096,0.484375,0.12663455205620266,-0.45717111392842774,0.12882805401544012,-0.09926276990490024,2.3755292002608453e-11,4.81201317247777e-08,3.5254980732707413e-12,placebo_tok9,,
Qwen2-5-7B-Instruct,context,context,region_western_europe,region,7,64,0.9569254670350347,0.953125,0.48259866758598946,0.05116284630083197,0.7511466399404576,0.1246298962618907,0.6467212876304984,63.0,1.0,0.0,0.49884438840672374,0.45435773581266403,0.39016903524551894,0.5243253798107617,0.5,0.14398452872410414,-0.5002018729704845,0.1242234788933502,-0.09610431239396577,2.2692097553240844e-11,5.913402150675955e-09,3.5254980732707413e-12,placebo_tok7,,
Qwen2-5-7B-Instruct,context,context_long,gender_woman,gender,5,64,0.9639189678709954,0.953125,0.4839595810044557,0.052702027658703875,0.7019732032932419,0.12510032451112219,0.6393999857828021,63.0,1.0,0.0,0.5058378892426845,0.4687878489494324,0.38404042715410586,0.5256862932292279,0.5,0.14534544214257034,-0.49866269161261256,0.1729264838592486,-0.11375682576043335,1.804833476020161e-11,8.651238827381761e-10,3.5254980732707413e-12,placebo_tok5,,
Qwen2-5-7B-Instruct,context,context_long,placebo_long,placebo,9,64,0.6123444101640416,0.625,0.32850810337276926,0.5469654319243098,0.7333900192833773,0.12724771813243774,0.6357881501317024,44.0,17.0,3.0,0.15426333153573069,0.05865000188350675,0.3996718863418965,0.31529311319627595,0.390625,-0.010106035489116049,-0.004399287347006663,0.13936225900259436,0.005082883047898158,0.0043013562111078995,,,placebo_tok9,,
Qwen2-5-7B-Instruct,context,context_long,placebo_mid,placebo,6,64,0.7857557110255584,0.8125,0.3621195942396298,0.423318813613412,0.7448599059701342,0.12436383517096576,0.6385433869436383,54.0,10.0,0.0,0.3276746323972475,0.3054047897458076,0.39483473387978824,0.40617921340162866,0.453125,0.023505455377744483,-0.1280459056579044,0.13077627180442883,-0.013931658184622225,9.468285382808282e-08,1.4817299325486246e-07,3.5254980732707413e-12,,,
Qwen2-5-7B-Instruct,context,context_long,region_arab_culture,region,9,64,0.9994026711210608,1.0,0.49940267112106085,0.005024875965597354,0.6847797065517025,0.1209706655488817,0.6396157182753086,64.0,0.0,0.0,0.5413215924927499,0.5612293034791946,0.3627322614193901,0.5413215924927499,0.515625,0.16078853225917555,-0.546339843305719,0.19424961916581446,-0.1824249293201475,3.5230680440654326e-12,4.6813236616101465e-12,3.5254980732707413e-12,placebo_tok9,,
Qwen2-5-7B-Instruct,context,context_long,region_sinosphere,region,9,64,0.9796164479339495,0.984375,0.49432544072624296,0.029845462226428213,0.6938100942480323,0.12289171650784303,0.6361714322119951,63.0,1.0,0.0,0.5215353693056386,0.5612276345491409,0.3921622841984296,0.5461685633927118,0.53125,0.15571130186435764,-0.5215192570448883,0.183298172433437,-0.12541356138702328,2.0703578137316594e-11,6.134788039496957e-11,3.5254980732707413e-12,placebo_tok9,,
Qwen2-5-7B-Instruct,context,context_long,region_western_europe,region,7,64,0.9696524076061905,0.96875,0.4944965981048881,0.026616299942102892,0.6967258247303079,0.12345270397661356,0.6380247445777059,63.0,1.0,0.0,0.5115713289778796,0.48439511656761164,0.39483398632838645,0.5370213839269127,0.515625,0.1558824592430028,-0.5247484193292136,0.17982144272385492,-0.09159282920183448,2.168107369201667e-11,3.394024791031496e-10,3.5254980732707413e-12,placebo_tok7,,
Qwen2-5-7B-Instruct,structure,embedded,gender_man,gender,5,64,0.6058770461240783,0.65625,0.29196604469325393,0.6194572198345059,0.8370573242217789,0.13678569924421516,0.6658654902130365,47.0,15.0,2.0,0.1477959674957674,0.116806898266077,0.28465038353545036,0.2470928032125812,0.234375,-0.04664809416863137,0.06809250056318947,0.02615694659313641,-0.08567340168752073,0.0001915539981898442,3.284375795404418e-10,3.5254980732707413e-12,placebo_tok5,0.533114327223358,3.5254980732707413e-12
Qwen2-5-7B-Instruct,matched|structure,embedded,gender_woman,gender,5,64,0.604821338201873,0.578125,0.2938891790108755,0.6048527570977316,0.840721765550194,0.13075201283413918,0.6637637531384826,48.0,14.0,2.0,0.14674025957356207,0.17636355757713315,0.3348042570855365,0.2892812278296333,0.3125,-0.04472495985100979,0.05348803782641519,0.028526242755140784,-0.0014653188786691623,0.0006643182222694437,1.20677898265185e-09,3.5254980732707413e-12,placebo_tok5,0.7380964245381774,1.1923971044889973e-11
Qwen2-5-7B-Instruct,structure,embedded,placebo_long,placebo,9,64,0.17730821451095832,0.09375,0.36714092115016683,0.4358590054521879,0.8439088198470193,0.11539886076721165,0.6559570161625743,10.0,54.0,0.0,-0.2807728641173526,-0.20729942619800565,0.37006029739444557,0.35790900059237174,0.453125,0.028526782288281552,-0.11550571381912851,0.04069232804274403,-0.20534365148135472,1.3660693475260696e-07,,,placebo_tok9,,
Qwen2-5-7B-Instruct,matched,embedded,placebo_tok4,placebo,4,64,0.38889048277633265,0.3125,0.2636400402407162,0.6962354253634198,0.8485464309535852,0.1298911166367879,0.6617041612043977,28.0,33.0,3.0,-0.06919059585197829,-0.0190149620175361,0.32826955430545773,0.2489675048564095,0.328125,-0.0749740986211691,0.14487070609210329,0.02156246209594917,-0.09252220899349756,0.18037943709807147,1.5738056269363798e-06,3.5254980732707413e-12,placebo_tok4,,
Qwen2-5-7B-Instruct,matched,embedded,placebo_tok5,placebo,5,64,0.6078831420745701,0.609375,0.2755790075752884,0.6665863064139068,0.8406529228515354,0.12682663941492212,0.6584653304889798,50.0,12.0,2.0,0.14980206344625913,0.1171243861317634,0.2719849379408658,0.23585138222551905,0.25,-0.06303513128659688,0.11522158714259041,0.032520459807908776,-0.036552837340551834,2.0511114098686707e-05,1.6239164083719176e-10,3.5254980732707413e-12,placebo_tok5,,
Qwen2-5-7B-Instruct,matched,embedded,placebo_tok7,placebo,7,64,0.5746027230052277,0.625,0.24447294336277992,0.7441618399237133,0.8415128657273169,0.12857420031623906,0.6607108125463128,44.0,19.0,1.0,0.11652164437691681,0.15129432827234265,0.3270038274646322,0.28449284748057835,0.296875,-0.09414119549910538,0.1927971206523969,0.029912909023662376,0.01847633221855404,0.004168294822814172,2.305233895822418e-10,3.5254980732707413e-12,placebo_tok7,,
Qwen2-5-7B-Instruct,matched,embedded,placebo_tok9,placebo,9,64,0.17730821451095832,0.09375,0.36714092115016683,0.4358590054521879,0.8439088198470193,0.11539886076721165,0.6559570161625743,10.0,54.0,0.0,-0.2807728641173526,-0.20729942619800565,0.37006029739444557,0.35790900059237174,0.453125,0.028526782288281552,-0.11550571381912851,0.04069232804274403,-0.20534365148135472,1.3660693475260696e-07,,,placebo_tok9,,
Qwen2-5-7B-Instruct,matched|structure,embedded,region_arab_culture,region,9,64,0.6720208739279769,0.671875,0.3032775344909169,0.5798191823526221,0.8218487255600935,0.12029205818027924,0.663666307926178,49.0,15.0,0.0,0.213939795299666,0.1773615591228008,0.41394689585641453,0.37094332175911404,0.46875,-0.03533660437096843,0.028454463081305642,0.05785919377059478,-0.02798923932736347,0.00018038436239736801,9.454791110133021e-12,3.5254980732707413e-12,placebo_tok9,9.454791110133021e-12,3.5254980732707413e-12
Qwen2-5-7B-Instruct,matched|structure,embedded,region_western_europe,region,7,64,0.6944509564782493,0.734375,0.3145846438710578,0.5458656892182845,0.8381433215645339,0.12520533937705822,0.6648025326430798,50.0,13.0,1.0,0.23636987784993835,0.1548305824398994,0.3639862028027922,0.325831684662262,0.34375,-0.024029494990827533,-0.005499030053031961,0.03665134726484283,-0.031297578863399476,7.802998437280067e-06,2.4870360896475828e-11,8.221706154712058e-12,placebo_tok7,0.002266758695613332,3.5254980732707413e-12
Qwen2-5-7B-Instruct,matched,embedded,religion_muslim,religion,4,64,0.4064009774228907,0.328125,0.3012011211612844,0.5998542149970149,0.8455477049995651,0.12281355481828407,0.6621948927640915,32.0,30.0,2.0,-0.051680101205420215,0.0050494950264692,0.38436962293231075,0.2849474442846258,0.34375,-0.037413017700600903,0.048489495725698405,0.03163873808288052,-0.04015797609831944,0.5772676148044507,8.127116737322862e-07,3.5254980732707413e-12,placebo_tok4,0.9563226309371947,3.5254980732707413e-12
Qwen2-5-7B-Instruct,breadth,prefix,gender_man,gender,5,64,0.8110193428583443,0.8125,0.3913742839358747,0.34880366884075387,0.8199934893106169,0.13899234088846385,0.6530639939010143,63.0,0.0,1.0,0.3529382642300334,0.28750175796449184,0.27847756167715565,0.3529382642300334,0.328125,0.05276014507398939,-0.20256105043056255,0.04101420420343594,0.1733824810645891,5.168394813632259e-12,3.6998432835823674e-10,3.5254980732707413e-12,placebo_tok5,3.714343795027663e-07,3.5254980732707413e-12
Qwen2-5-7B-Instruct,breadth|matched,prefix,gender_woman,gender,5,64,0.8236392739927396,0.84375,0.3784936513984576,0.3783499402133198,0.817193144635615,0.13725462541746314,0.6509994119405746,63.0,1.0,0.0,0.3655581953644287,0.31843140721321106,0.28521354309319624,0.37165554190869443,0.359375,0.03987951253657225,-0.17301477905799661,0.04555224394765078,0.1779904525433448,1.0371575148763541e-11,2.6205527534855893e-10,3.5254980732707413e-12,placebo_tok5,3.464684317906493e-06,3.5254980732707413e-12
Qwen2-5-7B-Instruct,breadth,prefix,identity_arab,identity,4,64,0.8961956105194986,0.90625,0.4116430920548737,0.2765862189190752,0.827249240515539,0.1351688287365164,0.6540752146393061,64.0,0.0,0.0,0.43811453189118765,0.41866419371217484,0.31004047052599826,0.43811453189118765,0.421875,0.07302895319298838,-0.27477850035224116,0.037581948619607536,0.08649663455196323,3.5254980732707413e-12,3.2669949675155005e-11,3.5254980732707413e-12,placebo_tok4,8.646163351817685e-06,5.6108140597219407e-11
Qwen2-5-7B-Instruct,breadth,prefix,identity_european,identity,4,64,0.8506309302756563,0.859375,0.4057215558132157,0.3072658168935234,0.8240359889833498,0.13864799725753163,0.654102616943419,63.0,1.0,0.0,0.39254985164734535,0.31751425936818123,0.3062907102742222,0.3952534736308735,0.375,0.06710741695133035,-0.24409890237779303,0.03731601758063485,0.15884426959277947,5.924955731334488e-12,2.983567101888091e-11,3.5254980732707413e-12,placebo_tok4,0.00019424536559077945,4.284791341742641e-11
Qwen2-5-7B-Instruct,breadth,prefix,placebo_long,placebo,9,64,0.3837844258850964,0.328125,0.3457072866403905,0.48644239485409013,0.8149902537311546,0.13229111086030892,0.6500603770837188,25.0,36.0,3.0,-0.07429665274321451,-0.03076837252592665,0.4312408802525703,0.32490612472975045,0.40625,0.007093147778505219,-0.06492232441722623,0.05271859875518127,-0.10502335378697683,0.1399276783662121,,,placebo_tok9,,
Qwen2-5-7B-Instruct,breadth,prefix,placebo_mid,placebo,6,64,0.8331750045763329,0.875,0.393177465419285,0.35837598383472563,0.8192356362851477,0.13934685691135862,0.6528197405859828,61.0,2.0,1.0,0.37509392594802193,0.310204766690731,0.2949290086635507,0.3797468116681557,0.390625,0.054563326557399684,-0.19298873543659079,0.04141755164682732,0.09073217647682114,1.0594802375301527e-11,6.541293708694103e-11,3.5254980732707413e-12,,,
Qwen2-5-7B-Instruct,breadth,prefix,placebo_short,placebo,5,64,0.275181259859437,0.21875,0.3892298118284998,0.3977902610382337,0.8281551503978762,0.13056326183078606,0.6531566577032208,18.0,44.0,2.0,-0.18289981876887396,-0.07494618324562904,0.40607643632685764,0.3267468507533522,0.359375,0.05061567296661452,-0.15357445823308274,0.04128160149302036,-0.0037319412973125907,0.0018968516304789071,0.0013235551207298468,3.5254980732707413e-12,placebo_tok5,3.7421802974246286e-11,3.5254980732707413e-12
Qwen2-5-7B-Instruct,matched,prefix,placebo_tok4,placebo,4,64,0.7610295532504097,0.765625,0.39575212576892227,0.3501384334717262,0.8280207461597462,0.13620830922723115,0.6526559786871076,59.0,4.0,1.0,0.30294847462209873,0.2135612070560455,0.3232041705443763,0.3267324655025732,0.3125,0.05713798690703695,-0.20122628579959023,0.03577097143715161,0.15703917397709852,3.2835974912963515e-10,1.8449959492592572e-09,3.5254980732707413e-12,placebo_tok4,,
Qwen2-5-7B-Instruct,matched,prefix,placebo_tok5,placebo,5,64,0.6569563897210173,0.625,0.31973811966599897,0.5536654917643204,0.8278379450119004,0.13533819962448335,0.651430026628077,49.0,12.0,3.0,0.1988753110927064,0.1777804791927337,0.32521590130517014,0.2895426570030395,0.265625,-0.018876019195886346,0.0023007724930039913,0.03682385246858888,0.08897334920780291,9.661931433799577e-06,2.093078320136727e-06,3.5254980732707413e-12,placebo_tok5,,
Qwen2-5-7B-Instruct,matched,prefix,placebo_tok7,placebo,7,64,0.7399394458625466,0.734375,0.35274950764141977,0.4558471534398021,0.8195905291317716,0.1376561950529308,0.6516993576660752,60.0,4.0,0.0,0.28185836723423563,0.21251163259148595,0.26272742552971573,0.29320621988154016,0.25,0.014135368779534457,-0.09551756583151436,0.04275330392168697,0.22716501644670786,8.017452176693175e-11,1.1563170787057957e-09,3.5254980732707413e-12,placebo_tok7,,
Qwen2-5-7B-Instruct,matched,prefix,placebo_tok9,placebo,9,64,0.3837844258850964,0.328125,0.3457072866403905,0.48644239485409013,0.8149902537311546,0.13229111086030892,0.6500603770837188,25.0,36.0,3.0,-0.07429665274321451,-0.03076837252592665,0.4312408802525703,0.32490612472975045,0.40625,0.007093147778505219,-0.06492232441722623,0.05271859875518127,-0.10502335378697683,0.1399276783662121,,,placebo_tok9,,
Qwen2-5-7B-Instruct,breadth|matched,prefix,region_arab_culture,region,9,64,0.8420757482526824,0.875,0.4011588712455705,0.3091486775499006,0.7939214133474926,0.1335901152316562,0.6495803166180849,61.0,3.0,0.0,0.38399466962437145,0.33650377392768854,0.32685334104734753,0.40240199022809975,0.390625,0.06254473238368516,-0.2422160417214158,0.07248848987147563,0.2137828402611504,6.135538047114457e-11,1.3627030430129553e-10,3.5254980732707413e-12,placebo_tok9,1.3627030430129553e-10,3.5254980732707413e-12
Qwen2-5-7B-Instruct,breadth,prefix,region_indian_cultural_sphere,region,9,64,0.8405169186880812,0.875,0.40809731057379395,0.2967097241725037,0.7938585873491117,0.13399516091613406,0.6477833865210414,59.0,5.0,0.0,0.38243584005977027,0.3336181044578552,0.34811715101079466,0.40622880586306565,0.390625,0.06948317171190863,-0.2546549950988127,0.07214624594826827,0.15355732365531843,1.3039525693709222e-10,1.1425705442514923e-10,3.5254980732707413e-12,placebo_tok9,1.1425705442514923e-10,3.5254980732707413e-12
Qwen2-5-7B-Instruct,breadth,prefix,region_latin_america,region,7,64,0.839535882580094,0.859375,0.4037842435063794,0.3386772138667078,0.8045714953085588,0.1364659483183387,0.6498906007036567,62.0,2.0,0.0,0.3814548039517831,0.31302303075790405,0.3170983269524195,0.3866806840233039,0.375,0.0651701046444941,-0.21268750540460857,0.05896255066690485,0.1751817298268479,1.0867089947046e-11,1.4238700282542826e-10,3.5254980732707413e-12,placebo_tok7,0.0010034321297549267,3.5254980732707413e-12
Qwen2-5-7B-Instruct,breadth,prefix,region_north_america,region,7,64,0.8090969484765083,0.78125,0.3806537843775004,0.35405150966450916,0.8089969927421361,0.138651233260632,0.6510118525475264,63.0,1.0,0.0,0.3510158698481973,0.3168930932879448,0.30487090037993325,0.36476692496216856,0.328125,0.04203964551561509,-0.19731320960680732,0.052351758817443764,0.16882641164271486,2.7242503724548264e-11,3.741712729272129e-11,0.03515539166244162,placebo_tok7,0.00016426320271319575,3.5254980732707413e-12
Qwen2-5-7B-Instruct,breadth,prefix,region_oceania,region,8,64,0.8166135295759887,0.828125,0.3912267677951604,0.35309959227918286,0.8082311368285524,0.13584863354688945,0.6500281924381852,61.0,2.0,1.0,0.3585324509476777,0.2863128259778023,0.3074504777280269,0.3722704181855079,0.34375,0.05261262893327509,-0.19826512699213358,0.05592021888870203,0.12992959769553183,5.432003451079276e-11,2.6642815792712618e-11,3.8760163656571e-12,,,
Qwen2-5-7B-Instruct,breadth,prefix,region_sinosphere,region,9,64,0.8312017066637054,0.8125,0.3989869070937857,0.32518170536678215,0.8045168625222937,0.13337736255806554,0.6471563056111336,61.0,2.0,1.0,0.3731206280353945,0.31947699189186096,0.31887754592584683,0.3928629036236089,0.359375,0.06037276823190038,-0.22618301390453419,0.06210573824053579,0.1987270481500902,8.196316739969348e-11,1.6239164083719176e-10,3.5254980732707413e-12,placebo_tok9,1.6239164083719176e-10,3.5254980732707413e-12
Qwen2-5-7B-Instruct,breadth,prefix,region_sub_saharan_africa,region,9,64,0.9199145152233541,0.9375,0.430238897446543,0.2139680124094151,0.8036360022286466,0.13267317888900632,0.6498384177684784,63.0,1.0,0.0,0.46183343659504317,0.43754467368125916,0.3241823941505151,0.46281944270594977,0.453125,0.09162475858465766,-0.3373967068619014,0.06369079861683147,0.029099317764834636,4.260636381693887e-12,5.971213084494416e-12,3.5254980732707413e-12,placebo_tok9,5.971213084494416e-12,3.5254980732707413e-12
Qwen2-5-7B-Instruct,breadth|matched,prefix,region_western_europe,region,7,64,0.8442937739891931,0.828125,0.4038764397846535,0.2877346897334099,0.8061374900226831,0.13839780118619716,0.6502998154610395,63.0,1.0,0.0,0.3862126953608822,0.3453512452542782,0.33073017755964934,0.4096510624221992,0.375,0.06526230092276816,-0.2636300295379065,0.055464706406945175,0.17237510893110936,3.9151228482238555e-11,2.4870360896475828e-11,6.819856375950049e-12,placebo_tok7,1.0806242297709092e-05,3.5254980732707413e-12
Qwen2-5-7B-Instruct,breadth,prefix,religion_christian,religion,4,64,0.8946204680250958,0.9375,0.428311797673814,0.2755955790390246,0.8207997113418822,0.1384975877224291,0.6514293057844043,64.0,0.0,0.0,0.4365393893967848,0.4216648638248443,0.3145169540031758,0.4365393893967848,0.453125,0.08969765881192866,-0.2757691402322918,0.04070270209002261,0.013004407311200368,3.52501194414588e-12,9.575552802954846e-11,3.5254980732707413e-12,placebo_tok4,1.149231605296446e-05,3.5254980732707413e-12
Qwen2-5-7B-Instruct,breadth|matched,prefix,religion_muslim,religion,4,64,0.8237889077281579,0.8125,0.4125979073578492,0.2934076545817528,0.8250822923519108,0.1361785287258924,0.6540670553222299,61.0,3.0,0.0,0.365707829099847,0.24899938702583307,0.34463225104589845,0.38674249869654886,0.359375,0.07398376849596386,-0.2579570646895636,0.038739166854829185,0.0458583268945427,6.416779919017783e-11,1.6239164083719176e-10,3.5254980732707413e-12,placebo_tok4,0.0038271552799339467,3.5254980732707413e-12
Qwen2-5-7B-Instruct,structure,reworded,gender_man,gender,5,64,0.7892040945589542,0.8125,0.4125656709074974,0.31909937979034986,0.8027236313199083,0.1351078874955798,0.6504884017631412,60.0,3.0,1.0,0.3311230159306433,0.2310749292373657,0.31865293863298993,0.3484031461121049,0.359375,0.07395153204561208,-0.23226533948096661,0.0621684707192328,0.23595672843174467,1.3479228197136354e-10,3.4184264833734375e-11,3.696686092064686e-12,placebo_tok5,1.5523219682862166e-09,3.5254980732707413e-12
Qwen2-5-7B-Instruct,matched|structure,reworded,gender_woman,gender,5,64,0.849342864472419,0.875,0.4181916187517345,0.27797301361454285,0.8013288980466988,0.13135388694863845,0.6481604715809226,63.0,1.0,0.0,0.3912617858441081,0.32075661420822144,0.3411322905682808,0.41444041914655827,0.421875,0.07957747988984917,-0.27339170565677356,0.06731723056179084,0.11401620965293194,3.4184264833734375e-11,2.2700792012848116e-11,7.92303560021314e-06,placebo_tok5,1.8511238250479699e-10,3.5254980732707413e-12
Qwen2-5-7B-Instruct,structure,reworded,placebo_long,placebo,9,64,0.3124596049442516,0.3125,0.37046647245142594,0.4176130756728643,0.8035056543774544,0.12815704804656383,0.6486571067944169,18.0,44.0,2.0,-0.1456214736840593,-0.07888398473733099,0.44868618401278193,0.36419304205765,0.421875,0.031852333589540656,-0.13375164359845212,0.06833729871729649,-0.043466315634355455,0.006317831424156564,,,placebo_tok9,,
Qwen2-5-7B-Instruct,matched,reworded,placebo_tok4,placebo,4,64,0.641185111599043,0.640625,0.39460094715468585,0.3582726636771645,0.8151182416525417,0.1306524326497061,0.6508058281615376,49.0,15.0,0.0,0.18310403297073208,0.09121277183294295,0.42229564687293625,0.33175581545219757,0.375,0.05598680829280053,-0.19309205559415193,0.054229310036520345,0.11156646378287896,9.402969053181176e-05,3.3951744638964376e-10,3.5254980732707413e-12,placebo_tok4,,
Qwen2-5-7B-Instruct,matched,reworded,placebo_tok5,placebo,5,64,0.5856948352884501,0.578125,0.33593951468355954,0.5106323143176348,0.8129045217347305,0.1328705171876518,0.648856109008193,47.0,16.0,1.0,0.1276137566601392,0.0998861193656921,0.31239011239502185,0.24316711895517074,0.1875,-0.0026746241783257834,-0.04073240495368171,0.05422498931603826,0.14671001434859193,0.00012269051845427504,2.1101569529947866e-07,3.5254980732707413e-12,placebo_tok5,,
Qwen2-5-7B-Instruct,matched,reworded,placebo_tok7,placebo,7,64,0.6516133698751219,0.640625,0.3480493088136427,0.4938327886866555,0.807544888601506,0.1325424472182507,0.6501493770629168,51.0,12.0,1.0,0.19353229124681093,0.1653051897883415,0.274681886162394,0.249534336180659,0.21875,0.009435169951757399,-0.05753193058466094,0.059912693112641476,0.28062182363774835,3.390303509134113e-07,6.4460542352229e-09,3.5254980732707413e-12,placebo_tok7,,
Qwen2-5-7B-Instruct,matched,reworded,placebo_tok9,placebo,9,64,0.3124596049442516,0.3125,0.37046647245142594,0.4176130756728643,0.8035056543774544,0.12815704804656383,0.6486571067944169,18.0,44.0,2.0,-0.1456214736840593,-0.07888398473733099,0.44868618401278193,0.36419304205765,0.421875,0.031852333589540656,-0.13375164359845212,0.06833729871729649,-0.043466315634355455,0.006317831424156564,,,placebo_tok9,,
Qwen2-5-7B-Instruct,matched|structure,reworded,region_arab_culture,region,9,64,0.8732060316833667,0.90625,0.42520239466102794,0.2598273736248388,0.781409494836504,0.12920444125427122,0.6471244348213077,61.0,2.0,1.0,0.4151249530550558,0.3764941021800041,0.33323115615719845,0.42295476075378247,0.421875,0.08658825579914262,-0.29153734564647765,0.08938601207116692,0.19076183400866456,1.6996646982955713e-11,4.466736295633895e-12,3.5254980732707413e-12,placebo_tok9,4.466736295633895e-12,3.5254980732707413e-12
Qwen2-5-7B-Instruct,matched|structure,reworded,region_western_europe,region,7,64,0.8806303735473193,0.90625,0.4425348326913081,0.22077247690625212,0.7937262557563258,0.1328321840707295,0.6482688467949629,63.0,1.0,0.0,0.4225492949190084,0.4073462188243866,0.35868385556097576,0.4478304498188663,0.453125,0.10392069382942279,-0.3305922423650643,0.0734415627662765,0.07204020424536238,3.575824889915593e-11,8.614121606027472e-12,3.696686092064686e-12,placebo_tok7,3.0686965236877124e-09,3.5254980732707413e-12
Qwen2-5-7B-Instruct,matched,reworded,religion_muslim,religion,4,64,0.8357109901771764,0.8125,0.43297335977695184,0.21872918226821425,0.8057986147199888,0.13162951880888252,0.653812781907618,61.0,3.0,0.0,0.3776299115488655,0.2732120342552662,0.36423127841018393,0.4072475991342799,0.359375,0.09435922091506652,-0.33263553700310217,0.06257188263277075,0.05453546413519756,1.2479751925932432e-10,4.6826003673837956e-12,3.696686092064686e-12,placebo_tok4,5.443398683987521e-07,3.5254980732707413e-12
Qwen2-5-7B-Instruct,structure,suffix,gender_man,gender,5,64,0.2506638991035288,0.171875,0.3170878568344051,0.5689052907186276,0.740457970315902,0.1336927603045,0.6526613272726536,7.0,56.0,1.0,-0.2074171795247821,-0.1223991103470325,0.22317383861512444,0.22653777855157387,0.3125,-0.021526282027480182,0.01754057144731115,0.12584931486104622,-0.18561256501419124,1.2065109794120125e-09,3.33613604224643e-07,3.5254980732707413e-12,placebo_tok5,1.810736867524574e-10,3.8760163656571e-12
Qwen2-5-7B-Instruct,matched|structure,suffix,gender_woman,gender,5,64,0.252440440657665,0.15625,0.31091218888468575,0.571552250613355,0.7314072246083065,0.13359122474564755,0.6531202020123601,5.0,55.0,4.0,-0.2056406379706459,-0.15429580584168429,0.2354115677730438,0.231028311260161,0.328125,-0.027701949977199526,0.02018753134203859,0.13500158574141802,-0.21109152157512764,3.3927971884776727e-09,1.2970214307931016e-06,3.5254980732707413e-12,placebo_tok5,1.0027591843543313e-09,3.5254980732707413e-12
Qwen2-5-7B-Instruct,structure,suffix,placebo_long,placebo,9,64,0.3939146845950745,0.328125,0.2508137040422298,0.7137354776999589,0.7221902512347365,0.12775276962548887,0.6548751313239336,25.0,38.0,1.0,-0.06416639403323643,-0.04093194939196105,0.2698113940109552,0.2086021427239757,0.28125,-0.08780043481965549,0.16237075842864251,0.15005698350093838,0.0022780868655374402,0.05745798154412982,,,placebo_tok9,,
Qwen2-5-7B-Instruct,matched,suffix,placebo_tok4,placebo,4,64,0.42686838065856136,0.34375,0.2428819689375814,0.752823812950888,0.7453036901898553,0.1260162334495369,0.6525347614660859,34.0,27.0,3.0,-0.03121269796974958,0.014547331258654551,0.29249570093466,0.2122870868188329,0.265625,-0.09573216992430389,0.20145909367957154,0.12868007189046982,-0.08728005404059018,0.8377978577766637,0.04133950084434353,3.5254980732707413e-12,placebo_tok4,,
Qwen2-5-7B-Instruct,matched,suffix,placebo_tok5,placebo,5,64,0.3985087133041816,0.359375,0.26913150334439706,0.6665723103737525,0.7473764869998809,0.13413789607568904,0.6523903561756015,17.0,43.0,4.0,-0.05957236532412933,-0.034820567816495854,0.14213298691864032,0.11024559715588109,0.125,-0.06948263551748823,0.1152075911024361,0.11848555528831062,-0.13353941310272355,0.001777919777389605,0.7293462160429193,3.5254980732707413e-12,placebo_tok5,,
Qwen2-5-7B-Instruct,matched,suffix,placebo_tok7,placebo,7,64,0.430633118347032,0.34375,0.2372598108195234,0.7315749955884148,0.7473227054013841,0.1334672303552346,0.6550835985690355,31.0,32.0,1.0,-0.02744796028127895,-0.00188687443733215,0.2279263551954901,0.17266001109965146,0.234375,-0.10135432804236189,0.1802102763170984,0.11921004172475329,0.018030084488550095,0.49358726454208224,0.1140563012224782,3.5254980732707413e-12,placebo_tok7,,
Qwen2-5-7B-Instruct,matched,suffix,placebo_tok9,placebo,9,64,0.3939146845950745,0.328125,0.2508137040422298,0.7137354776999589,0.7221902512347365,0.12775276962548887,0.6548751313239336,25.0,38.0,1.0,-0.06416639403323643,-0.04093194939196105,0.2698113940109552,0.2086021427239757,0.28125,-0.08780043481965549,0.16237075842864251,0.15005698350093838,0.0022780868655374402,0.05745798154412982,,,placebo_tok9,,
Qwen2-5-7B-Instruct,matched|structure,suffix,region_arab_culture,region,9,64,0.10389877739635263,0.03125,0.41398666915210924,0.35796898732681537,0.6981153142008273,0.12741607619627915,0.6533987941220403,5.0,59.0,0.0,-0.35418230123195826,-0.27875489741563797,0.31571783959435934,0.3561448715890947,0.453125,0.07537253029022396,-0.19339573194450105,0.1744686412427233,-0.2057123233998861,9.9034474820671e-12,5.423478845876456e-12,3.5254980732707413e-12,placebo_tok9,5.423478845876456e-12,3.5254980732707413e-12
Qwen2-5-7B-Instruct,matched|structure,suffix,region_western_europe,region,7,64,0.21872315892687766,0.0625,0.3150641120810178,0.5678945245539074,0.7150444750365683,0.13649838805098144,0.6554396143183112,9.0,54.0,1.0,-0.23935791970143327,-0.18263682723045344,0.25664363487336134,0.26311882391019026,0.421875,-0.02355002678086747,0.016529805282591,0.14845717389790375,-0.18881359056380115,5.017004331412286e-09,6.607809954486389e-10,0.060218715468870546,placebo_tok7,1.7638811947600114e-10,3.5254980732707413e-12
Qwen2-5-7B-Instruct,matched,suffix,religion_muslim,religion,4,64,0.1257983916489138,0.09375,0.4530847440423713,0.2103467951141076,0.7398135474208846,0.12149685964674414,0.6598570616915822,7.0,56.0,1.0,-0.3322826869793971,-0.1776786248665303,0.4021538079931939,0.38824148397043245,0.453125,0.11447060518048602,-0.3410179241572088,0.13868965045613513,-0.06820367240082012,6.6850822235498086e-09,1.0872101764904861e-08,4.06386776458881e-12,placebo_tok4,4.869641687434642e-09,7.669596820068871e-11
