variant,condition,n,mean_P_yes,pct_pred_offensive,items_up,items_down,items_flat,mean_signed_delta,median_signed_delta,sd_signed_delta,mean_abs_delta,flip_rate,mean_margin,mean_delta_margin,mean_pred_entropy,mean_delta_entropy,attn_demographic_norm,attn_instruction_norm,attn_item_text_norm,attn_sink_raw,p_delta_vs_zero,p_delta_vs_placebo,p_attn_vs_placebo
prefix,baseline (no prefix),100,0.7320872847735882,0.79,,,,,,,,,0.3461060769855976,,0.5160228107656001,,,0.8668660815258679,0.1331339184741321,0.7980806543212384,,,
prefix,gender_man,100,0.7949439775198698,0.83,71.0,23.0,6.0,0.06285669274628161,0.0255573689937591,0.13713208554079626,0.09838023416697976,0.04,0.35138888843357563,0.005282811447978022,0.47983073738232335,-0.03619207338327683,0.05921081018292121,0.8099158475639499,0.1308733422531283,0.7876923358812928,1.6440474726106742e-06,2.1346717277198577e-13,3.89655984509591e-18
prefix,gender_woman,100,0.7818634061515332,0.83,59.0,35.0,6.0,0.04977612137794494,0.0189169049263,0.17263259929993335,0.11624807029962536,0.12,0.335153353959322,-0.010952723026275639,0.518148477445306,0.0021256666797058667,0.06339685192806785,0.8070849126451191,0.12951823542681265,0.7861713733058423,0.014018800192684597,1.1886959985934782e-11,3.89655984509591e-18
prefix,region_western_europe,100,0.8304944986850024,0.87,77.0,20.0,3.0,0.09840721391141415,0.03832039237022395,0.16327655824535484,0.12649425752460952,0.1,0.3552780132740736,0.00917193628847598,0.4568548592187564,-0.059167951546843824,0.07090633637074852,0.7986782913814333,0.13041537224781766,0.784530133670196,4.437851824822698e-09,4.458410882288447e-16,1.4146791640488984e-17
prefix,region_arab_culture,100,0.843342699110508,0.92,75.0,25.0,0.0,0.11125541433691978,0.04833784699439995,0.2160824386443018,0.16494339749217032,0.17,0.36145885437726977,0.015352777391672129,0.4576848995869053,-0.058337911178694794,0.09691624076430966,0.7631712872571293,0.13991247197856058,0.7798145597334951,8.796504717263665e-07,4.227840163064393e-15,3.89655984509591e-18
prefix,placebo,100,0.6538732875138521,0.71,31.0,67.0,2.0,-0.07821399725973606,-0.045123785734176594,0.1553832335768581,0.12580085717141626,0.1,0.29496795885264876,-0.051138118132948863,0.6420593861303093,0.12603657536470922,0.07770974415953051,0.783543093696589,0.13874716214388014,0.7785507498122751,2.6396251978084768e-06,,
reworded,baseline (no prefix),100,0.7320872847735882,0.79,,,,,,,,,0.3461060769855976,,0.5160228107656001,,,0.8668660815258679,0.1331339184741321,0.7980806543212384,,,
reworded,gender_man,100,0.7774885903298855,0.83,65.0,31.0,4.0,0.04540130555629728,0.0215300023555755,0.13612321282240172,0.09621613144874569,0.06,0.34610499516129495,-1.081824302668899e-06,0.49107230238317956,-0.024950508382420532,0.07515021428038793,0.79688300702515,0.1279667786944615,0.7846279233926907,0.0012281895052451163,2.9322587462155515e-14,3.89655984509591e-18
reworded,gender_woman,100,0.7488199148699641,0.77,50.0,46.0,4.0,0.016732630096375944,0.00188684463500975,0.16391003294674447,0.1120051463320851,0.08,0.3241476025059819,-0.02195847447961569,0.5516021644769674,0.0355793537113673,0.07849248685452086,0.7947560329967976,0.12675148014868123,0.7838854174595327,0.5201193856140054,5.4299765470041524e-12,3.89655984509591e-18
reworded,region_western_europe,100,0.8079305551946163,0.86,70.0,26.0,4.0,0.07584327042102813,0.021061360836029,0.16127030822730956,0.1176501056551933,0.11,0.3423520900309086,-0.0037539869546890383,0.498654134197579,-0.017368676568021137,0.08283637871272362,0.7905736742653083,0.12658994702196763,0.783551155840978,8.47488826663018e-06,1.0418554804671241e-16,6.848674378293117e-16
reworded,region_arab_culture,100,0.8191971193253994,0.91,69.0,29.0,2.0,0.08710983455181122,0.0315194725990295,0.21270076598406373,0.15474767088890076,0.18,0.34655561938881874,0.00044954240322113035,0.49770981430955014,-0.018312996456050036,0.11267440877092297,0.75284646177234,0.13447912945673632,0.7799807401746511,4.7409117792964964e-05,1.3961246763785968e-15,3.89655984509591e-18
reworded,placebo,100,0.6200134153850376,0.71,20.0,75.0,5.0,-0.1120738693885505,-0.0929995775222778,0.16317716676481056,0.1492370642535388,0.1,0.27035015387460587,-0.07575592311099172,0.6923207981804569,0.17629798741485683,0.0886154635910664,0.7763733146154589,0.13501122179347444,0.7780982473772019,1.756802397010393e-09,,
suffix,baseline (no prefix),100,0.7320872847735882,0.79,,,,,,,,,0.3461060769855976,,0.5160228107656001,,,0.8668660815258679,0.1331339184741321,0.7980806543212384,,,
suffix,gender_man,100,0.47329024598002434,0.47,0.0,100.0,0.0,-0.25879703879356386,-0.20188125967979426,0.18689910670367935,0.25879703879356386,0.32,0.2849590666592121,-0.06114701032638548,0.6659333396018706,0.14991052883627062,0.14335870997308311,0.7335412068530124,0.12310008317390402,0.784635199168697,3.895021439772566e-18,7.062769253711159e-15,6.311606041551027e-18
suffix,gender_woman,100,0.4478608291130513,0.45,2.0,98.0,0.0,-0.2842264556605369,-0.2509523630142212,0.1967494381640362,0.286987547846511,0.34,0.27384016347117723,-0.07226591351442037,0.6868188272587906,0.17079601649319048,0.15505857767950118,0.7230000822336295,0.12194134008686885,0.7834936100430787,8.776426502011832e-18,9.059888327966527e-14,3.2920219242658154e-07
suffix,region_western_europe,100,0.5630643301084638,0.6,6.0,93.0,1.0,-0.1690229546651244,-0.1480907797813415,0.14809778540499316,0.17585341941565275,0.19,0.25158492993563414,-0.09452114704996348,0.7429155861209634,0.2268927753553633,0.15358192003565635,0.725192831792744,0.1212252481715991,0.7832102501904592,1.395917286400473e-16,8.732476844690834e-17,3.6218683262649065e-11
suffix,region_arab_culture,100,0.47110636381898074,0.48,3.0,96.0,1.0,-0.26098092095460745,-0.23572401702404017,0.20422322330374765,0.26780213685240595,0.31,0.275110200359486,-0.07099587662611155,0.6809688023554318,0.16494599158983145,0.19074808382317834,0.6897334832570704,0.11951843291975078,0.7832666868390515,5.44256101392768e-17,1.237544163367903e-12,3.89655984509591e-18
suffix,placebo,100,0.30391982971457765,0.3,0.0,100.0,0.0,-0.42816745505901055,-0.41493797302246094,0.22697006542755577,0.42816745505901055,0.49,0.30834233821602536,-0.037763738769572196,0.5749387203929848,0.05891590962738463,0.16131461807533082,0.7119534528263907,0.12673192909827805,0.782484741723165,3.895680685825538e-18,,
embedded,baseline (no prefix),100,0.7320872847735882,0.79,,,,,,,,,0.3461060769855976,,0.5160228107656001,,,0.8668660815258679,0.1331339184741321,0.7980806543212384,,,
embedded,gender_man,100,0.5644715528155211,0.58,16.0,81.0,3.0,-0.16761573195806703,-0.1349996924400329,0.19305016379324713,0.18846701667062007,0.21,0.2809473796223756,-0.065158697363222,0.672815671516388,0.15679286075078788,0.02456995200786928,0.8489623047687991,0.1264677432233311,0.8022491245390847,1.0719362354447193e-12,3.89655984509591e-18,3.89655984509591e-18
embedded,gender_woman,100,0.5827662761241663,0.57,29.0,69.0,2.0,-0.14932100864942185,-0.06864035129547115,0.2621201019576031,0.2176056793599855,0.26,0.29449625420267694,-0.05160982278292066,0.6232559297235906,0.1072331189579903,0.02765012743005222,0.8472865394664615,0.12506333310348583,0.8014328183792532,5.680266277401692e-07,7.496175189842477e-18,3.89655984509591e-18
embedded,region_western_europe,100,0.739179317355156,0.82,46.0,49.0,5.0,0.0070920325815677695,0.0,0.1801889674231538,0.12540932551026343,0.13,0.29226846754550934,-0.05383760944008827,0.6370985505866495,0.12107573982104934,0.0390520203149831,0.8380048707183667,0.12294310896664971,0.7989567853929475,0.8064688305033275,3.896340037647931e-18,1.5003772862159897e-15
embedded,region_arab_culture,100,0.7069935529865324,0.77,48.0,50.0,2.0,-0.025093731787055734,-0.00212049484252925,0.2707094013027506,0.19500896295532585,0.22,0.3256513888202608,-0.020454688165336847,0.5671135687607687,0.051090757995168545,0.0529993292383394,0.825750806779637,0.12124986398202335,0.7989426447916776,0.39901858465901197,6.906288434011722e-18,3.89655984509591e-18
embedded,placebo,100,0.18515135723475395,0.15,0.0,100.0,0.0,-0.5469359275388342,-0.5781488493084908,0.27452428255196715,0.5469359275388342,0.64,0.36621710461255136,0.02011102762695376,0.4119229054134406,-0.10409990535215952,0.04285483854033232,0.8356401955509053,0.1215049659087619,0.8009796902677044,3.89546092538984e-18,,
