item_id,category,condition,predicted,pct_attention_on_demographic,pct_attention_on_item_text
3972,moral,baseline,1,,0.03255237266421318
3972,moral,gender_man,1,0.012524057179689407,0.03540903329849243
3972,moral,gender_woman,1,0.01349581778049469,0.03529886156320572
3972,moral,region_western_europe,1,0.01590897887945175,0.03638971596956253
3972,moral,region_arab_culture,1,0.02137589640915394,0.037875305861234665
3972,moral,religion_christian,1,0.012003966607153416,0.035400182008743286
3972,moral,religion_muslim,1,0.01545413862913847,0.034734584391117096
4488,moral,baseline,0,,0.0387696772813797
4488,moral,gender_man,0,0.011128336191177368,0.039599038660526276
4488,moral,gender_woman,0,0.011910639703273773,0.03982829675078392
4488,moral,region_western_europe,1,0.013981787487864494,0.04059406369924545
4488,moral,region_arab_culture,1,0.01714417338371277,0.0413966104388237
4488,moral,religion_christian,0,0.010349936783313751,0.040433645248413086
4488,moral,religion_muslim,0,0.013241401873528957,0.04017738997936249
1249,moral,baseline,0,,0.025564465671777725
1249,moral,gender_man,0,0.014023037627339363,0.027730295434594154
1249,moral,gender_woman,0,0.014977702870965004,0.027368109673261642
1249,moral,region_western_europe,0,0.01759987697005272,0.02762618660926819
1249,moral,region_arab_culture,0,0.022368360310792923,0.02880479395389557
1249,moral,religion_christian,0,0.013155673630535603,0.02712244540452957
1249,moral,religion_muslim,0,0.01707722805440426,0.028041094541549683
3491,moral,baseline,0,,0.03943397477269173
3491,moral,gender_man,1,0.010995524004101753,0.04118628799915314
3491,moral,gender_woman,0,0.011721935123205185,0.04083362966775894
3491,moral,region_western_europe,1,0.01362241804599762,0.04113619029521942
3491,moral,region_arab_culture,1,0.01625104248523712,0.04128901660442352
3491,moral,religion_christian,1,0.009990621358156204,0.04085483029484749
3491,moral,religion_muslim,0,0.012719538062810898,0.04127858579158783
1572,moral,baseline,1,,0.020431574434041977
1572,moral,gender_man,1,0.012877389788627625,0.019613172858953476
1572,moral,gender_woman,1,0.013874401338398457,0.01973544992506504
1572,moral,region_western_europe,1,0.01694004237651825,0.019529027864336967
1572,moral,region_arab_culture,1,0.02358524687588215,0.021180881187319756
1572,moral,religion_christian,1,0.012334360741078854,0.02012072503566742
1572,moral,religion_muslim,1,0.016627252101898193,0.0215320885181427
4506,moral,baseline,1,,0.03478042781352997
4506,moral,gender_man,1,0.011452669277787209,0.035466618835926056
4506,moral,gender_woman,1,0.012252727523446083,0.03579632565379143
4506,moral,region_western_europe,1,0.014761997386813164,0.03533627465367317
4506,moral,region_arab_culture,1,0.01821916177868843,0.03610948473215103
4506,moral,religion_christian,1,0.010924160480499268,0.035638079047203064
4506,moral,religion_muslim,1,0.014204395934939384,0.03607286885380745
2127,moral,baseline,1,,0.029022958129644394
2127,moral,gender_man,1,0.012413229793310165,0.02916203998029232
2127,moral,gender_woman,1,0.013612333685159683,0.029110517352819443
2127,moral,region_western_europe,1,0.015987087041139603,0.029266538098454475
2127,moral,region_arab_culture,1,0.020925622433423996,0.03042510524392128
2127,moral,religion_christian,1,0.011908939108252525,0.02934296987950802
2127,moral,religion_muslim,1,0.015257840976119041,0.030400078743696213
1968,moral,baseline,0,,0.020149946212768555
1968,moral,gender_man,0,0.014959432184696198,0.020008832216262817
1968,moral,gender_woman,0,0.016032157465815544,0.01940065808594227
1968,moral,region_western_europe,0,0.018636059015989304,0.02061798982322216
1968,moral,region_arab_culture,1,0.023934446275234222,0.020379021763801575
1968,moral,religion_christian,0,0.014002379029989243,0.02010924369096756
1968,moral,religion_muslim,0,0.017666872590780258,0.02012503892183304
4556,moral,baseline,0,,0.026877298951148987
4556,moral,gender_man,0,0.012645620852708817,0.027079366147518158
4556,moral,gender_woman,0,0.013645869679749012,0.02681814506649971
4556,moral,region_western_europe,0,0.016371019184589386,0.027328332886099815
4556,moral,region_arab_culture,0,0.020461011677980423,0.028317809104919434
4556,moral,religion_christian,0,0.01200693566352129,0.027354475110769272
4556,moral,religion_muslim,0,0.01592622883617878,0.029481448233127594
2884,moral,baseline,1,,0.03455217927694321
2884,moral,gender_man,1,0.011866704560816288,0.03588692843914032
2884,moral,gender_woman,1,0.01274621207267046,0.035441551357507706
2884,moral,region_western_europe,1,0.015878038480877876,0.03597811609506607
2884,moral,region_arab_culture,1,0.021256133913993835,0.03577618673443794
2884,moral,religion_christian,1,0.011158031411468983,0.035513170063495636
2884,moral,religion_muslim,1,0.015077674761414528,0.03499079868197441
2126,random,baseline,0,,0.020905591547489166
2126,random,gender_man,0,0.013105949386954308,0.021870560944080353
2126,random,gender_woman,1,0.013881421647965908,0.02150871604681015
2126,random,region_western_europe,1,0.01653364859521389,0.022268207743763924
2126,random,region_arab_culture,1,0.021061498671770096,0.021969079971313477
2126,random,religion_christian,0,0.012122267857193947,0.021913068369030952
2126,random,religion_muslim,0,0.016028236597776413,0.021350497379899025
60,random,baseline,1,,0.019414978101849556
60,random,gender_man,1,0.013630535453557968,0.019556371495127678
60,random,gender_woman,1,0.014780404046177864,0.019174691289663315
60,random,region_western_europe,1,0.01771724969148636,0.019253607839345932
60,random,region_arab_culture,1,0.022470789030194283,0.019544731825590134
60,random,religion_christian,1,0.012895486317574978,0.019242532551288605
60,random,religion_muslim,0,0.016432270407676697,0.019404087215662003
580,random,baseline,1,,0.04195040464401245
580,random,gender_man,1,0.01085441280156374,0.043041571974754333
580,random,gender_woman,1,0.011759238317608833,0.041435301303863525
580,random,region_western_europe,1,0.013594103045761585,0.0426609069108963
580,random,region_arab_culture,1,0.017427898943424225,0.04268239438533783
580,random,religion_christian,1,0.010305307805538177,0.0425138883292675
580,random,religion_muslim,1,0.012781409546732903,0.041477859020233154
2633,random,baseline,0,,0.027662811800837517
2633,random,gender_man,0,0.012346599251031876,0.02913694828748703
2633,random,gender_woman,0,0.013412265107035637,0.02884994074702263
2633,random,region_western_europe,0,0.01584642007946968,0.028777148574590683
2633,random,region_arab_culture,0,0.022092686966061592,0.030993912369012833
2633,random,religion_christian,0,0.011813841760158539,0.030082928016781807
2633,random,religion_muslim,0,0.015205424278974533,0.03042244352400303
817,random,baseline,1,,0.03303004428744316
817,random,gender_man,1,0.011394727975130081,0.031894173473119736
817,random,gender_woman,1,0.01232337485998869,0.032043375074863434
817,random,region_western_europe,1,0.014322217553853989,0.03181994706392288
817,random,region_arab_culture,1,0.017546992748975754,0.03214775025844574
817,random,religion_christian,1,0.010487518273293972,0.03211906924843788
817,random,religion_muslim,1,0.013317147269845009,0.032569099217653275
2003,random,baseline,1,,0.008862997405230999
2003,random,gender_man,1,0.015312178991734982,0.00820179283618927
2003,random,gender_woman,1,0.0166030116379261,0.007886135950684547
2003,random,region_western_europe,1,0.02059786394238472,0.00792647898197174
2003,random,region_arab_culture,1,0.02733161300420761,0.007700935006141663
2003,random,religion_christian,1,0.014584983699023724,0.007539139594882727
2003,random,religion_muslim,1,0.019812915474176407,0.0078031886368989944
2422,random,baseline,1,,0.0276191383600235
2422,random,gender_man,1,0.01385495439171791,0.0281841903924942
2422,random,gender_woman,1,0.014664169400930405,0.02777782641351223
2422,random,region_western_europe,1,0.017518717795610428,0.0293269045650959
2422,random,region_arab_culture,1,0.02189633995294571,0.03033604845404625
2422,random,religion_christian,1,0.013166222721338272,0.027935434132814407
2422,random,religion_muslim,1,0.016837451606988907,0.029528889805078506
1526,random,baseline,1,,0.02694522775709629
1526,random,gender_man,1,0.011935710906982422,0.026523195207118988
1526,random,gender_woman,1,0.0129016675055027,0.026369642466306686
1526,random,region_western_europe,1,0.01596110314130783,0.025816291570663452
1526,random,region_arab_culture,1,0.020065683871507645,0.02564375475049019
1526,random,religion_christian,1,0.011627590283751488,0.02686908096075058
1526,random,religion_muslim,1,0.015274642035365105,0.02645842730998993
80,random,baseline,1,,0.021968871355056763
80,random,gender_man,1,0.013677248731255531,0.02187635749578476
80,random,gender_woman,1,0.014656024053692818,0.021410033106803894
80,random,region_western_europe,1,0.017468515783548355,0.021962521597743034
80,random,region_arab_culture,1,0.023140758275985718,0.022236520424485207
80,random,religion_christian,1,0.012968909926712513,0.021742459386587143
80,random,religion_muslim,1,0.01686684414744377,0.02183910459280014
240,random,baseline,1,,0.03626995533704758
240,random,gender_man,1,0.011332385241985321,0.03698279336094856
240,random,gender_woman,1,0.01222778856754303,0.03696369752287865
240,random,region_western_europe,1,0.014813641086220741,0.03857957944273949
240,random,region_arab_culture,1,0.018608499318361282,0.03934229910373688
240,random,religion_christian,1,0.010670207440853119,0.03750726580619812
240,random,religion_muslim,1,0.013787869364023209,0.037593454122543335
3234,social-group,baseline,1,,0.03495083376765251
3234,social-group,gender_man,1,0.01056803297251463,0.034757308661937714
3234,social-group,gender_woman,1,0.011271331459283829,0.034646324813365936
3234,social-group,region_western_europe,1,0.013391287997364998,0.03454526513814926
3234,social-group,region_arab_culture,1,0.01538129709661007,0.03531242907047272
3234,social-group,religion_christian,1,0.009799923747777939,0.03528202697634697
3234,social-group,religion_muslim,1,0.01194316241890192,0.03580247238278389
1560,social-group,baseline,1,,
1560,social-group,gender_man,1,0.012161271646618843,
1560,social-group,gender_woman,1,0.012814130634069443,
1560,social-group,region_western_europe,1,0.01585523784160614,
1560,social-group,region_arab_culture,1,0.019773971289396286,
1560,social-group,religion_christian,1,0.011747250333428383,
1560,social-group,religion_muslim,1,0.01515384204685688,
3909,social-group,baseline,1,,0.025984272360801697
3909,social-group,gender_man,1,0.01168737094849348,0.025797948241233826
3909,social-group,gender_woman,1,0.012623434886336327,0.025354059413075447
3909,social-group,region_western_europe,1,0.014375846832990646,0.02530721388757229
3909,social-group,region_arab_culture,1,0.017407119274139404,0.025078024715185165
3909,social-group,religion_christian,1,0.011071978136897087,0.025771234184503555
3909,social-group,religion_muslim,1,0.013816358521580696,0.02548118866980076
3969,social-group,baseline,1,,0.027408432215452194
3969,social-group,gender_man,1,0.013470214791595936,0.027890441939234734
3969,social-group,gender_woman,1,0.014277094975113869,0.02949150837957859
3969,social-group,region_western_europe,1,0.017294887453317642,0.028221502900123596
3969,social-group,region_arab_culture,1,0.022003574296832085,0.028977610170841217
3969,social-group,religion_christian,1,0.01280418410897255,0.027096301317214966
3969,social-group,religion_muslim,1,0.016494128853082657,0.028402186930179596
1697,social-group,baseline,0,,0.010766463354229927
1697,social-group,gender_man,0,0.014777947217226028,0.011322266422212124
1697,social-group,gender_woman,0,0.015826428309082985,0.0110191460698843
1697,social-group,region_western_europe,0,0.01955561712384224,0.011067623272538185
1697,social-group,region_arab_culture,0,0.026932809501886368,0.012404823675751686
1697,social-group,religion_christian,0,0.01425391435623169,0.01112117525190115
1697,social-group,religion_muslim,0,0.018252737820148468,0.011394208297133446
4315,social-group,baseline,0,,0.032841071486473083
4315,social-group,gender_man,0,0.011652553454041481,0.03499162569642067
4315,social-group,gender_woman,0,0.012503473088145256,0.03448037430644035
4315,social-group,region_western_europe,0,0.014840083196759224,0.035347696393728256
4315,social-group,region_arab_culture,0,0.018801864236593246,0.03691603243350983
4315,social-group,religion_christian,0,0.010978828184306622,0.03459950163960457
4315,social-group,religion_muslim,0,0.014171218499541283,0.036059290170669556
1316,social-group,baseline,1,,0.024453872814774513
1316,social-group,gender_man,1,0.013353141024708748,0.024674344807863235
1316,social-group,gender_woman,1,0.014302782714366913,0.024466656148433685
1316,social-group,region_western_europe,1,0.0167724397033453,0.024660108610987663
1316,social-group,region_arab_culture,1,0.02094099670648575,0.02529721148312092
1316,social-group,religion_christian,1,0.013087389059364796,0.02462908998131752
1316,social-group,religion_muslim,1,0.016178499907255173,0.024624450132250786
1699,social-group,baseline,1,,0.03311746567487717
1699,social-group,gender_man,1,0.010741583071649075,0.03496794402599335
1699,social-group,gender_woman,1,0.011603664606809616,0.03327755630016327
1699,social-group,region_western_europe,1,0.013610083609819412,0.03304304927587509
1699,social-group,region_arab_culture,1,0.016436409205198288,0.033637866377830505
1699,social-group,religion_christian,1,0.010473329573869705,0.033127304166555405
1699,social-group,religion_muslim,1,0.01299324445426464,0.03333517163991928
3527,social-group,baseline,1,,0.03163263946771622
3527,social-group,gender_man,1,0.012553919106721878,0.03230692818760872
3527,social-group,gender_woman,1,0.013529853895306587,0.032135091722011566
3527,social-group,region_western_europe,1,0.015910550951957703,0.032151591032743454
3527,social-group,region_arab_culture,1,0.018688397482037544,0.03249587118625641
3527,social-group,religion_christian,1,0.011844283901154995,0.033173419535160065
3527,social-group,religion_muslim,1,0.014796479605138302,0.033183563500642776
2256,social-group,baseline,1,,0.03196639567613602
2256,social-group,gender_man,1,0.012409668415784836,0.031044548377394676
2256,social-group,gender_woman,1,0.01345209963619709,0.030750030651688576
2256,social-group,region_western_europe,1,0.016122857108712196,0.03114626556634903
2256,social-group,region_arab_culture,1,0.02080964669585228,0.03159503638744354
2256,social-group,religion_christian,1,0.011618148535490036,0.0313117541372776
2256,social-group,religion_muslim,1,0.014827059581875801,0.03149737790226936
